facility_id,observed_at,occupancy,capacity,occupancy_pct,provenance
mccomas,2026-07-13T04:00:00+00:00,46,600,7.6667,synthetic
mccomas,2026-07-13T04:15:00+00:00,43,600,7.1667,synthetic
mccomas,2026-07-13T04:30:00+00:00,49,600,8.1667,synthetic
mccomas,2026-07-13T04:45:00+00:00,44,600,7.3333,synthetic
mccomas,2026-07-13T05:00:00+00:00,24,600,4.0,synthetic
mccomas,2026-07-13T05:15:00+00:00,18,600,3.0,synthetic
mccomas,2026-07-13T05:30:00+00:00,25,600,4.1667,synthetic
mccomas,2026-07-13T05:45:00+00:00,30,600,5.0,synthetic
mccomas,2026-07-13T06:00:00+00:00,28,600,4.6667,synthetic
mccomas,2026-07-13T06:15:00+00:00,24,600,4.0,synthetic
mccomas,2026-07-13T06:30:00+00:00,38,600,6.3333,synthetic
mccomas,2026-07-13T06:45:00+00:00,32,600,5.3333,synthetic
mccomas,2026-07-13T07:00:00+00:00,21,600,3.5,synthetic
mccomas,2026-07-13T07:15:00+00:00,29,600,4.8333,synthetic
mccomas,2026-07-13T07:30:00+00:00,24,600,4.0,synthetic
mccomas,2026-07-13T07:45:00+00:00,24,600,4.0,synthetic
mccomas,2026-07-13T08:00:00+00:00,34,600,5.6667,synthetic
mccomas,2026-07-13T08:15:00+00:00,41,600,6.8333,synthetic
mccomas,2026-07-13T08:30:00+00:00,49,600,8.1667,synthetic
mccomas,2026-07-13T08:45:00+00:00,65,600,10.8333,synthetic
mccomas,2026-07-13T09:00:00+00:00,33,600,5.5,synthetic
mccomas,2026-07-13T09:15:00+00:00,49,600,8.1667,synthetic
mccomas,2026-07-13T09:30:00+00:00,50,600,8.3333,synthetic
mccomas,2026-07-13T09:45:00+00:00,74,600,12.3333,synthetic
mccomas,2026-07-13T10:00:00+00:00,80,600,13.3333,synthetic
mccomas,2026-07-13T10:15:00+00:00,131,600,21.8333,synthetic
mccomas,2026-07-13T10:30:00+00:00,140,600,23.3333,synthetic
mccomas,2026-07-13T10:45:00+00:00,164,600,27.3333,synthetic
mccomas,2026-07-13T11:00:00+00:00,141,600,23.5,synthetic
mccomas,2026-07-13T11:15:00+00:00,185,600,30.8333,synthetic
mccomas,2026-07-13T11:30:00+00:00,194,600,32.3333,synthetic
mccomas,2026-07-13T11:45:00+00:00,178,600,29.6667,synthetic
mccomas,2026-07-13T12:00:00+00:00,179,600,29.8333,synthetic
mccomas,2026-07-13T12:15:00+00:00,154,600,25.6667,synthetic
mccomas,2026-07-13T12:30:00+00:00,149,600,24.8333,synthetic
mccomas,2026-07-13T12:45:00+00:00,110,600,18.3333,synthetic
mccomas,2026-07-13T13:00:00+00:00,111,600,18.5,synthetic
mccomas,2026-07-13T13:15:00+00:00,104,600,17.3333,synthetic
mccomas,2026-07-13T13:30:00+00:00,87,600,14.5,synthetic
mccomas,2026-07-13T13:45:00+00:00,94,600,15.6667,synthetic
mccomas,2026-07-13T14:00:00+00:00,114,600,19.0,synthetic
mccomas,2026-07-13T14:15:00+00:00,121,600,20.1667,synthetic
mccomas,2026-07-13T14:30:00+00:00,134,600,22.3333,synthetic
mccomas,2026-07-13T14:45:00+00:00,139,600,23.1667,synthetic
mccomas,2026-07-13T15:00:00+00:00,164,600,27.3333,synthetic
mccomas,2026-07-13T15:15:00+00:00,171,600,28.5,synthetic
mccomas,2026-07-13T15:30:00+00:00,187,600,31.1667,synthetic
mccomas,2026-07-13T15:45:00+00:00,205,600,34.1667,synthetic
mccomas,2026-07-13T16:00:00+00:00,223,600,37.1667,synthetic
mccomas,2026-07-13T16:15:00+00:00,214,600,35.6667,synthetic
mccomas,2026-07-13T16:30:00+00:00,239,600,39.8333,synthetic
mccomas,2026-07-13T16:45:00+00:00,231,600,38.5,synthetic
mccomas,2026-07-13T17:00:00+00:00,228,600,38.0,synthetic
mccomas,2026-07-13T17:15:00+00:00,207,600,34.5,synthetic
mccomas,2026-07-13T17:30:00+00:00,195,600,32.5,synthetic
mccomas,2026-07-13T17:45:00+00:00,190,600,31.6667,synthetic
mccomas,2026-07-13T18:00:00+00:00,206,600,34.3333,synthetic
mccomas,2026-07-13T18:15:00+00:00,197,600,32.8333,synthetic
mccomas,2026-07-13T18:30:00+00:00,198,600,33.0,synthetic
mccomas,2026-07-13T18:45:00+00:00,202,600,33.6667,synthetic
mccomas,2026-07-13T19:00:00+00:00,219,600,36.5,synthetic
mccomas,2026-07-13T19:15:00+00:00,262,600,43.6667,synthetic
mccomas,2026-07-13T19:30:00+00:00,270,600,45.0,synthetic
mccomas,2026-07-13T19:45:00+00:00,301,600,50.1667,synthetic
mccomas,2026-07-13T20:00:00+00:00,330,600,55.0,synthetic
mccomas,2026-07-13T20:15:00+00:00,371,600,61.8333,synthetic
mccomas,2026-07-13T20:30:00+00:00,408,600,68.0,synthetic
mccomas,2026-07-13T20:45:00+00:00,433,600,72.1667,synthetic
mccomas,2026-07-13T21:00:00+00:00,449,600,74.8333,synthetic
mccomas,2026-07-13T21:15:00+00:00,467,600,77.8333,synthetic
mccomas,2026-07-13T21:30:00+00:00,465,600,77.5,synthetic
mccomas,2026-07-13T21:45:00+00:00,460,600,76.6667,synthetic
mccomas,2026-07-13T22:00:00+00:00,443,600,73.8333,synthetic
mccomas,2026-07-13T22:15:00+00:00,419,600,69.8333,synthetic
mccomas,2026-07-13T22:30:00+00:00,414,600,69.0,synthetic
mccomas,2026-07-13T22:45:00+00:00,402,600,67.0,synthetic
mccomas,2026-07-13T23:00:00+00:00,361,600,60.1667,synthetic
mccomas,2026-07-13T23:15:00+00:00,322,600,53.6667,synthetic
mccomas,2026-07-13T23:30:00+00:00,289,600,48.1667,synthetic
mccomas,2026-07-13T23:45:00+00:00,234,600,39.0,synthetic
mccomas,2026-07-14T00:00:00+00:00,180,600,30.0,synthetic
mccomas,2026-07-14T00:15:00+00:00,157,600,26.1667,synthetic
mccomas,2026-07-14T00:30:00+00:00,98,600,16.3333,synthetic
mccomas,2026-07-14T00:45:00+00:00,89,600,14.8333,synthetic
mccomas,2026-07-14T01:00:00+00:00,73,600,12.1667,synthetic
mccomas,2026-07-14T01:15:00+00:00,75,600,12.5,synthetic
mccomas,2026-07-14T01:30:00+00:00,54,600,9.0,synthetic
mccomas,2026-07-14T01:45:00+00:00,50,600,8.3333,synthetic
mccomas,2026-07-14T02:00:00+00:00,59,600,9.8333,synthetic
mccomas,2026-07-14T02:15:00+00:00,70,600,11.6667,synthetic
mccomas,2026-07-14T02:30:00+00:00,73,600,12.1667,synthetic
mccomas,2026-07-14T02:45:00+00:00,73,600,12.1667,synthetic
mccomas,2026-07-14T03:00:00+00:00,62,600,10.3333,synthetic
mccomas,2026-07-14T03:15:00+00:00,70,600,11.6667,synthetic
mccomas,2026-07-14T03:30:00+00:00,66,600,11.0,synthetic
mccomas,2026-07-14T03:45:00+00:00,50,600,8.3333,synthetic
war_memorial,2026-07-13T04:00:00+00:00,33,1200,2.75,synthetic
war_memorial,2026-07-13T04:15:00+00:00,0,1200,0.0,synthetic
war_memorial,2026-07-13T04:30:00+00:00,17,1200,1.4167,synthetic
war_memorial,2026-07-13T04:45:00+00:00,44,1200,3.6667,synthetic
war_memorial,2026-07-13T05:00:00+00:00,10,1200,0.8333,synthetic
war_memorial,2026-07-13T05:15:00+00:00,30,1200,2.5,synthetic
war_memorial,2026-07-13T05:30:00+00:00,0,1200,0.0,synthetic
war_memorial,2026-07-13T05:45:00+00:00,8,1200,0.6667,synthetic
war_memorial,2026-07-13T06:00:00+00:00,0,1200,0.0,synthetic
war_memorial,2026-07-13T06:15:00+00:00,35,1200,2.9167,synthetic
war_memorial,2026-07-13T06:30:00+00:00,42,1200,3.5,synthetic
war_memorial,2026-07-13T06:45:00+00:00,61,1200,5.0833,synthetic
war_memorial,2026-07-13T07:00:00+00:00,96,1200,8.0,synthetic
war_memorial,2026-07-13T07:15:00+00:00,83,1200,6.9167,synthetic
war_memorial,2026-07-13T07:30:00+00:00,87,1200,7.25,synthetic
war_memorial,2026-07-13T07:45:00+00:00,95,1200,7.9167,synthetic
war_memorial,2026-07-13T08:00:00+00:00,87,1200,7.25,synthetic
war_memorial,2026-07-13T08:15:00+00:00,103,1200,8.5833,synthetic
war_memorial,2026-07-13T08:30:00+00:00,94,1200,7.8333,synthetic
war_memorial,2026-07-13T08:45:00+00:00,59,1200,4.9167,synthetic
war_memorial,2026-07-13T09:00:00+00:00,49,1200,4.0833,synthetic
war_memorial,2026-07-13T09:15:00+00:00,58,1200,4.8333,synthetic
war_memorial,2026-07-13T09:30:00+00:00,84,1200,7.0,synthetic
war_memorial,2026-07-13T09:45:00+00:00,80,1200,6.6667,synthetic
war_memorial,2026-07-13T10:00:00+00:00,111,1200,9.25,synthetic
war_memorial,2026-07-13T10:15:00+00:00,99,1200,8.25,synthetic
war_memorial,2026-07-13T10:30:00+00:00,142,1200,11.8333,synthetic
war_memorial,2026-07-13T10:45:00+00:00,173,1200,14.4167,synthetic
war_memorial,2026-07-13T11:00:00+00:00,219,1200,18.25,synthetic
war_memorial,2026-07-13T11:15:00+00:00,242,1200,20.1667,synthetic
war_memorial,2026-07-13T11:30:00+00:00,286,1200,23.8333,synthetic
war_memorial,2026-07-13T11:45:00+00:00,323,1200,26.9167,synthetic
war_memorial,2026-07-13T12:00:00+00:00,336,1200,28.0,synthetic
war_memorial,2026-07-13T12:15:00+00:00,306,1200,25.5,synthetic
war_memorial,2026-07-13T12:30:00+00:00,294,1200,24.5,synthetic
war_memorial,2026-07-13T12:45:00+00:00,277,1200,23.0833,synthetic
war_memorial,2026-07-13T13:00:00+00:00,255,1200,21.25,synthetic
war_memorial,2026-07-13T13:15:00+00:00,212,1200,17.6667,synthetic
war_memorial,2026-07-13T13:30:00+00:00,193,1200,16.0833,synthetic
war_memorial,2026-07-13T13:45:00+00:00,174,1200,14.5,synthetic
war_memorial,2026-07-13T14:00:00+00:00,181,1200,15.0833,synthetic
war_memorial,2026-07-13T14:15:00+00:00,182,1200,15.1667,synthetic
war_memorial,2026-07-13T14:30:00+00:00,185,1200,15.4167,synthetic
war_memorial,2026-07-13T14:45:00+00:00,225,1200,18.75,synthetic
war_memorial,2026-07-13T15:00:00+00:00,259,1200,21.5833,synthetic
war_memorial,2026-07-13T15:15:00+00:00,254,1200,21.1667,synthetic
war_memorial,2026-07-13T15:30:00+00:00,261,1200,21.75,synthetic
war_memorial,2026-07-13T15:45:00+00:00,290,1200,24.1667,synthetic
war_memorial,2026-07-13T16:00:00+00:00,325,1200,27.0833,synthetic
war_memorial,2026-07-13T16:15:00+00:00,324,1200,27.0,synthetic
war_memorial,2026-07-13T16:30:00+00:00,344,1200,28.6667,synthetic
war_memorial,2026-07-13T16:45:00+00:00,357,1200,29.75,synthetic
war_memorial,2026-07-13T17:00:00+00:00,375,1200,31.25,synthetic
war_memorial,2026-07-13T17:15:00+00:00,359,1200,29.9167,synthetic
war_memorial,2026-07-13T17:30:00+00:00,354,1200,29.5,synthetic
war_memorial,2026-07-13T17:45:00+00:00,322,1200,26.8333,synthetic
war_memorial,2026-07-13T18:00:00+00:00,277,1200,23.0833,synthetic
war_memorial,2026-07-13T18:15:00+00:00,249,1200,20.75,synthetic
war_memorial,2026-07-13T18:30:00+00:00,223,1200,18.5833,synthetic
war_memorial,2026-07-13T18:45:00+00:00,206,1200,17.1667,synthetic
war_memorial,2026-07-13T19:00:00+00:00,207,1200,17.25,synthetic
war_memorial,2026-07-13T19:15:00+00:00,193,1200,16.0833,synthetic
war_memorial,2026-07-13T19:30:00+00:00,255,1200,21.25,synthetic
war_memorial,2026-07-13T19:45:00+00:00,231,1200,19.25,synthetic
war_memorial,2026-07-13T20:00:00+00:00,285,1200,23.75,synthetic
war_memorial,2026-07-13T20:15:00+00:00,365,1200,30.4167,synthetic
war_memorial,2026-07-13T20:30:00+00:00,447,1200,37.25,synthetic
war_memorial,2026-07-13T20:45:00+00:00,519,1200,43.25,synthetic
war_memorial,2026-07-13T21:00:00+00:00,534,1200,44.5,synthetic
war_memorial,2026-07-13T21:15:00+00:00,604,1200,50.3333,synthetic
war_memorial,2026-07-13T21:30:00+00:00,657,1200,54.75,synthetic
war_memorial,2026-07-13T21:45:00+00:00,732,1200,61.0,synthetic
war_memorial,2026-07-13T22:00:00+00:00,787,1200,65.5833,synthetic
war_memorial,2026-07-13T22:15:00+00:00,801,1200,66.75,synthetic
war_memorial,2026-07-13T22:30:00+00:00,800,1200,66.6667,synthetic
war_memorial,2026-07-13T22:45:00+00:00,809,1200,67.4167,synthetic
war_memorial,2026-07-13T23:00:00+00:00,748,1200,62.3333,synthetic
war_memorial,2026-07-13T23:15:00+00:00,731,1200,60.9167,synthetic
war_memorial,2026-07-13T23:30:00+00:00,669,1200,55.75,synthetic
war_memorial,2026-07-13T23:45:00+00:00,580,1200,48.3333,synthetic
war_memorial,2026-07-14T00:00:00+00:00,533,1200,44.4167,synthetic
war_memorial,2026-07-14T00:15:00+00:00,452,1200,37.6667,synthetic
war_memorial,2026-07-14T00:30:00+00:00,355,1200,29.5833,synthetic
war_memorial,2026-07-14T00:45:00+00:00,322,1200,26.8333,synthetic
war_memorial,2026-07-14T01:00:00+00:00,259,1200,21.5833,synthetic
war_memorial,2026-07-14T01:15:00+00:00,227,1200,18.9167,synthetic
war_memorial,2026-07-14T01:30:00+00:00,155,1200,12.9167,synthetic
war_memorial,2026-07-14T01:45:00+00:00,157,1200,13.0833,synthetic
war_memorial,2026-07-14T02:00:00+00:00,104,1200,8.6667,synthetic
war_memorial,2026-07-14T02:15:00+00:00,88,1200,7.3333,synthetic
war_memorial,2026-07-14T02:30:00+00:00,66,1200,5.5,synthetic
war_memorial,2026-07-14T02:45:00+00:00,46,1200,3.8333,synthetic
war_memorial,2026-07-14T03:00:00+00:00,43,1200,3.5833,synthetic
war_memorial,2026-07-14T03:15:00+00:00,0,1200,0.0,synthetic
war_memorial,2026-07-14T03:30:00+00:00,0,1200,0.0,synthetic
war_memorial,2026-07-14T03:45:00+00:00,0,1200,0.0,synthetic
mccomas,2026-07-14T04:00:00+00:00,0,600,0.0,synthetic
mccomas,2026-07-14T04:15:00+00:00,0,600,0.0,synthetic
mccomas,2026-07-14T04:30:00+00:00,0,600,0.0,synthetic
mccomas,2026-07-14T04:45:00+00:00,0,600,0.0,synthetic
mccomas,2026-07-14T05:00:00+00:00,0,600,0.0,synthetic
mccomas,2026-07-14T05:15:00+00:00,0,600,0.0,synthetic
mccomas,2026-07-14T05:30:00+00:00,0,600,0.0,synthetic
mccomas,2026-07-14T05:45:00+00:00,0,600,0.0,synthetic
mccomas,2026-07-14T06:00:00+00:00,0,600,0.0,synthetic
mccomas,2026-07-14T06:15:00+00:00,0,600,0.0,synthetic
mccomas,2026-07-14T06:30:00+00:00,0,600,0.0,synthetic
mccomas,2026-07-14T06:45:00+00:00,0,600,0.0,synthetic
mccomas,2026-07-14T07:00:00+00:00,0,600,0.0,synthetic
mccomas,2026-07-14T07:15:00+00:00,0,600,0.0,synthetic
mccomas,2026-07-14T07:30:00+00:00,0,600,0.0,synthetic
mccomas,2026-07-14T07:45:00+00:00,0,600,0.0,synthetic
mccomas,2026-07-14T08:00:00+00:00,0,600,0.0,synthetic
mccomas,2026-07-14T08:15:00+00:00,0,600,0.0,synthetic
mccomas,2026-07-14T08:30:00+00:00,0,600,0.0,synthetic
mccomas,2026-07-14T08:45:00+00:00,3,600,0.5,synthetic
mccomas,2026-07-14T09:00:00+00:00,9,600,1.5,synthetic
mccomas,2026-07-14T09:15:00+00:00,13,600,2.1667,synthetic
mccomas,2026-07-14T09:30:00+00:00,31,600,5.1667,synthetic
mccomas,2026-07-14T09:45:00+00:00,61,600,10.1667,synthetic
mccomas,2026-07-14T10:00:00+00:00,62,600,10.3333,synthetic
mccomas,2026-07-14T10:15:00+00:00,71,600,11.8333,synthetic
mccomas,2026-07-14T10:30:00+00:00,84,600,14.0,synthetic
mccomas,2026-07-14T10:45:00+00:00,121,600,20.1667,synthetic
mccomas,2026-07-14T11:00:00+00:00,111,600,18.5,synthetic
mccomas,2026-07-14T11:15:00+00:00,129,600,21.5,synthetic
mccomas,2026-07-14T11:30:00+00:00,155,600,25.8333,synthetic
mccomas,2026-07-14T11:45:00+00:00,125,600,20.8333,synthetic
mccomas,2026-07-14T12:00:00+00:00,124,600,20.6667,synthetic
mccomas,2026-07-14T12:15:00+00:00,114,600,19.0,synthetic
mccomas,2026-07-14T12:30:00+00:00,90,600,15.0,synthetic
mccomas,2026-07-14T12:45:00+00:00,58,600,9.6667,synthetic
mccomas,2026-07-14T13:00:00+00:00,49,600,8.1667,synthetic
mccomas,2026-07-14T13:15:00+00:00,28,600,4.6667,synthetic
mccomas,2026-07-14T13:30:00+00:00,43,600,7.1667,synthetic
mccomas,2026-07-14T13:45:00+00:00,36,600,6.0,synthetic
mccomas,2026-07-14T14:00:00+00:00,52,600,8.6667,synthetic
mccomas,2026-07-14T14:15:00+00:00,63,600,10.5,synthetic
mccomas,2026-07-14T14:30:00+00:00,76,600,12.6667,synthetic
mccomas,2026-07-14T14:45:00+00:00,112,600,18.6667,synthetic
mccomas,2026-07-14T15:00:00+00:00,106,600,17.6667,synthetic
mccomas,2026-07-14T15:15:00+00:00,128,600,21.3333,synthetic
mccomas,2026-07-14T15:30:00+00:00,125,600,20.8333,synthetic
mccomas,2026-07-14T15:45:00+00:00,163,600,27.1667,synthetic
mccomas,2026-07-14T16:00:00+00:00,151,600,25.1667,synthetic
mccomas,2026-07-14T16:15:00+00:00,147,600,24.5,synthetic
mccomas,2026-07-14T16:30:00+00:00,154,600,25.6667,synthetic
mccomas,2026-07-14T16:45:00+00:00,167,600,27.8333,synthetic
mccomas,2026-07-14T17:00:00+00:00,159,600,26.5,synthetic
mccomas,2026-07-14T17:15:00+00:00,142,600,23.6667,synthetic
mccomas,2026-07-14T17:30:00+00:00,144,600,24.0,synthetic
mccomas,2026-07-14T17:45:00+00:00,145,600,24.1667,synthetic
mccomas,2026-07-14T18:00:00+00:00,140,600,23.3333,synthetic
mccomas,2026-07-14T18:15:00+00:00,141,600,23.5,synthetic
mccomas,2026-07-14T18:30:00+00:00,134,600,22.3333,synthetic
mccomas,2026-07-14T18:45:00+00:00,127,600,21.1667,synthetic
mccomas,2026-07-14T19:00:00+00:00,180,600,30.0,synthetic
mccomas,2026-07-14T19:15:00+00:00,193,600,32.1667,synthetic
mccomas,2026-07-14T19:30:00+00:00,244,600,40.6667,synthetic
mccomas,2026-07-14T19:45:00+00:00,260,600,43.3333,synthetic
mccomas,2026-07-14T20:00:00+00:00,313,600,52.1667,synthetic
mccomas,2026-07-14T20:15:00+00:00,334,600,55.6667,synthetic
mccomas,2026-07-14T20:30:00+00:00,380,600,63.3333,synthetic
mccomas,2026-07-14T20:45:00+00:00,402,600,67.0,synthetic
mccomas,2026-07-14T21:00:00+00:00,402,600,67.0,synthetic
mccomas,2026-07-14T21:15:00+00:00,409,600,68.1667,synthetic
mccomas,2026-07-14T21:30:00+00:00,420,600,70.0,synthetic
mccomas,2026-07-14T21:45:00+00:00,404,600,67.3333,synthetic
mccomas,2026-07-14T22:00:00+00:00,383,600,63.8333,synthetic
mccomas,2026-07-14T22:15:00+00:00,370,600,61.6667,synthetic
mccomas,2026-07-14T22:30:00+00:00,332,600,55.3333,synthetic
mccomas,2026-07-14T22:45:00+00:00,301,600,50.1667,synthetic
mccomas,2026-07-14T23:00:00+00:00,278,600,46.3333,synthetic
mccomas,2026-07-14T23:15:00+00:00,247,600,41.1667,synthetic
mccomas,2026-07-14T23:30:00+00:00,208,600,34.6667,synthetic
mccomas,2026-07-14T23:45:00+00:00,173,600,28.8333,synthetic
mccomas,2026-07-15T00:00:00+00:00,151,600,25.1667,synthetic
mccomas,2026-07-15T00:15:00+00:00,118,600,19.6667,synthetic
mccomas,2026-07-15T00:30:00+00:00,84,600,14.0,synthetic
mccomas,2026-07-15T00:45:00+00:00,55,600,9.1667,synthetic
mccomas,2026-07-15T01:00:00+00:00,44,600,7.3333,synthetic
mccomas,2026-07-15T01:15:00+00:00,32,600,5.3333,synthetic
mccomas,2026-07-15T01:30:00+00:00,5,600,0.8333,synthetic
mccomas,2026-07-15T01:45:00+00:00,24,600,4.0,synthetic
mccomas,2026-07-15T02:00:00+00:00,15,600,2.5,synthetic
mccomas,2026-07-15T02:15:00+00:00,24,600,4.0,synthetic
mccomas,2026-07-15T02:30:00+00:00,2,600,0.3333,synthetic
mccomas,2026-07-15T02:45:00+00:00,16,600,2.6667,synthetic
mccomas,2026-07-15T03:00:00+00:00,8,600,1.3333,synthetic
mccomas,2026-07-15T03:15:00+00:00,8,600,1.3333,synthetic
mccomas,2026-07-15T03:30:00+00:00,0,600,0.0,synthetic
mccomas,2026-07-15T03:45:00+00:00,0,600,0.0,synthetic
war_memorial,2026-07-14T04:00:00+00:00,23,1200,1.9167,synthetic
war_memorial,2026-07-14T04:15:00+00:00,15,1200,1.25,synthetic
war_memorial,2026-07-14T04:30:00+00:00,71,1200,5.9167,synthetic
war_memorial,2026-07-14T04:45:00+00:00,58,1200,4.8333,synthetic
war_memorial,2026-07-14T05:00:00+00:00,35,1200,2.9167,synthetic
war_memorial,2026-07-14T05:15:00+00:00,45,1200,3.75,synthetic
war_memorial,2026-07-14T05:30:00+00:00,24,1200,2.0,synthetic
war_memorial,2026-07-14T05:45:00+00:00,31,1200,2.5833,synthetic
war_memorial,2026-07-14T06:00:00+00:00,39,1200,3.25,synthetic
war_memorial,2026-07-14T06:15:00+00:00,34,1200,2.8333,synthetic
war_memorial,2026-07-14T06:30:00+00:00,60,1200,5.0,synthetic
war_memorial,2026-07-14T06:45:00+00:00,50,1200,4.1667,synthetic
war_memorial,2026-07-14T07:00:00+00:00,13,1200,1.0833,synthetic
war_memorial,2026-07-14T07:15:00+00:00,51,1200,4.25,synthetic
war_memorial,2026-07-14T07:30:00+00:00,22,1200,1.8333,synthetic
war_memorial,2026-07-14T07:45:00+00:00,74,1200,6.1667,synthetic
war_memorial,2026-07-14T08:00:00+00:00,49,1200,4.0833,synthetic
war_memorial,2026-07-14T08:15:00+00:00,22,1200,1.8333,synthetic
war_memorial,2026-07-14T08:30:00+00:00,35,1200,2.9167,synthetic
war_memorial,2026-07-14T08:45:00+00:00,64,1200,5.3333,synthetic
war_memorial,2026-07-14T09:00:00+00:00,81,1200,6.75,synthetic
war_memorial,2026-07-14T09:15:00+00:00,27,1200,2.25,synthetic
war_memorial,2026-07-14T09:30:00+00:00,70,1200,5.8333,synthetic
war_memorial,2026-07-14T09:45:00+00:00,53,1200,4.4167,synthetic
war_memorial,2026-07-14T10:00:00+00:00,64,1200,5.3333,synthetic
war_memorial,2026-07-14T10:15:00+00:00,92,1200,7.6667,synthetic
war_memorial,2026-07-14T10:30:00+00:00,126,1200,10.5,synthetic
war_memorial,2026-07-14T10:45:00+00:00,154,1200,12.8333,synthetic
war_memorial,2026-07-14T11:00:00+00:00,189,1200,15.75,synthetic
war_memorial,2026-07-14T11:15:00+00:00,253,1200,21.0833,synthetic
war_memorial,2026-07-14T11:30:00+00:00,279,1200,23.25,synthetic
war_memorial,2026-07-14T11:45:00+00:00,318,1200,26.5,synthetic
war_memorial,2026-07-14T12:00:00+00:00,322,1200,26.8333,synthetic
war_memorial,2026-07-14T12:15:00+00:00,320,1200,26.6667,synthetic
war_memorial,2026-07-14T12:30:00+00:00,286,1200,23.8333,synthetic
war_memorial,2026-07-14T12:45:00+00:00,245,1200,20.4167,synthetic
war_memorial,2026-07-14T13:00:00+00:00,236,1200,19.6667,synthetic
war_memorial,2026-07-14T13:15:00+00:00,184,1200,15.3333,synthetic
war_memorial,2026-07-14T13:30:00+00:00,147,1200,12.25,synthetic
war_memorial,2026-07-14T13:45:00+00:00,157,1200,13.0833,synthetic
war_memorial,2026-07-14T14:00:00+00:00,157,1200,13.0833,synthetic
war_memorial,2026-07-14T14:15:00+00:00,203,1200,16.9167,synthetic
war_memorial,2026-07-14T14:30:00+00:00,203,1200,16.9167,synthetic
war_memorial,2026-07-14T14:45:00+00:00,238,1200,19.8333,synthetic
war_memorial,2026-07-14T15:00:00+00:00,271,1200,22.5833,synthetic
war_memorial,2026-07-14T15:15:00+00:00,295,1200,24.5833,synthetic
war_memorial,2026-07-14T15:30:00+00:00,329,1200,27.4167,synthetic
war_memorial,2026-07-14T15:45:00+00:00,356,1200,29.6667,synthetic
war_memorial,2026-07-14T16:00:00+00:00,333,1200,27.75,synthetic
war_memorial,2026-07-14T16:15:00+00:00,322,1200,26.8333,synthetic
war_memorial,2026-07-14T16:30:00+00:00,364,1200,30.3333,synthetic
war_memorial,2026-07-14T16:45:00+00:00,357,1200,29.75,synthetic
war_memorial,2026-07-14T17:00:00+00:00,379,1200,31.5833,synthetic
war_memorial,2026-07-14T17:15:00+00:00,337,1200,28.0833,synthetic
war_memorial,2026-07-14T17:30:00+00:00,330,1200,27.5,synthetic
war_memorial,2026-07-14T17:45:00+00:00,298,1200,24.8333,synthetic
war_memorial,2026-07-14T18:00:00+00:00,301,1200,25.0833,synthetic
war_memorial,2026-07-14T18:15:00+00:00,257,1200,21.4167,synthetic
war_memorial,2026-07-14T18:30:00+00:00,224,1200,18.6667,synthetic
war_memorial,2026-07-14T18:45:00+00:00,216,1200,18.0,synthetic
war_memorial,2026-07-14T19:00:00+00:00,215,1200,17.9167,synthetic
war_memorial,2026-07-14T19:15:00+00:00,229,1200,19.0833,synthetic
war_memorial,2026-07-14T19:30:00+00:00,272,1200,22.6667,synthetic
war_memorial,2026-07-14T19:45:00+00:00,339,1200,28.25,synthetic
war_memorial,2026-07-14T20:00:00+00:00,373,1200,31.0833,synthetic
war_memorial,2026-07-14T20:15:00+00:00,407,1200,33.9167,synthetic
war_memorial,2026-07-14T20:30:00+00:00,452,1200,37.6667,synthetic
war_memorial,2026-07-14T20:45:00+00:00,502,1200,41.8333,synthetic
war_memorial,2026-07-14T21:00:00+00:00,573,1200,47.75,synthetic
war_memorial,2026-07-14T21:15:00+00:00,629,1200,52.4167,synthetic
war_memorial,2026-07-14T21:30:00+00:00,689,1200,57.4167,synthetic
war_memorial,2026-07-14T21:45:00+00:00,716,1200,59.6667,synthetic
war_memorial,2026-07-14T22:00:00+00:00,779,1200,64.9167,synthetic
war_memorial,2026-07-14T22:15:00+00:00,803,1200,66.9167,synthetic
war_memorial,2026-07-14T22:30:00+00:00,824,1200,68.6667,synthetic
war_memorial,2026-07-14T22:45:00+00:00,800,1200,66.6667,synthetic
war_memorial,2026-07-14T23:00:00+00:00,791,1200,65.9167,synthetic
war_memorial,2026-07-14T23:15:00+00:00,757,1200,63.0833,synthetic
war_memorial,2026-07-14T23:30:00+00:00,721,1200,60.0833,synthetic
war_memorial,2026-07-14T23:45:00+00:00,659,1200,54.9167,synthetic
war_memorial,2026-07-15T00:00:00+00:00,526,1200,43.8333,synthetic
war_memorial,2026-07-15T00:15:00+00:00,511,1200,42.5833,synthetic
war_memorial,2026-07-15T00:30:00+00:00,391,1200,32.5833,synthetic
war_memorial,2026-07-15T00:45:00+00:00,364,1200,30.3333,synthetic
war_memorial,2026-07-15T01:00:00+00:00,273,1200,22.75,synthetic
war_memorial,2026-07-15T01:15:00+00:00,234,1200,19.5,synthetic
war_memorial,2026-07-15T01:30:00+00:00,204,1200,17.0,synthetic
war_memorial,2026-07-15T01:45:00+00:00,177,1200,14.75,synthetic
war_memorial,2026-07-15T02:00:00+00:00,139,1200,11.5833,synthetic
war_memorial,2026-07-15T02:15:00+00:00,132,1200,11.0,synthetic
war_memorial,2026-07-15T02:30:00+00:00,108,1200,9.0,synthetic
war_memorial,2026-07-15T02:45:00+00:00,127,1200,10.5833,synthetic
war_memorial,2026-07-15T03:00:00+00:00,131,1200,10.9167,synthetic
war_memorial,2026-07-15T03:15:00+00:00,99,1200,8.25,synthetic
war_memorial,2026-07-15T03:30:00+00:00,108,1200,9.0,synthetic
war_memorial,2026-07-15T03:45:00+00:00,116,1200,9.6667,synthetic
mccomas,2026-07-15T04:00:00+00:00,31,600,5.1667,synthetic
mccomas,2026-07-15T04:15:00+00:00,45,600,7.5,synthetic
mccomas,2026-07-15T04:30:00+00:00,39,600,6.5,synthetic
mccomas,2026-07-15T04:45:00+00:00,42,600,7.0,synthetic
mccomas,2026-07-15T05:00:00+00:00,41,600,6.8333,synthetic
mccomas,2026-07-15T05:15:00+00:00,33,600,5.5,synthetic
mccomas,2026-07-15T05:30:00+00:00,41,600,6.8333,synthetic
mccomas,2026-07-15T05:45:00+00:00,21,600,3.5,synthetic
mccomas,2026-07-15T06:00:00+00:00,16,600,2.6667,synthetic
mccomas,2026-07-15T06:15:00+00:00,17,600,2.8333,synthetic
mccomas,2026-07-15T06:30:00+00:00,33,600,5.5,synthetic
mccomas,2026-07-15T06:45:00+00:00,18,600,3.0,synthetic
mccomas,2026-07-15T07:00:00+00:00,22,600,3.6667,synthetic
mccomas,2026-07-15T07:15:00+00:00,22,600,3.6667,synthetic
mccomas,2026-07-15T07:30:00+00:00,31,600,5.1667,synthetic
mccomas,2026-07-15T07:45:00+00:00,14,600,2.3333,synthetic
mccomas,2026-07-15T08:00:00+00:00,8,600,1.3333,synthetic
mccomas,2026-07-15T08:15:00+00:00,6,600,1.0,synthetic
mccomas,2026-07-15T08:30:00+00:00,16,600,2.6667,synthetic
mccomas,2026-07-15T08:45:00+00:00,10,600,1.6667,synthetic
mccomas,2026-07-15T09:00:00+00:00,19,600,3.1667,synthetic
mccomas,2026-07-15T09:15:00+00:00,37,600,6.1667,synthetic
mccomas,2026-07-15T09:30:00+00:00,42,600,7.0,synthetic
mccomas,2026-07-15T09:45:00+00:00,69,600,11.5,synthetic
mccomas,2026-07-15T10:00:00+00:00,94,600,15.6667,synthetic
mccomas,2026-07-15T10:15:00+00:00,114,600,19.0,synthetic
mccomas,2026-07-15T10:30:00+00:00,124,600,20.6667,synthetic
mccomas,2026-07-15T10:45:00+00:00,153,600,25.5,synthetic
mccomas,2026-07-15T11:00:00+00:00,184,600,30.6667,synthetic
mccomas,2026-07-15T11:15:00+00:00,179,600,29.8333,synthetic
mccomas,2026-07-15T11:30:00+00:00,200,600,33.3333,synthetic
mccomas,2026-07-15T11:45:00+00:00,185,600,30.8333,synthetic
mccomas,2026-07-15T12:00:00+00:00,163,600,27.1667,synthetic
mccomas,2026-07-15T12:15:00+00:00,163,600,27.1667,synthetic
mccomas,2026-07-15T12:30:00+00:00,147,600,24.5,synthetic
mccomas,2026-07-15T12:45:00+00:00,132,600,22.0,synthetic
mccomas,2026-07-15T13:00:00+00:00,98,600,16.3333,synthetic
mccomas,2026-07-15T13:15:00+00:00,85,600,14.1667,synthetic
mccomas,2026-07-15T13:30:00+00:00,87,600,14.5,synthetic
mccomas,2026-07-15T13:45:00+00:00,90,600,15.0,synthetic
mccomas,2026-07-15T14:00:00+00:00,93,600,15.5,synthetic
mccomas,2026-07-15T14:15:00+00:00,111,600,18.5,synthetic
mccomas,2026-07-15T14:30:00+00:00,114,600,19.0,synthetic
mccomas,2026-07-15T14:45:00+00:00,133,600,22.1667,synthetic
mccomas,2026-07-15T15:00:00+00:00,159,600,26.5,synthetic
mccomas,2026-07-15T15:15:00+00:00,142,600,23.6667,synthetic
mccomas,2026-07-15T15:30:00+00:00,171,600,28.5,synthetic
mccomas,2026-07-15T15:45:00+00:00,192,600,32.0,synthetic
mccomas,2026-07-15T16:00:00+00:00,200,600,33.3333,synthetic
mccomas,2026-07-15T16:15:00+00:00,207,600,34.5,synthetic
mccomas,2026-07-15T16:30:00+00:00,217,600,36.1667,synthetic
mccomas,2026-07-15T16:45:00+00:00,225,600,37.5,synthetic
mccomas,2026-07-15T17:00:00+00:00,232,600,38.6667,synthetic
mccomas,2026-07-15T17:15:00+00:00,212,600,35.3333,synthetic
mccomas,2026-07-15T17:30:00+00:00,189,600,31.5,synthetic
mccomas,2026-07-15T17:45:00+00:00,186,600,31.0,synthetic
mccomas,2026-07-15T18:00:00+00:00,195,600,32.5,synthetic
mccomas,2026-07-15T18:15:00+00:00,196,600,32.6667,synthetic
mccomas,2026-07-15T18:30:00+00:00,215,600,35.8333,synthetic
mccomas,2026-07-15T18:45:00+00:00,210,600,35.0,synthetic
mccomas,2026-07-15T19:00:00+00:00,222,600,37.0,synthetic
mccomas,2026-07-15T19:15:00+00:00,250,600,41.6667,synthetic
mccomas,2026-07-15T19:30:00+00:00,286,600,47.6667,synthetic
mccomas,2026-07-15T19:45:00+00:00,312,600,52.0,synthetic
mccomas,2026-07-15T20:00:00+00:00,360,600,60.0,synthetic
mccomas,2026-07-15T20:15:00+00:00,374,600,62.3333,synthetic
mccomas,2026-07-15T20:30:00+00:00,400,600,66.6667,synthetic
mccomas,2026-07-15T20:45:00+00:00,437,600,72.8333,synthetic
mccomas,2026-07-15T21:00:00+00:00,458,600,76.3333,synthetic
mccomas,2026-07-15T21:15:00+00:00,496,600,82.6667,synthetic
mccomas,2026-07-15T21:30:00+00:00,470,600,78.3333,synthetic
mccomas,2026-07-15T21:45:00+00:00,470,600,78.3333,synthetic
mccomas,2026-07-15T22:00:00+00:00,456,600,76.0,synthetic
mccomas,2026-07-15T22:15:00+00:00,425,600,70.8333,synthetic
mccomas,2026-07-15T22:30:00+00:00,400,600,66.6667,synthetic
mccomas,2026-07-15T22:45:00+00:00,382,600,63.6667,synthetic
mccomas,2026-07-15T23:00:00+00:00,321,600,53.5,synthetic
mccomas,2026-07-15T23:15:00+00:00,280,600,46.6667,synthetic
mccomas,2026-07-15T23:30:00+00:00,233,600,38.8333,synthetic
mccomas,2026-07-15T23:45:00+00:00,205,600,34.1667,synthetic
mccomas,2026-07-16T00:00:00+00:00,184,600,30.6667,synthetic
mccomas,2026-07-16T00:15:00+00:00,152,600,25.3333,synthetic
mccomas,2026-07-16T00:30:00+00:00,138,600,23.0,synthetic
mccomas,2026-07-16T00:45:00+00:00,115,600,19.1667,synthetic
mccomas,2026-07-16T01:00:00+00:00,89,600,14.8333,synthetic
mccomas,2026-07-16T01:15:00+00:00,82,600,13.6667,synthetic
mccomas,2026-07-16T01:30:00+00:00,60,600,10.0,synthetic
mccomas,2026-07-16T01:45:00+00:00,59,600,9.8333,synthetic
mccomas,2026-07-16T02:00:00+00:00,50,600,8.3333,synthetic
mccomas,2026-07-16T02:15:00+00:00,46,600,7.6667,synthetic
mccomas,2026-07-16T02:30:00+00:00,13,600,2.1667,synthetic
mccomas,2026-07-16T02:45:00+00:00,14,600,2.3333,synthetic
mccomas,2026-07-16T03:00:00+00:00,17,600,2.8333,synthetic
mccomas,2026-07-16T03:15:00+00:00,20,600,3.3333,synthetic
mccomas,2026-07-16T03:30:00+00:00,14,600,2.3333,synthetic
mccomas,2026-07-16T03:45:00+00:00,41,600,6.8333,synthetic
war_memorial,2026-07-15T04:00:00+00:00,58,1200,4.8333,synthetic
war_memorial,2026-07-15T04:15:00+00:00,72,1200,6.0,synthetic
war_memorial,2026-07-15T04:30:00+00:00,69,1200,5.75,synthetic
war_memorial,2026-07-15T04:45:00+00:00,49,1200,4.0833,synthetic
war_memorial,2026-07-15T05:00:00+00:00,52,1200,4.3333,synthetic
war_memorial,2026-07-15T05:15:00+00:00,57,1200,4.75,synthetic
war_memorial,2026-07-15T05:30:00+00:00,64,1200,5.3333,synthetic
war_memorial,2026-07-15T05:45:00+00:00,54,1200,4.5,synthetic
war_memorial,2026-07-15T06:00:00+00:00,55,1200,4.5833,synthetic
war_memorial,2026-07-15T06:15:00+00:00,93,1200,7.75,synthetic
war_memorial,2026-07-15T06:30:00+00:00,107,1200,8.9167,synthetic
war_memorial,2026-07-15T06:45:00+00:00,96,1200,8.0,synthetic
war_memorial,2026-07-15T07:00:00+00:00,96,1200,8.0,synthetic
war_memorial,2026-07-15T07:15:00+00:00,95,1200,7.9167,synthetic
war_memorial,2026-07-15T07:30:00+00:00,95,1200,7.9167,synthetic
war_memorial,2026-07-15T07:45:00+00:00,58,1200,4.8333,synthetic
war_memorial,2026-07-15T08:00:00+00:00,48,1200,4.0,synthetic
war_memorial,2026-07-15T08:15:00+00:00,14,1200,1.1667,synthetic
war_memorial,2026-07-15T08:30:00+00:00,58,1200,4.8333,synthetic
war_memorial,2026-07-15T08:45:00+00:00,70,1200,5.8333,synthetic
war_memorial,2026-07-15T09:00:00+00:00,93,1200,7.75,synthetic
war_memorial,2026-07-15T09:15:00+00:00,111,1200,9.25,synthetic
war_memorial,2026-07-15T09:30:00+00:00,113,1200,9.4167,synthetic
war_memorial,2026-07-15T09:45:00+00:00,146,1200,12.1667,synthetic
war_memorial,2026-07-15T10:00:00+00:00,143,1200,11.9167,synthetic
war_memorial,2026-07-15T10:15:00+00:00,158,1200,13.1667,synthetic
war_memorial,2026-07-15T10:30:00+00:00,165,1200,13.75,synthetic
war_memorial,2026-07-15T10:45:00+00:00,195,1200,16.25,synthetic
war_memorial,2026-07-15T11:00:00+00:00,213,1200,17.75,synthetic
war_memorial,2026-07-15T11:15:00+00:00,266,1200,22.1667,synthetic
war_memorial,2026-07-15T11:30:00+00:00,266,1200,22.1667,synthetic
war_memorial,2026-07-15T11:45:00+00:00,300,1200,25.0,synthetic
war_memorial,2026-07-15T12:00:00+00:00,285,1200,23.75,synthetic
war_memorial,2026-07-15T12:15:00+00:00,284,1200,23.6667,synthetic
war_memorial,2026-07-15T12:30:00+00:00,263,1200,21.9167,synthetic
war_memorial,2026-07-15T12:45:00+00:00,288,1200,24.0,synthetic
war_memorial,2026-07-15T13:00:00+00:00,256,1200,21.3333,synthetic
war_memorial,2026-07-15T13:15:00+00:00,224,1200,18.6667,synthetic
war_memorial,2026-07-15T13:30:00+00:00,197,1200,16.4167,synthetic
war_memorial,2026-07-15T13:45:00+00:00,164,1200,13.6667,synthetic
war_memorial,2026-07-15T14:00:00+00:00,161,1200,13.4167,synthetic
war_memorial,2026-07-15T14:15:00+00:00,162,1200,13.5,synthetic
war_memorial,2026-07-15T14:30:00+00:00,185,1200,15.4167,synthetic
war_memorial,2026-07-15T14:45:00+00:00,253,1200,21.0833,synthetic
war_memorial,2026-07-15T15:00:00+00:00,239,1200,19.9167,synthetic
war_memorial,2026-07-15T15:15:00+00:00,277,1200,23.0833,synthetic
war_memorial,2026-07-15T15:30:00+00:00,301,1200,25.0833,synthetic
war_memorial,2026-07-15T15:45:00+00:00,323,1200,26.9167,synthetic
war_memorial,2026-07-15T16:00:00+00:00,384,1200,32.0,synthetic
war_memorial,2026-07-15T16:15:00+00:00,411,1200,34.25,synthetic
war_memorial,2026-07-15T16:30:00+00:00,432,1200,36.0,synthetic
war_memorial,2026-07-15T16:45:00+00:00,412,1200,34.3333,synthetic
war_memorial,2026-07-15T17:00:00+00:00,388,1200,32.3333,synthetic
war_memorial,2026-07-15T17:15:00+00:00,343,1200,28.5833,synthetic
war_memorial,2026-07-15T17:30:00+00:00,322,1200,26.8333,synthetic
war_memorial,2026-07-15T17:45:00+00:00,307,1200,25.5833,synthetic
war_memorial,2026-07-15T18:00:00+00:00,282,1200,23.5,synthetic
war_memorial,2026-07-15T18:15:00+00:00,219,1200,18.25,synthetic
war_memorial,2026-07-15T18:30:00+00:00,193,1200,16.0833,synthetic
war_memorial,2026-07-15T18:45:00+00:00,196,1200,16.3333,synthetic
war_memorial,2026-07-15T19:00:00+00:00,195,1200,16.25,synthetic
war_memorial,2026-07-15T19:15:00+00:00,229,1200,19.0833,synthetic
war_memorial,2026-07-15T19:30:00+00:00,251,1200,20.9167,synthetic
war_memorial,2026-07-15T19:45:00+00:00,267,1200,22.25,synthetic
war_memorial,2026-07-15T20:00:00+00:00,329,1200,27.4167,synthetic
war_memorial,2026-07-15T20:15:00+00:00,381,1200,31.75,synthetic
war_memorial,2026-07-15T20:30:00+00:00,458,1200,38.1667,synthetic
war_memorial,2026-07-15T20:45:00+00:00,523,1200,43.5833,synthetic
war_memorial,2026-07-15T21:00:00+00:00,576,1200,48.0,synthetic
war_memorial,2026-07-15T21:15:00+00:00,686,1200,57.1667,synthetic
war_memorial,2026-07-15T21:30:00+00:00,728,1200,60.6667,synthetic
war_memorial,2026-07-15T21:45:00+00:00,778,1200,64.8333,synthetic
war_memorial,2026-07-15T22:00:00+00:00,825,1200,68.75,synthetic
war_memorial,2026-07-15T22:15:00+00:00,832,1200,69.3333,synthetic
war_memorial,2026-07-15T22:30:00+00:00,818,1200,68.1667,synthetic
war_memorial,2026-07-15T22:45:00+00:00,804,1200,67.0,synthetic
war_memorial,2026-07-15T23:00:00+00:00,780,1200,65.0,synthetic
war_memorial,2026-07-15T23:15:00+00:00,739,1200,61.5833,synthetic
war_memorial,2026-07-15T23:30:00+00:00,692,1200,57.6667,synthetic
war_memorial,2026-07-15T23:45:00+00:00,612,1200,51.0,synthetic
war_memorial,2026-07-16T00:00:00+00:00,603,1200,50.25,synthetic
war_memorial,2026-07-16T00:15:00+00:00,492,1200,41.0,synthetic
war_memorial,2026-07-16T00:30:00+00:00,416,1200,34.6667,synthetic
war_memorial,2026-07-16T00:45:00+00:00,311,1200,25.9167,synthetic
war_memorial,2026-07-16T01:00:00+00:00,305,1200,25.4167,synthetic
war_memorial,2026-07-16T01:15:00+00:00,261,1200,21.75,synthetic
war_memorial,2026-07-16T01:30:00+00:00,196,1200,16.3333,synthetic
war_memorial,2026-07-16T01:45:00+00:00,166,1200,13.8333,synthetic
war_memorial,2026-07-16T02:00:00+00:00,168,1200,14.0,synthetic
war_memorial,2026-07-16T02:15:00+00:00,186,1200,15.5,synthetic
war_memorial,2026-07-16T02:30:00+00:00,139,1200,11.5833,synthetic
war_memorial,2026-07-16T02:45:00+00:00,124,1200,10.3333,synthetic
war_memorial,2026-07-16T03:00:00+00:00,121,1200,10.0833,synthetic
war_memorial,2026-07-16T03:15:00+00:00,141,1200,11.75,synthetic
war_memorial,2026-07-16T03:30:00+00:00,160,1200,13.3333,synthetic
war_memorial,2026-07-16T03:45:00+00:00,107,1200,8.9167,synthetic
mccomas,2026-07-16T04:00:00+00:00,42,600,7.0,synthetic
mccomas,2026-07-16T04:15:00+00:00,28,600,4.6667,synthetic
mccomas,2026-07-16T04:30:00+00:00,24,600,4.0,synthetic
mccomas,2026-07-16T04:45:00+00:00,22,600,3.6667,synthetic
mccomas,2026-07-16T05:00:00+00:00,27,600,4.5,synthetic
mccomas,2026-07-16T05:15:00+00:00,21,600,3.5,synthetic
mccomas,2026-07-16T05:30:00+00:00,13,600,2.1667,synthetic
mccomas,2026-07-16T05:45:00+00:00,29,600,4.8333,synthetic
mccomas,2026-07-16T06:00:00+00:00,18,600,3.0,synthetic
mccomas,2026-07-16T06:15:00+00:00,16,600,2.6667,synthetic
mccomas,2026-07-16T06:30:00+00:00,0,600,0.0,synthetic
mccomas,2026-07-16T06:45:00+00:00,7,600,1.1667,synthetic
mccomas,2026-07-16T07:00:00+00:00,6,600,1.0,synthetic
mccomas,2026-07-16T07:15:00+00:00,8,600,1.3333,synthetic
mccomas,2026-07-16T07:30:00+00:00,30,600,5.0,synthetic
mccomas,2026-07-16T07:45:00+00:00,26,600,4.3333,synthetic
mccomas,2026-07-16T08:00:00+00:00,20,600,3.3333,synthetic
mccomas,2026-07-16T08:15:00+00:00,34,600,5.6667,synthetic
mccomas,2026-07-16T08:30:00+00:00,25,600,4.1667,synthetic
mccomas,2026-07-16T08:45:00+00:00,17,600,2.8333,synthetic
mccomas,2026-07-16T09:00:00+00:00,40,600,6.6667,synthetic
mccomas,2026-07-16T09:15:00+00:00,57,600,9.5,synthetic
mccomas,2026-07-16T09:30:00+00:00,67,600,11.1667,synthetic
mccomas,2026-07-16T09:45:00+00:00,76,600,12.6667,synthetic
mccomas,2026-07-16T10:00:00+00:00,84,600,14.0,synthetic
mccomas,2026-07-16T10:15:00+00:00,108,600,18.0,synthetic
mccomas,2026-07-16T10:30:00+00:00,124,600,20.6667,synthetic
mccomas,2026-07-16T10:45:00+00:00,169,600,28.1667,synthetic
mccomas,2026-07-16T11:00:00+00:00,178,600,29.6667,synthetic
mccomas,2026-07-16T11:15:00+00:00,187,600,31.1667,synthetic
mccomas,2026-07-16T11:30:00+00:00,201,600,33.5,synthetic
mccomas,2026-07-16T11:45:00+00:00,181,600,30.1667,synthetic
mccomas,2026-07-16T12:00:00+00:00,176,600,29.3333,synthetic
mccomas,2026-07-16T12:15:00+00:00,148,600,24.6667,synthetic
mccomas,2026-07-16T12:30:00+00:00,136,600,22.6667,synthetic
mccomas,2026-07-16T12:45:00+00:00,110,600,18.3333,synthetic
mccomas,2026-07-16T13:00:00+00:00,106,600,17.6667,synthetic
mccomas,2026-07-16T13:15:00+00:00,93,600,15.5,synthetic
mccomas,2026-07-16T13:30:00+00:00,66,600,11.0,synthetic
mccomas,2026-07-16T13:45:00+00:00,91,600,15.1667,synthetic
mccomas,2026-07-16T14:00:00+00:00,71,600,11.8333,synthetic
mccomas,2026-07-16T14:15:00+00:00,97,600,16.1667,synthetic
mccomas,2026-07-16T14:30:00+00:00,104,600,17.3333,synthetic
mccomas,2026-07-16T14:45:00+00:00,129,600,21.5,synthetic
mccomas,2026-07-16T15:00:00+00:00,133,600,22.1667,synthetic
mccomas,2026-07-16T15:15:00+00:00,169,600,28.1667,synthetic
mccomas,2026-07-16T15:30:00+00:00,177,600,29.5,synthetic
mccomas,2026-07-16T15:45:00+00:00,176,600,29.3333,synthetic
mccomas,2026-07-16T16:00:00+00:00,201,600,33.5,synthetic
mccomas,2026-07-16T16:15:00+00:00,204,600,34.0,synthetic
mccomas,2026-07-16T16:30:00+00:00,206,600,34.3333,synthetic
mccomas,2026-07-16T16:45:00+00:00,220,600,36.6667,synthetic
mccomas,2026-07-16T17:00:00+00:00,220,600,36.6667,synthetic
mccomas,2026-07-16T17:15:00+00:00,193,600,32.1667,synthetic
mccomas,2026-07-16T17:30:00+00:00,195,600,32.5,synthetic
mccomas,2026-07-16T17:45:00+00:00,193,600,32.1667,synthetic
mccomas,2026-07-16T18:00:00+00:00,189,600,31.5,synthetic
mccomas,2026-07-16T18:15:00+00:00,168,600,28.0,synthetic
mccomas,2026-07-16T18:30:00+00:00,171,600,28.5,synthetic
mccomas,2026-07-16T18:45:00+00:00,188,600,31.3333,synthetic
mccomas,2026-07-16T19:00:00+00:00,205,600,34.1667,synthetic
mccomas,2026-07-16T19:15:00+00:00,229,600,38.1667,synthetic
mccomas,2026-07-16T19:30:00+00:00,261,600,43.5,synthetic
mccomas,2026-07-16T19:45:00+00:00,296,600,49.3333,synthetic
mccomas,2026-07-16T20:00:00+00:00,343,600,57.1667,synthetic
mccomas,2026-07-16T20:15:00+00:00,362,600,60.3333,synthetic
mccomas,2026-07-16T20:30:00+00:00,395,600,65.8333,synthetic
mccomas,2026-07-16T20:45:00+00:00,427,600,71.1667,synthetic
mccomas,2026-07-16T21:00:00+00:00,439,600,73.1667,synthetic
mccomas,2026-07-16T21:15:00+00:00,457,600,76.1667,synthetic
mccomas,2026-07-16T21:30:00+00:00,474,600,79.0,synthetic
mccomas,2026-07-16T21:45:00+00:00,466,600,77.6667,synthetic
mccomas,2026-07-16T22:00:00+00:00,459,600,76.5,synthetic
mccomas,2026-07-16T22:15:00+00:00,428,600,71.3333,synthetic
mccomas,2026-07-16T22:30:00+00:00,410,600,68.3333,synthetic
mccomas,2026-07-16T22:45:00+00:00,379,600,63.1667,synthetic
mccomas,2026-07-16T23:00:00+00:00,344,600,57.3333,synthetic
mccomas,2026-07-16T23:15:00+00:00,289,600,48.1667,synthetic
mccomas,2026-07-16T23:30:00+00:00,264,600,44.0,synthetic
mccomas,2026-07-16T23:45:00+00:00,215,600,35.8333,synthetic
mccomas,2026-07-17T00:00:00+00:00,186,600,31.0,synthetic
mccomas,2026-07-17T00:15:00+00:00,158,600,26.3333,synthetic
mccomas,2026-07-17T00:30:00+00:00,163,600,27.1667,synthetic
mccomas,2026-07-17T00:45:00+00:00,118,600,19.6667,synthetic
mccomas,2026-07-17T01:00:00+00:00,96,600,16.0,synthetic
mccomas,2026-07-17T01:15:00+00:00,75,600,12.5,synthetic
mccomas,2026-07-17T01:30:00+00:00,56,600,9.3333,synthetic
mccomas,2026-07-17T01:45:00+00:00,50,600,8.3333,synthetic
mccomas,2026-07-17T02:00:00+00:00,49,600,8.1667,synthetic
mccomas,2026-07-17T02:15:00+00:00,19,600,3.1667,synthetic
mccomas,2026-07-17T02:30:00+00:00,13,600,2.1667,synthetic
mccomas,2026-07-17T02:45:00+00:00,38,600,6.3333,synthetic
mccomas,2026-07-17T03:00:00+00:00,10,600,1.6667,synthetic
mccomas,2026-07-17T03:15:00+00:00,15,600,2.5,synthetic
mccomas,2026-07-17T03:30:00+00:00,27,600,4.5,synthetic
mccomas,2026-07-17T03:45:00+00:00,26,600,4.3333,synthetic
war_memorial,2026-07-16T04:00:00+00:00,116,1200,9.6667,synthetic
war_memorial,2026-07-16T04:15:00+00:00,114,1200,9.5,synthetic
war_memorial,2026-07-16T04:30:00+00:00,160,1200,13.3333,synthetic
war_memorial,2026-07-16T04:45:00+00:00,125,1200,10.4167,synthetic
war_memorial,2026-07-16T05:00:00+00:00,115,1200,9.5833,synthetic
war_memorial,2026-07-16T05:15:00+00:00,139,1200,11.5833,synthetic
war_memorial,2026-07-16T05:30:00+00:00,131,1200,10.9167,synthetic
war_memorial,2026-07-16T05:45:00+00:00,116,1200,9.6667,synthetic
war_memorial,2026-07-16T06:00:00+00:00,139,1200,11.5833,synthetic
war_memorial,2026-07-16T06:15:00+00:00,138,1200,11.5,synthetic
war_memorial,2026-07-16T06:30:00+00:00,89,1200,7.4167,synthetic
war_memorial,2026-07-16T06:45:00+00:00,104,1200,8.6667,synthetic
war_memorial,2026-07-16T07:00:00+00:00,105,1200,8.75,synthetic
war_memorial,2026-07-16T07:15:00+00:00,110,1200,9.1667,synthetic
war_memorial,2026-07-16T07:30:00+00:00,121,1200,10.0833,synthetic
war_memorial,2026-07-16T07:45:00+00:00,123,1200,10.25,synthetic
war_memorial,2026-07-16T08:00:00+00:00,135,1200,11.25,synthetic
war_memorial,2026-07-16T08:15:00+00:00,137,1200,11.4167,synthetic
war_memorial,2026-07-16T08:30:00+00:00,127,1200,10.5833,synthetic
war_memorial,2026-07-16T08:45:00+00:00,128,1200,10.6667,synthetic
war_memorial,2026-07-16T09:00:00+00:00,110,1200,9.1667,synthetic
war_memorial,2026-07-16T09:15:00+00:00,137,1200,11.4167,synthetic
war_memorial,2026-07-16T09:30:00+00:00,114,1200,9.5,synthetic
war_memorial,2026-07-16T09:45:00+00:00,156,1200,13.0,synthetic
war_memorial,2026-07-16T10:00:00+00:00,175,1200,14.5833,synthetic
war_memorial,2026-07-16T10:15:00+00:00,195,1200,16.25,synthetic
war_memorial,2026-07-16T10:30:00+00:00,191,1200,15.9167,synthetic
war_memorial,2026-07-16T10:45:00+00:00,215,1200,17.9167,synthetic
war_memorial,2026-07-16T11:00:00+00:00,300,1200,25.0,synthetic
war_memorial,2026-07-16T11:15:00+00:00,353,1200,29.4167,synthetic
war_memorial,2026-07-16T11:30:00+00:00,389,1200,32.4167,synthetic
war_memorial,2026-07-16T11:45:00+00:00,446,1200,37.1667,synthetic
war_memorial,2026-07-16T12:00:00+00:00,441,1200,36.75,synthetic
war_memorial,2026-07-16T12:15:00+00:00,414,1200,34.5,synthetic
war_memorial,2026-07-16T12:30:00+00:00,414,1200,34.5,synthetic
war_memorial,2026-07-16T12:45:00+00:00,377,1200,31.4167,synthetic
war_memorial,2026-07-16T13:00:00+00:00,346,1200,28.8333,synthetic
war_memorial,2026-07-16T13:15:00+00:00,266,1200,22.1667,synthetic
war_memorial,2026-07-16T13:30:00+00:00,303,1200,25.25,synthetic
war_memorial,2026-07-16T13:45:00+00:00,299,1200,24.9167,synthetic
war_memorial,2026-07-16T14:00:00+00:00,260,1200,21.6667,synthetic
war_memorial,2026-07-16T14:15:00+00:00,268,1200,22.3333,synthetic
war_memorial,2026-07-16T14:30:00+00:00,295,1200,24.5833,synthetic
war_memorial,2026-07-16T14:45:00+00:00,314,1200,26.1667,synthetic
war_memorial,2026-07-16T15:00:00+00:00,332,1200,27.6667,synthetic
war_memorial,2026-07-16T15:15:00+00:00,362,1200,30.1667,synthetic
war_memorial,2026-07-16T15:30:00+00:00,360,1200,30.0,synthetic
war_memorial,2026-07-16T15:45:00+00:00,416,1200,34.6667,synthetic
war_memorial,2026-07-16T16:00:00+00:00,415,1200,34.5833,synthetic
war_memorial,2026-07-16T16:15:00+00:00,436,1200,36.3333,synthetic
war_memorial,2026-07-16T16:30:00+00:00,424,1200,35.3333,synthetic
war_memorial,2026-07-16T16:45:00+00:00,436,1200,36.3333,synthetic
war_memorial,2026-07-16T17:00:00+00:00,460,1200,38.3333,synthetic
war_memorial,2026-07-16T17:15:00+00:00,483,1200,40.25,synthetic
war_memorial,2026-07-16T17:30:00+00:00,416,1200,34.6667,synthetic
war_memorial,2026-07-16T17:45:00+00:00,404,1200,33.6667,synthetic
war_memorial,2026-07-16T18:00:00+00:00,375,1200,31.25,synthetic
war_memorial,2026-07-16T18:15:00+00:00,360,1200,30.0,synthetic
war_memorial,2026-07-16T18:30:00+00:00,307,1200,25.5833,synthetic
war_memorial,2026-07-16T18:45:00+00:00,302,1200,25.1667,synthetic
war_memorial,2026-07-16T19:00:00+00:00,282,1200,23.5,synthetic
war_memorial,2026-07-16T19:15:00+00:00,291,1200,24.25,synthetic
war_memorial,2026-07-16T19:30:00+00:00,282,1200,23.5,synthetic
war_memorial,2026-07-16T19:45:00+00:00,326,1200,27.1667,synthetic
war_memorial,2026-07-16T20:00:00+00:00,385,1200,32.0833,synthetic
war_memorial,2026-07-16T20:15:00+00:00,440,1200,36.6667,synthetic
war_memorial,2026-07-16T20:30:00+00:00,508,1200,42.3333,synthetic
war_memorial,2026-07-16T20:45:00+00:00,524,1200,43.6667,synthetic
war_memorial,2026-07-16T21:00:00+00:00,630,1200,52.5,synthetic
war_memorial,2026-07-16T21:15:00+00:00,670,1200,55.8333,synthetic
war_memorial,2026-07-16T21:30:00+00:00,733,1200,61.0833,synthetic
war_memorial,2026-07-16T21:45:00+00:00,763,1200,63.5833,synthetic
war_memorial,2026-07-16T22:00:00+00:00,811,1200,67.5833,synthetic
war_memorial,2026-07-16T22:15:00+00:00,827,1200,68.9167,synthetic
war_memorial,2026-07-16T22:30:00+00:00,841,1200,70.0833,synthetic
war_memorial,2026-07-16T22:45:00+00:00,853,1200,71.0833,synthetic
war_memorial,2026-07-16T23:00:00+00:00,813,1200,67.75,synthetic
war_memorial,2026-07-16T23:15:00+00:00,795,1200,66.25,synthetic
war_memorial,2026-07-16T23:30:00+00:00,742,1200,61.8333,synthetic
war_memorial,2026-07-16T23:45:00+00:00,730,1200,60.8333,synthetic
war_memorial,2026-07-17T00:00:00+00:00,629,1200,52.4167,synthetic
war_memorial,2026-07-17T00:15:00+00:00,569,1200,47.4167,synthetic
war_memorial,2026-07-17T00:30:00+00:00,506,1200,42.1667,synthetic
war_memorial,2026-07-17T00:45:00+00:00,454,1200,37.8333,synthetic
war_memorial,2026-07-17T01:00:00+00:00,395,1200,32.9167,synthetic
war_memorial,2026-07-17T01:15:00+00:00,335,1200,27.9167,synthetic
war_memorial,2026-07-17T01:30:00+00:00,283,1200,23.5833,synthetic
war_memorial,2026-07-17T01:45:00+00:00,231,1200,19.25,synthetic
war_memorial,2026-07-17T02:00:00+00:00,215,1200,17.9167,synthetic
war_memorial,2026-07-17T02:15:00+00:00,232,1200,19.3333,synthetic
war_memorial,2026-07-17T02:30:00+00:00,185,1200,15.4167,synthetic
war_memorial,2026-07-17T02:45:00+00:00,174,1200,14.5,synthetic
war_memorial,2026-07-17T03:00:00+00:00,147,1200,12.25,synthetic
war_memorial,2026-07-17T03:15:00+00:00,141,1200,11.75,synthetic
war_memorial,2026-07-17T03:30:00+00:00,110,1200,9.1667,synthetic
war_memorial,2026-07-17T03:45:00+00:00,123,1200,10.25,synthetic
mccomas,2026-07-17T04:00:00+00:00,63,600,10.5,synthetic
mccomas,2026-07-17T04:15:00+00:00,60,600,10.0,synthetic
mccomas,2026-07-17T04:30:00+00:00,75,600,12.5,synthetic
mccomas,2026-07-17T04:45:00+00:00,61,600,10.1667,synthetic
mccomas,2026-07-17T05:00:00+00:00,55,600,9.1667,synthetic
mccomas,2026-07-17T05:15:00+00:00,58,600,9.6667,synthetic
mccomas,2026-07-17T05:30:00+00:00,55,600,9.1667,synthetic
mccomas,2026-07-17T05:45:00+00:00,53,600,8.8333,synthetic
mccomas,2026-07-17T06:00:00+00:00,58,600,9.6667,synthetic
mccomas,2026-07-17T06:15:00+00:00,47,600,7.8333,synthetic
mccomas,2026-07-17T06:30:00+00:00,55,600,9.1667,synthetic
mccomas,2026-07-17T06:45:00+00:00,54,600,9.0,synthetic
mccomas,2026-07-17T07:00:00+00:00,50,600,8.3333,synthetic
mccomas,2026-07-17T07:15:00+00:00,58,600,9.6667,synthetic
mccomas,2026-07-17T07:30:00+00:00,59,600,9.8333,synthetic
mccomas,2026-07-17T07:45:00+00:00,70,600,11.6667,synthetic
mccomas,2026-07-17T08:00:00+00:00,80,600,13.3333,synthetic
mccomas,2026-07-17T08:15:00+00:00,70,600,11.6667,synthetic
mccomas,2026-07-17T08:30:00+00:00,64,600,10.6667,synthetic
mccomas,2026-07-17T08:45:00+00:00,55,600,9.1667,synthetic
mccomas,2026-07-17T09:00:00+00:00,87,600,14.5,synthetic
mccomas,2026-07-17T09:15:00+00:00,104,600,17.3333,synthetic
mccomas,2026-07-17T09:30:00+00:00,110,600,18.3333,synthetic
mccomas,2026-07-17T09:45:00+00:00,111,600,18.5,synthetic
mccomas,2026-07-17T10:00:00+00:00,111,600,18.5,synthetic
mccomas,2026-07-17T10:15:00+00:00,116,600,19.3333,synthetic
mccomas,2026-07-17T10:30:00+00:00,137,600,22.8333,synthetic
mccomas,2026-07-17T10:45:00+00:00,146,600,24.3333,synthetic
mccomas,2026-07-17T11:00:00+00:00,165,600,27.5,synthetic
mccomas,2026-07-17T11:15:00+00:00,173,600,28.8333,synthetic
mccomas,2026-07-17T11:30:00+00:00,174,600,29.0,synthetic
mccomas,2026-07-17T11:45:00+00:00,185,600,30.8333,synthetic
mccomas,2026-07-17T12:00:00+00:00,180,600,30.0,synthetic
mccomas,2026-07-17T12:15:00+00:00,172,600,28.6667,synthetic
mccomas,2026-07-17T12:30:00+00:00,144,600,24.0,synthetic
mccomas,2026-07-17T12:45:00+00:00,128,600,21.3333,synthetic
mccomas,2026-07-17T13:00:00+00:00,109,600,18.1667,synthetic
mccomas,2026-07-17T13:15:00+00:00,105,600,17.5,synthetic
mccomas,2026-07-17T13:30:00+00:00,114,600,19.0,synthetic
mccomas,2026-07-17T13:45:00+00:00,102,600,17.0,synthetic
mccomas,2026-07-17T14:00:00+00:00,111,600,18.5,synthetic
mccomas,2026-07-17T14:15:00+00:00,120,600,20.0,synthetic
mccomas,2026-07-17T14:30:00+00:00,125,600,20.8333,synthetic
mccomas,2026-07-17T14:45:00+00:00,139,600,23.1667,synthetic
mccomas,2026-07-17T15:00:00+00:00,157,600,26.1667,synthetic
mccomas,2026-07-17T15:15:00+00:00,165,600,27.5,synthetic
mccomas,2026-07-17T15:30:00+00:00,203,600,33.8333,synthetic
mccomas,2026-07-17T15:45:00+00:00,202,600,33.6667,synthetic
mccomas,2026-07-17T16:00:00+00:00,208,600,34.6667,synthetic
mccomas,2026-07-17T16:15:00+00:00,226,600,37.6667,synthetic
mccomas,2026-07-17T16:30:00+00:00,239,600,39.8333,synthetic
mccomas,2026-07-17T16:45:00+00:00,226,600,37.6667,synthetic
mccomas,2026-07-17T17:00:00+00:00,223,600,37.1667,synthetic
mccomas,2026-07-17T17:15:00+00:00,189,600,31.5,synthetic
mccomas,2026-07-17T17:30:00+00:00,199,600,33.1667,synthetic
mccomas,2026-07-17T17:45:00+00:00,189,600,31.5,synthetic
mccomas,2026-07-17T18:00:00+00:00,203,600,33.8333,synthetic
mccomas,2026-07-17T18:15:00+00:00,199,600,33.1667,synthetic
mccomas,2026-07-17T18:30:00+00:00,220,600,36.6667,synthetic
mccomas,2026-07-17T18:45:00+00:00,227,600,37.8333,synthetic
mccomas,2026-07-17T19:00:00+00:00,239,600,39.8333,synthetic
mccomas,2026-07-17T19:15:00+00:00,263,600,43.8333,synthetic
mccomas,2026-07-17T19:30:00+00:00,299,600,49.8333,synthetic
mccomas,2026-07-17T19:45:00+00:00,314,600,52.3333,synthetic
mccomas,2026-07-17T20:00:00+00:00,338,600,56.3333,synthetic
mccomas,2026-07-17T20:15:00+00:00,390,600,65.0,synthetic
mccomas,2026-07-17T20:30:00+00:00,421,600,70.1667,synthetic
mccomas,2026-07-17T20:45:00+00:00,432,600,72.0,synthetic
mccomas,2026-07-17T21:00:00+00:00,455,600,75.8333,synthetic
mccomas,2026-07-17T21:15:00+00:00,484,600,80.6667,synthetic
mccomas,2026-07-17T21:30:00+00:00,478,600,79.6667,synthetic
mccomas,2026-07-17T21:45:00+00:00,485,600,80.8333,synthetic
mccomas,2026-07-17T22:00:00+00:00,467,600,77.8333,synthetic
mccomas,2026-07-17T22:15:00+00:00,453,600,75.5,synthetic
mccomas,2026-07-17T22:30:00+00:00,425,600,70.8333,synthetic
mccomas,2026-07-17T22:45:00+00:00,389,600,64.8333,synthetic
mccomas,2026-07-17T23:00:00+00:00,354,600,59.0,synthetic
mccomas,2026-07-17T23:15:00+00:00,306,600,51.0,synthetic
mccomas,2026-07-17T23:30:00+00:00,276,600,46.0,synthetic
mccomas,2026-07-17T23:45:00+00:00,225,600,37.5,synthetic
mccomas,2026-07-18T00:00:00+00:00,204,600,34.0,synthetic
mccomas,2026-07-18T00:15:00+00:00,170,600,28.3333,synthetic
mccomas,2026-07-18T00:30:00+00:00,149,600,24.8333,synthetic
mccomas,2026-07-18T00:45:00+00:00,123,600,20.5,synthetic
mccomas,2026-07-18T01:00:00+00:00,98,600,16.3333,synthetic
mccomas,2026-07-18T01:15:00+00:00,93,600,15.5,synthetic
mccomas,2026-07-18T01:30:00+00:00,96,600,16.0,synthetic
mccomas,2026-07-18T01:45:00+00:00,106,600,17.6667,synthetic
mccomas,2026-07-18T02:00:00+00:00,88,600,14.6667,synthetic
mccomas,2026-07-18T02:15:00+00:00,84,600,14.0,synthetic
mccomas,2026-07-18T02:30:00+00:00,61,600,10.1667,synthetic
mccomas,2026-07-18T02:45:00+00:00,55,600,9.1667,synthetic
mccomas,2026-07-18T03:00:00+00:00,65,600,10.8333,synthetic
mccomas,2026-07-18T03:15:00+00:00,61,600,10.1667,synthetic
mccomas,2026-07-18T03:30:00+00:00,71,600,11.8333,synthetic
mccomas,2026-07-18T03:45:00+00:00,58,600,9.6667,synthetic
war_memorial,2026-07-17T04:00:00+00:00,5,1200,0.4167,synthetic
war_memorial,2026-07-17T04:15:00+00:00,0,1200,0.0,synthetic
war_memorial,2026-07-17T04:30:00+00:00,0,1200,0.0,synthetic
war_memorial,2026-07-17T04:45:00+00:00,18,1200,1.5,synthetic
war_memorial,2026-07-17T05:00:00+00:00,0,1200,0.0,synthetic
war_memorial,2026-07-17T05:15:00+00:00,0,1200,0.0,synthetic
war_memorial,2026-07-17T05:30:00+00:00,42,1200,3.5,synthetic
war_memorial,2026-07-17T05:45:00+00:00,8,1200,0.6667,synthetic
war_memorial,2026-07-17T06:00:00+00:00,8,1200,0.6667,synthetic
war_memorial,2026-07-17T06:15:00+00:00,0,1200,0.0,synthetic
war_memorial,2026-07-17T06:30:00+00:00,0,1200,0.0,synthetic
war_memorial,2026-07-17T06:45:00+00:00,10,1200,0.8333,synthetic
war_memorial,2026-07-17T07:00:00+00:00,0,1200,0.0,synthetic
war_memorial,2026-07-17T07:15:00+00:00,5,1200,0.4167,synthetic
war_memorial,2026-07-17T07:30:00+00:00,0,1200,0.0,synthetic
war_memorial,2026-07-17T07:45:00+00:00,0,1200,0.0,synthetic
war_memorial,2026-07-17T08:00:00+00:00,4,1200,0.3333,synthetic
war_memorial,2026-07-17T08:15:00+00:00,0,1200,0.0,synthetic
war_memorial,2026-07-17T08:30:00+00:00,0,1200,0.0,synthetic
war_memorial,2026-07-17T08:45:00+00:00,0,1200,0.0,synthetic
war_memorial,2026-07-17T09:00:00+00:00,0,1200,0.0,synthetic
war_memorial,2026-07-17T09:15:00+00:00,23,1200,1.9167,synthetic
war_memorial,2026-07-17T09:30:00+00:00,0,1200,0.0,synthetic
war_memorial,2026-07-17T09:45:00+00:00,51,1200,4.25,synthetic
war_memorial,2026-07-17T10:00:00+00:00,82,1200,6.8333,synthetic
war_memorial,2026-07-17T10:15:00+00:00,141,1200,11.75,synthetic
war_memorial,2026-07-17T10:30:00+00:00,158,1200,13.1667,synthetic
war_memorial,2026-07-17T10:45:00+00:00,177,1200,14.75,synthetic
war_memorial,2026-07-17T11:00:00+00:00,213,1200,17.75,synthetic
war_memorial,2026-07-17T11:15:00+00:00,271,1200,22.5833,synthetic
war_memorial,2026-07-17T11:30:00+00:00,270,1200,22.5,synthetic
war_memorial,2026-07-17T11:45:00+00:00,276,1200,23.0,synthetic
war_memorial,2026-07-17T12:00:00+00:00,316,1200,26.3333,synthetic
war_memorial,2026-07-17T12:15:00+00:00,281,1200,23.4167,synthetic
war_memorial,2026-07-17T12:30:00+00:00,261,1200,21.75,synthetic
war_memorial,2026-07-17T12:45:00+00:00,263,1200,21.9167,synthetic
war_memorial,2026-07-17T13:00:00+00:00,261,1200,21.75,synthetic
war_memorial,2026-07-17T13:15:00+00:00,208,1200,17.3333,synthetic
war_memorial,2026-07-17T13:30:00+00:00,188,1200,15.6667,synthetic
war_memorial,2026-07-17T13:45:00+00:00,146,1200,12.1667,synthetic
war_memorial,2026-07-17T14:00:00+00:00,124,1200,10.3333,synthetic
war_memorial,2026-07-17T14:15:00+00:00,119,1200,9.9167,synthetic
war_memorial,2026-07-17T14:30:00+00:00,171,1200,14.25,synthetic
war_memorial,2026-07-17T14:45:00+00:00,177,1200,14.75,synthetic
war_memorial,2026-07-17T15:00:00+00:00,192,1200,16.0,synthetic
war_memorial,2026-07-17T15:15:00+00:00,237,1200,19.75,synthetic
war_memorial,2026-07-17T15:30:00+00:00,250,1200,20.8333,synthetic
war_memorial,2026-07-17T15:45:00+00:00,300,1200,25.0,synthetic
war_memorial,2026-07-17T16:00:00+00:00,366,1200,30.5,synthetic
war_memorial,2026-07-17T16:15:00+00:00,325,1200,27.0833,synthetic
war_memorial,2026-07-17T16:30:00+00:00,376,1200,31.3333,synthetic
war_memorial,2026-07-17T16:45:00+00:00,327,1200,27.25,synthetic
war_memorial,2026-07-17T17:00:00+00:00,345,1200,28.75,synthetic
war_memorial,2026-07-17T17:15:00+00:00,356,1200,29.6667,synthetic
war_memorial,2026-07-17T17:30:00+00:00,327,1200,27.25,synthetic
war_memorial,2026-07-17T17:45:00+00:00,295,1200,24.5833,synthetic
war_memorial,2026-07-17T18:00:00+00:00,259,1200,21.5833,synthetic
war_memorial,2026-07-17T18:15:00+00:00,250,1200,20.8333,synthetic
war_memorial,2026-07-17T18:30:00+00:00,231,1200,19.25,synthetic
war_memorial,2026-07-17T18:45:00+00:00,191,1200,15.9167,synthetic
war_memorial,2026-07-17T19:00:00+00:00,194,1200,16.1667,synthetic
war_memorial,2026-07-17T19:15:00+00:00,173,1200,14.4167,synthetic
war_memorial,2026-07-17T19:30:00+00:00,193,1200,16.0833,synthetic
war_memorial,2026-07-17T19:45:00+00:00,234,1200,19.5,synthetic
war_memorial,2026-07-17T20:00:00+00:00,267,1200,22.25,synthetic
war_memorial,2026-07-17T20:15:00+00:00,339,1200,28.25,synthetic
war_memorial,2026-07-17T20:30:00+00:00,405,1200,33.75,synthetic
war_memorial,2026-07-17T20:45:00+00:00,468,1200,39.0,synthetic
war_memorial,2026-07-17T21:00:00+00:00,546,1200,45.5,synthetic
war_memorial,2026-07-17T21:15:00+00:00,626,1200,52.1667,synthetic
war_memorial,2026-07-17T21:30:00+00:00,661,1200,55.0833,synthetic
war_memorial,2026-07-17T21:45:00+00:00,733,1200,61.0833,synthetic
war_memorial,2026-07-17T22:00:00+00:00,763,1200,63.5833,synthetic
war_memorial,2026-07-17T22:15:00+00:00,772,1200,64.3333,synthetic
war_memorial,2026-07-17T22:30:00+00:00,802,1200,66.8333,synthetic
war_memorial,2026-07-17T22:45:00+00:00,775,1200,64.5833,synthetic
war_memorial,2026-07-17T23:00:00+00:00,764,1200,63.6667,synthetic
war_memorial,2026-07-17T23:15:00+00:00,733,1200,61.0833,synthetic
war_memorial,2026-07-17T23:30:00+00:00,674,1200,56.1667,synthetic
war_memorial,2026-07-17T23:45:00+00:00,578,1200,48.1667,synthetic
war_memorial,2026-07-18T00:00:00+00:00,530,1200,44.1667,synthetic
war_memorial,2026-07-18T00:15:00+00:00,462,1200,38.5,synthetic
war_memorial,2026-07-18T00:30:00+00:00,356,1200,29.6667,synthetic
war_memorial,2026-07-18T00:45:00+00:00,306,1200,25.5,synthetic
war_memorial,2026-07-18T01:00:00+00:00,245,1200,20.4167,synthetic
war_memorial,2026-07-18T01:15:00+00:00,180,1200,15.0,synthetic
war_memorial,2026-07-18T01:30:00+00:00,94,1200,7.8333,synthetic
war_memorial,2026-07-18T01:45:00+00:00,73,1200,6.0833,synthetic
war_memorial,2026-07-18T02:00:00+00:00,78,1200,6.5,synthetic
war_memorial,2026-07-18T02:15:00+00:00,23,1200,1.9167,synthetic
war_memorial,2026-07-18T02:30:00+00:00,30,1200,2.5,synthetic
war_memorial,2026-07-18T02:45:00+00:00,0,1200,0.0,synthetic
war_memorial,2026-07-18T03:00:00+00:00,23,1200,1.9167,synthetic
war_memorial,2026-07-18T03:15:00+00:00,32,1200,2.6667,synthetic
war_memorial,2026-07-18T03:30:00+00:00,12,1200,1.0,synthetic
war_memorial,2026-07-18T03:45:00+00:00,19,1200,1.5833,synthetic
mccomas,2026-07-18T04:00:00+00:00,69,600,11.5,synthetic
mccomas,2026-07-18T04:15:00+00:00,75,600,12.5,synthetic
mccomas,2026-07-18T04:30:00+00:00,65,600,10.8333,synthetic
mccomas,2026-07-18T04:45:00+00:00,58,600,9.6667,synthetic
mccomas,2026-07-18T05:00:00+00:00,40,600,6.6667,synthetic
mccomas,2026-07-18T05:15:00+00:00,62,600,10.3333,synthetic
mccomas,2026-07-18T05:30:00+00:00,57,600,9.5,synthetic
mccomas,2026-07-18T05:45:00+00:00,78,600,13.0,synthetic
mccomas,2026-07-18T06:00:00+00:00,64,600,10.6667,synthetic
mccomas,2026-07-18T06:15:00+00:00,64,600,10.6667,synthetic
mccomas,2026-07-18T06:30:00+00:00,78,600,13.0,synthetic
mccomas,2026-07-18T06:45:00+00:00,73,600,12.1667,synthetic
mccomas,2026-07-18T07:00:00+00:00,53,600,8.8333,synthetic
mccomas,2026-07-18T07:15:00+00:00,60,600,10.0,synthetic
mccomas,2026-07-18T07:30:00+00:00,57,600,9.5,synthetic
mccomas,2026-07-18T07:45:00+00:00,60,600,10.0,synthetic
mccomas,2026-07-18T08:00:00+00:00,76,600,12.6667,synthetic
mccomas,2026-07-18T08:15:00+00:00,75,600,12.5,synthetic
mccomas,2026-07-18T08:30:00+00:00,79,600,13.1667,synthetic
mccomas,2026-07-18T08:45:00+00:00,59,600,9.8333,synthetic
mccomas,2026-07-18T09:00:00+00:00,64,600,10.6667,synthetic
mccomas,2026-07-18T09:15:00+00:00,75,600,12.5,synthetic
mccomas,2026-07-18T09:30:00+00:00,67,600,11.1667,synthetic
mccomas,2026-07-18T09:45:00+00:00,58,600,9.6667,synthetic
mccomas,2026-07-18T10:00:00+00:00,80,600,13.3333,synthetic
mccomas,2026-07-18T10:15:00+00:00,61,600,10.1667,synthetic
mccomas,2026-07-18T10:30:00+00:00,60,600,10.0,synthetic
mccomas,2026-07-18T10:45:00+00:00,63,600,10.5,synthetic
mccomas,2026-07-18T11:00:00+00:00,67,600,11.1667,synthetic
mccomas,2026-07-18T11:15:00+00:00,71,600,11.8333,synthetic
mccomas,2026-07-18T11:30:00+00:00,80,600,13.3333,synthetic
mccomas,2026-07-18T11:45:00+00:00,66,600,11.0,synthetic
mccomas,2026-07-18T12:00:00+00:00,95,600,15.8333,synthetic
mccomas,2026-07-18T12:15:00+00:00,85,600,14.1667,synthetic
mccomas,2026-07-18T12:30:00+00:00,97,600,16.1667,synthetic
mccomas,2026-07-18T12:45:00+00:00,109,600,18.1667,synthetic
mccomas,2026-07-18T13:00:00+00:00,134,600,22.3333,synthetic
mccomas,2026-07-18T13:15:00+00:00,144,600,24.0,synthetic
mccomas,2026-07-18T13:30:00+00:00,170,600,28.3333,synthetic
mccomas,2026-07-18T13:45:00+00:00,199,600,33.1667,synthetic
mccomas,2026-07-18T14:00:00+00:00,236,600,39.3333,synthetic
mccomas,2026-07-18T14:15:00+00:00,263,600,43.8333,synthetic
mccomas,2026-07-18T14:30:00+00:00,302,600,50.3333,synthetic
mccomas,2026-07-18T14:45:00+00:00,310,600,51.6667,synthetic
mccomas,2026-07-18T15:00:00+00:00,300,600,50.0,synthetic
mccomas,2026-07-18T15:15:00+00:00,325,600,54.1667,synthetic
mccomas,2026-07-18T15:30:00+00:00,313,600,52.1667,synthetic
mccomas,2026-07-18T15:45:00+00:00,309,600,51.5,synthetic
mccomas,2026-07-18T16:00:00+00:00,310,600,51.6667,synthetic
mccomas,2026-07-18T16:15:00+00:00,306,600,51.0,synthetic
mccomas,2026-07-18T16:30:00+00:00,305,600,50.8333,synthetic
mccomas,2026-07-18T16:45:00+00:00,293,600,48.8333,synthetic
mccomas,2026-07-18T17:00:00+00:00,255,600,42.5,synthetic
mccomas,2026-07-18T17:15:00+00:00,238,600,39.6667,synthetic
mccomas,2026-07-18T17:30:00+00:00,219,600,36.5,synthetic
mccomas,2026-07-18T17:45:00+00:00,219,600,36.5,synthetic
mccomas,2026-07-18T18:00:00+00:00,222,600,37.0,synthetic
mccomas,2026-07-18T18:15:00+00:00,238,600,39.6667,synthetic
mccomas,2026-07-18T18:30:00+00:00,262,600,43.6667,synthetic
mccomas,2026-07-18T18:45:00+00:00,278,600,46.3333,synthetic
mccomas,2026-07-18T19:00:00+00:00,317,600,52.8333,synthetic
mccomas,2026-07-18T19:15:00+00:00,325,600,54.1667,synthetic
mccomas,2026-07-18T19:30:00+00:00,331,600,55.1667,synthetic
mccomas,2026-07-18T19:45:00+00:00,343,600,57.1667,synthetic
mccomas,2026-07-18T20:00:00+00:00,366,600,61.0,synthetic
mccomas,2026-07-18T20:15:00+00:00,365,600,60.8333,synthetic
mccomas,2026-07-18T20:30:00+00:00,384,600,64.0,synthetic
mccomas,2026-07-18T20:45:00+00:00,375,600,62.5,synthetic
mccomas,2026-07-18T21:00:00+00:00,365,600,60.8333,synthetic
mccomas,2026-07-18T21:15:00+00:00,356,600,59.3333,synthetic
mccomas,2026-07-18T21:30:00+00:00,318,600,53.0,synthetic
mccomas,2026-07-18T21:45:00+00:00,296,600,49.3333,synthetic
mccomas,2026-07-18T22:00:00+00:00,252,600,42.0,synthetic
mccomas,2026-07-18T22:15:00+00:00,243,600,40.5,synthetic
mccomas,2026-07-18T22:30:00+00:00,213,600,35.5,synthetic
mccomas,2026-07-18T22:45:00+00:00,193,600,32.1667,synthetic
mccomas,2026-07-18T23:00:00+00:00,179,600,29.8333,synthetic
mccomas,2026-07-18T23:15:00+00:00,141,600,23.5,synthetic
mccomas,2026-07-18T23:30:00+00:00,127,600,21.1667,synthetic
mccomas,2026-07-18T23:45:00+00:00,119,600,19.8333,synthetic
mccomas,2026-07-19T00:00:00+00:00,116,600,19.3333,synthetic
mccomas,2026-07-19T00:15:00+00:00,110,600,18.3333,synthetic
mccomas,2026-07-19T00:30:00+00:00,92,600,15.3333,synthetic
mccomas,2026-07-19T00:45:00+00:00,82,600,13.6667,synthetic
mccomas,2026-07-19T01:00:00+00:00,72,600,12.0,synthetic
mccomas,2026-07-19T01:15:00+00:00,38,600,6.3333,synthetic
mccomas,2026-07-19T01:30:00+00:00,66,600,11.0,synthetic
mccomas,2026-07-19T01:45:00+00:00,27,600,4.5,synthetic
mccomas,2026-07-19T02:00:00+00:00,57,600,9.5,synthetic
mccomas,2026-07-19T02:15:00+00:00,47,600,7.8333,synthetic
mccomas,2026-07-19T02:30:00+00:00,61,600,10.1667,synthetic
mccomas,2026-07-19T02:45:00+00:00,65,600,10.8333,synthetic
mccomas,2026-07-19T03:00:00+00:00,53,600,8.8333,synthetic
mccomas,2026-07-19T03:15:00+00:00,54,600,9.0,synthetic
mccomas,2026-07-19T03:30:00+00:00,44,600,7.3333,synthetic
mccomas,2026-07-19T03:45:00+00:00,48,600,8.0,synthetic
war_memorial,2026-07-18T04:00:00+00:00,29,1200,2.4167,synthetic
war_memorial,2026-07-18T04:15:00+00:00,39,1200,3.25,synthetic
war_memorial,2026-07-18T04:30:00+00:00,52,1200,4.3333,synthetic
war_memorial,2026-07-18T04:45:00+00:00,36,1200,3.0,synthetic
war_memorial,2026-07-18T05:00:00+00:00,56,1200,4.6667,synthetic
war_memorial,2026-07-18T05:15:00+00:00,40,1200,3.3333,synthetic
war_memorial,2026-07-18T05:30:00+00:00,59,1200,4.9167,synthetic
war_memorial,2026-07-18T05:45:00+00:00,73,1200,6.0833,synthetic
war_memorial,2026-07-18T06:00:00+00:00,13,1200,1.0833,synthetic
war_memorial,2026-07-18T06:15:00+00:00,29,1200,2.4167,synthetic
war_memorial,2026-07-18T06:30:00+00:00,0,1200,0.0,synthetic
war_memorial,2026-07-18T06:45:00+00:00,16,1200,1.3333,synthetic
war_memorial,2026-07-18T07:00:00+00:00,0,1200,0.0,synthetic
war_memorial,2026-07-18T07:15:00+00:00,4,1200,0.3333,synthetic
war_memorial,2026-07-18T07:30:00+00:00,0,1200,0.0,synthetic
war_memorial,2026-07-18T07:45:00+00:00,1,1200,0.0833,synthetic
war_memorial,2026-07-18T08:00:00+00:00,0,1200,0.0,synthetic
war_memorial,2026-07-18T08:15:00+00:00,8,1200,0.6667,synthetic
war_memorial,2026-07-18T08:30:00+00:00,0,1200,0.0,synthetic
war_memorial,2026-07-18T08:45:00+00:00,0,1200,0.0,synthetic
war_memorial,2026-07-18T09:00:00+00:00,0,1200,0.0,synthetic
war_memorial,2026-07-18T09:15:00+00:00,0,1200,0.0,synthetic
war_memorial,2026-07-18T09:30:00+00:00,13,1200,1.0833,synthetic
war_memorial,2026-07-18T09:45:00+00:00,20,1200,1.6667,synthetic
war_memorial,2026-07-18T10:00:00+00:00,13,1200,1.0833,synthetic
war_memorial,2026-07-18T10:15:00+00:00,16,1200,1.3333,synthetic
war_memorial,2026-07-18T10:30:00+00:00,38,1200,3.1667,synthetic
war_memorial,2026-07-18T10:45:00+00:00,43,1200,3.5833,synthetic
war_memorial,2026-07-18T11:00:00+00:00,36,1200,3.0,synthetic
war_memorial,2026-07-18T11:15:00+00:00,55,1200,4.5833,synthetic
war_memorial,2026-07-18T11:30:00+00:00,52,1200,4.3333,synthetic
war_memorial,2026-07-18T11:45:00+00:00,65,1200,5.4167,synthetic
war_memorial,2026-07-18T12:00:00+00:00,76,1200,6.3333,synthetic
war_memorial,2026-07-18T12:15:00+00:00,70,1200,5.8333,synthetic
war_memorial,2026-07-18T12:30:00+00:00,70,1200,5.8333,synthetic
war_memorial,2026-07-18T12:45:00+00:00,73,1200,6.0833,synthetic
war_memorial,2026-07-18T13:00:00+00:00,125,1200,10.4167,synthetic
war_memorial,2026-07-18T13:15:00+00:00,131,1200,10.9167,synthetic
war_memorial,2026-07-18T13:30:00+00:00,130,1200,10.8333,synthetic
war_memorial,2026-07-18T13:45:00+00:00,146,1200,12.1667,synthetic
war_memorial,2026-07-18T14:00:00+00:00,188,1200,15.6667,synthetic
war_memorial,2026-07-18T14:15:00+00:00,275,1200,22.9167,synthetic
war_memorial,2026-07-18T14:30:00+00:00,275,1200,22.9167,synthetic
war_memorial,2026-07-18T14:45:00+00:00,345,1200,28.75,synthetic
war_memorial,2026-07-18T15:00:00+00:00,403,1200,33.5833,synthetic
war_memorial,2026-07-18T15:15:00+00:00,449,1200,37.4167,synthetic
war_memorial,2026-07-18T15:30:00+00:00,535,1200,44.5833,synthetic
war_memorial,2026-07-18T15:45:00+00:00,592,1200,49.3333,synthetic
war_memorial,2026-07-18T16:00:00+00:00,673,1200,56.0833,synthetic
war_memorial,2026-07-18T16:15:00+00:00,695,1200,57.9167,synthetic
war_memorial,2026-07-18T16:30:00+00:00,745,1200,62.0833,synthetic
war_memorial,2026-07-18T16:45:00+00:00,750,1200,62.5,synthetic
war_memorial,2026-07-18T17:00:00+00:00,796,1200,66.3333,synthetic
war_memorial,2026-07-18T17:15:00+00:00,806,1200,67.1667,synthetic
war_memorial,2026-07-18T17:30:00+00:00,797,1200,66.4167,synthetic
war_memorial,2026-07-18T17:45:00+00:00,825,1200,68.75,synthetic
war_memorial,2026-07-18T18:00:00+00:00,804,1200,67.0,synthetic
war_memorial,2026-07-18T18:15:00+00:00,818,1200,68.1667,synthetic
war_memorial,2026-07-18T18:30:00+00:00,831,1200,69.25,synthetic
war_memorial,2026-07-18T18:45:00+00:00,870,1200,72.5,synthetic
war_memorial,2026-07-18T19:00:00+00:00,828,1200,69.0,synthetic
war_memorial,2026-07-18T19:15:00+00:00,794,1200,66.1667,synthetic
war_memorial,2026-07-18T19:30:00+00:00,748,1200,62.3333,synthetic
war_memorial,2026-07-18T19:45:00+00:00,736,1200,61.3333,synthetic
war_memorial,2026-07-18T20:00:00+00:00,717,1200,59.75,synthetic
war_memorial,2026-07-18T20:15:00+00:00,645,1200,53.75,synthetic
war_memorial,2026-07-18T20:30:00+00:00,584,1200,48.6667,synthetic
war_memorial,2026-07-18T20:45:00+00:00,535,1200,44.5833,synthetic
war_memorial,2026-07-18T21:00:00+00:00,451,1200,37.5833,synthetic
war_memorial,2026-07-18T21:15:00+00:00,370,1200,30.8333,synthetic
war_memorial,2026-07-18T21:30:00+00:00,331,1200,27.5833,synthetic
war_memorial,2026-07-18T21:45:00+00:00,289,1200,24.0833,synthetic
war_memorial,2026-07-18T22:00:00+00:00,256,1200,21.3333,synthetic
war_memorial,2026-07-18T22:15:00+00:00,198,1200,16.5,synthetic
war_memorial,2026-07-18T22:30:00+00:00,223,1200,18.5833,synthetic
war_memorial,2026-07-18T22:45:00+00:00,162,1200,13.5,synthetic
war_memorial,2026-07-18T23:00:00+00:00,129,1200,10.75,synthetic
war_memorial,2026-07-18T23:15:00+00:00,111,1200,9.25,synthetic
war_memorial,2026-07-18T23:30:00+00:00,103,1200,8.5833,synthetic
war_memorial,2026-07-18T23:45:00+00:00,100,1200,8.3333,synthetic
war_memorial,2026-07-19T00:00:00+00:00,72,1200,6.0,synthetic
war_memorial,2026-07-19T00:15:00+00:00,73,1200,6.0833,synthetic
war_memorial,2026-07-19T00:30:00+00:00,81,1200,6.75,synthetic
war_memorial,2026-07-19T00:45:00+00:00,74,1200,6.1667,synthetic
war_memorial,2026-07-19T01:00:00+00:00,37,1200,3.0833,synthetic
war_memorial,2026-07-19T01:15:00+00:00,49,1200,4.0833,synthetic
war_memorial,2026-07-19T01:30:00+00:00,7,1200,0.5833,synthetic
war_memorial,2026-07-19T01:45:00+00:00,24,1200,2.0,synthetic
war_memorial,2026-07-19T02:00:00+00:00,5,1200,0.4167,synthetic
war_memorial,2026-07-19T02:15:00+00:00,38,1200,3.1667,synthetic
war_memorial,2026-07-19T02:30:00+00:00,2,1200,0.1667,synthetic
war_memorial,2026-07-19T02:45:00+00:00,8,1200,0.6667,synthetic
war_memorial,2026-07-19T03:00:00+00:00,10,1200,0.8333,synthetic
war_memorial,2026-07-19T03:15:00+00:00,0,1200,0.0,synthetic
war_memorial,2026-07-19T03:30:00+00:00,14,1200,1.1667,synthetic
war_memorial,2026-07-19T03:45:00+00:00,0,1200,0.0,synthetic
mccomas,2026-07-19T04:00:00+00:00,30,600,5.0,synthetic
mccomas,2026-07-19T04:15:00+00:00,25,600,4.1667,synthetic
mccomas,2026-07-19T04:30:00+00:00,49,600,8.1667,synthetic
mccomas,2026-07-19T04:45:00+00:00,60,600,10.0,synthetic
mccomas,2026-07-19T05:00:00+00:00,42,600,7.0,synthetic
mccomas,2026-07-19T05:15:00+00:00,32,600,5.3333,synthetic
mccomas,2026-07-19T05:30:00+00:00,41,600,6.8333,synthetic
mccomas,2026-07-19T05:45:00+00:00,65,600,10.8333,synthetic
mccomas,2026-07-19T06:00:00+00:00,63,600,10.5,synthetic
mccomas,2026-07-19T06:15:00+00:00,60,600,10.0,synthetic
mccomas,2026-07-19T06:30:00+00:00,61,600,10.1667,synthetic
mccomas,2026-07-19T06:45:00+00:00,50,600,8.3333,synthetic
mccomas,2026-07-19T07:00:00+00:00,52,600,8.6667,synthetic
mccomas,2026-07-19T07:15:00+00:00,73,600,12.1667,synthetic
mccomas,2026-07-19T07:30:00+00:00,33,600,5.5,synthetic
mccomas,2026-07-19T07:45:00+00:00,52,600,8.6667,synthetic
mccomas,2026-07-19T08:00:00+00:00,31,600,5.1667,synthetic
mccomas,2026-07-19T08:15:00+00:00,27,600,4.5,synthetic
mccomas,2026-07-19T08:30:00+00:00,21,600,3.5,synthetic
mccomas,2026-07-19T08:45:00+00:00,32,600,5.3333,synthetic
mccomas,2026-07-19T09:00:00+00:00,25,600,4.1667,synthetic
mccomas,2026-07-19T09:15:00+00:00,26,600,4.3333,synthetic
mccomas,2026-07-19T09:30:00+00:00,31,600,5.1667,synthetic
mccomas,2026-07-19T09:45:00+00:00,24,600,4.0,synthetic
mccomas,2026-07-19T10:00:00+00:00,20,600,3.3333,synthetic
mccomas,2026-07-19T10:15:00+00:00,34,600,5.6667,synthetic
mccomas,2026-07-19T10:30:00+00:00,28,600,4.6667,synthetic
mccomas,2026-07-19T10:45:00+00:00,36,600,6.0,synthetic
mccomas,2026-07-19T11:00:00+00:00,20,600,3.3333,synthetic
mccomas,2026-07-19T11:15:00+00:00,6,600,1.0,synthetic
mccomas,2026-07-19T11:30:00+00:00,15,600,2.5,synthetic
mccomas,2026-07-19T11:45:00+00:00,42,600,7.0,synthetic
mccomas,2026-07-19T12:00:00+00:00,69,600,11.5,synthetic
mccomas,2026-07-19T12:15:00+00:00,68,600,11.3333,synthetic
mccomas,2026-07-19T12:30:00+00:00,91,600,15.1667,synthetic
mccomas,2026-07-19T12:45:00+00:00,101,600,16.8333,synthetic
mccomas,2026-07-19T13:00:00+00:00,115,600,19.1667,synthetic
mccomas,2026-07-19T13:15:00+00:00,136,600,22.6667,synthetic
mccomas,2026-07-19T13:30:00+00:00,156,600,26.0,synthetic
mccomas,2026-07-19T13:45:00+00:00,143,600,23.8333,synthetic
mccomas,2026-07-19T14:00:00+00:00,179,600,29.8333,synthetic
mccomas,2026-07-19T14:15:00+00:00,209,600,34.8333,synthetic
mccomas,2026-07-19T14:30:00+00:00,228,600,38.0,synthetic
mccomas,2026-07-19T14:45:00+00:00,259,600,43.1667,synthetic
mccomas,2026-07-19T15:00:00+00:00,269,600,44.8333,synthetic
mccomas,2026-07-19T15:15:00+00:00,288,600,48.0,synthetic
mccomas,2026-07-19T15:30:00+00:00,301,600,50.1667,synthetic
mccomas,2026-07-19T15:45:00+00:00,290,600,48.3333,synthetic
mccomas,2026-07-19T16:00:00+00:00,310,600,51.6667,synthetic
mccomas,2026-07-19T16:15:00+00:00,285,600,47.5,synthetic
mccomas,2026-07-19T16:30:00+00:00,281,600,46.8333,synthetic
mccomas,2026-07-19T16:45:00+00:00,247,600,41.1667,synthetic
mccomas,2026-07-19T17:00:00+00:00,257,600,42.8333,synthetic
mccomas,2026-07-19T17:15:00+00:00,230,600,38.3333,synthetic
mccomas,2026-07-19T17:30:00+00:00,225,600,37.5,synthetic
mccomas,2026-07-19T17:45:00+00:00,219,600,36.5,synthetic
mccomas,2026-07-19T18:00:00+00:00,208,600,34.6667,synthetic
mccomas,2026-07-19T18:15:00+00:00,208,600,34.6667,synthetic
mccomas,2026-07-19T18:30:00+00:00,210,600,35.0,synthetic
mccomas,2026-07-19T18:45:00+00:00,226,600,37.6667,synthetic
mccomas,2026-07-19T19:00:00+00:00,261,600,43.5,synthetic
mccomas,2026-07-19T19:15:00+00:00,280,600,46.6667,synthetic
mccomas,2026-07-19T19:30:00+00:00,287,600,47.8333,synthetic
mccomas,2026-07-19T19:45:00+00:00,289,600,48.1667,synthetic
mccomas,2026-07-19T20:00:00+00:00,323,600,53.8333,synthetic
mccomas,2026-07-19T20:15:00+00:00,334,600,55.6667,synthetic
mccomas,2026-07-19T20:30:00+00:00,329,600,54.8333,synthetic
mccomas,2026-07-19T20:45:00+00:00,346,600,57.6667,synthetic
mccomas,2026-07-19T21:00:00+00:00,326,600,54.3333,synthetic
mccomas,2026-07-19T21:15:00+00:00,303,600,50.5,synthetic
mccomas,2026-07-19T21:30:00+00:00,287,600,47.8333,synthetic
mccomas,2026-07-19T21:45:00+00:00,257,600,42.8333,synthetic
mccomas,2026-07-19T22:00:00+00:00,225,600,37.5,synthetic
mccomas,2026-07-19T22:15:00+00:00,211,600,35.1667,synthetic
mccomas,2026-07-19T22:30:00+00:00,183,600,30.5,synthetic
mccomas,2026-07-19T22:45:00+00:00,154,600,25.6667,synthetic
mccomas,2026-07-19T23:00:00+00:00,130,600,21.6667,synthetic
mccomas,2026-07-19T23:15:00+00:00,94,600,15.6667,synthetic
mccomas,2026-07-19T23:30:00+00:00,66,600,11.0,synthetic
mccomas,2026-07-19T23:45:00+00:00,55,600,9.1667,synthetic
mccomas,2026-07-20T00:00:00+00:00,65,600,10.8333,synthetic
mccomas,2026-07-20T00:15:00+00:00,32,600,5.3333,synthetic
mccomas,2026-07-20T00:30:00+00:00,45,600,7.5,synthetic
mccomas,2026-07-20T00:45:00+00:00,56,600,9.3333,synthetic
mccomas,2026-07-20T01:00:00+00:00,46,600,7.6667,synthetic
mccomas,2026-07-20T01:15:00+00:00,41,600,6.8333,synthetic
mccomas,2026-07-20T01:30:00+00:00,49,600,8.1667,synthetic
mccomas,2026-07-20T01:45:00+00:00,35,600,5.8333,synthetic
mccomas,2026-07-20T02:00:00+00:00,36,600,6.0,synthetic
mccomas,2026-07-20T02:15:00+00:00,17,600,2.8333,synthetic
mccomas,2026-07-20T02:30:00+00:00,16,600,2.6667,synthetic
mccomas,2026-07-20T02:45:00+00:00,39,600,6.5,synthetic
mccomas,2026-07-20T03:00:00+00:00,33,600,5.5,synthetic
mccomas,2026-07-20T03:15:00+00:00,33,600,5.5,synthetic
mccomas,2026-07-20T03:30:00+00:00,20,600,3.3333,synthetic
mccomas,2026-07-20T03:45:00+00:00,17,600,2.8333,synthetic
war_memorial,2026-07-19T04:00:00+00:00,84,1200,7.0,synthetic
war_memorial,2026-07-19T04:15:00+00:00,106,1200,8.8333,synthetic
war_memorial,2026-07-19T04:30:00+00:00,74,1200,6.1667,synthetic
war_memorial,2026-07-19T04:45:00+00:00,73,1200,6.0833,synthetic
war_memorial,2026-07-19T05:00:00+00:00,63,1200,5.25,synthetic
war_memorial,2026-07-19T05:15:00+00:00,63,1200,5.25,synthetic
war_memorial,2026-07-19T05:30:00+00:00,91,1200,7.5833,synthetic
war_memorial,2026-07-19T05:45:00+00:00,92,1200,7.6667,synthetic
war_memorial,2026-07-19T06:00:00+00:00,110,1200,9.1667,synthetic
war_memorial,2026-07-19T06:15:00+00:00,66,1200,5.5,synthetic
war_memorial,2026-07-19T06:30:00+00:00,55,1200,4.5833,synthetic
war_memorial,2026-07-19T06:45:00+00:00,84,1200,7.0,synthetic
war_memorial,2026-07-19T07:00:00+00:00,76,1200,6.3333,synthetic
war_memorial,2026-07-19T07:15:00+00:00,53,1200,4.4167,synthetic
war_memorial,2026-07-19T07:30:00+00:00,30,1200,2.5,synthetic
war_memorial,2026-07-19T07:45:00+00:00,54,1200,4.5,synthetic
war_memorial,2026-07-19T08:00:00+00:00,62,1200,5.1667,synthetic
war_memorial,2026-07-19T08:15:00+00:00,29,1200,2.4167,synthetic
war_memorial,2026-07-19T08:30:00+00:00,21,1200,1.75,synthetic
war_memorial,2026-07-19T08:45:00+00:00,43,1200,3.5833,synthetic
war_memorial,2026-07-19T09:00:00+00:00,45,1200,3.75,synthetic
war_memorial,2026-07-19T09:15:00+00:00,56,1200,4.6667,synthetic
war_memorial,2026-07-19T09:30:00+00:00,86,1200,7.1667,synthetic
war_memorial,2026-07-19T09:45:00+00:00,107,1200,8.9167,synthetic
war_memorial,2026-07-19T10:00:00+00:00,153,1200,12.75,synthetic
war_memorial,2026-07-19T10:15:00+00:00,123,1200,10.25,synthetic
war_memorial,2026-07-19T10:30:00+00:00,119,1200,9.9167,synthetic
war_memorial,2026-07-19T10:45:00+00:00,105,1200,8.75,synthetic
war_memorial,2026-07-19T11:00:00+00:00,132,1200,11.0,synthetic
war_memorial,2026-07-19T11:15:00+00:00,133,1200,11.0833,synthetic
war_memorial,2026-07-19T11:30:00+00:00,157,1200,13.0833,synthetic
war_memorial,2026-07-19T11:45:00+00:00,142,1200,11.8333,synthetic
war_memorial,2026-07-19T12:00:00+00:00,115,1200,9.5833,synthetic
war_memorial,2026-07-19T12:15:00+00:00,124,1200,10.3333,synthetic
war_memorial,2026-07-19T12:30:00+00:00,121,1200,10.0833,synthetic
war_memorial,2026-07-19T12:45:00+00:00,155,1200,12.9167,synthetic
war_memorial,2026-07-19T13:00:00+00:00,165,1200,13.75,synthetic
war_memorial,2026-07-19T13:15:00+00:00,162,1200,13.5,synthetic
war_memorial,2026-07-19T13:30:00+00:00,194,1200,16.1667,synthetic
war_memorial,2026-07-19T13:45:00+00:00,247,1200,20.5833,synthetic
war_memorial,2026-07-19T14:00:00+00:00,225,1200,18.75,synthetic
war_memorial,2026-07-19T14:15:00+00:00,277,1200,23.0833,synthetic
war_memorial,2026-07-19T14:30:00+00:00,325,1200,27.0833,synthetic
war_memorial,2026-07-19T14:45:00+00:00,397,1200,33.0833,synthetic
war_memorial,2026-07-19T15:00:00+00:00,451,1200,37.5833,synthetic
war_memorial,2026-07-19T15:15:00+00:00,522,1200,43.5,synthetic
war_memorial,2026-07-19T15:30:00+00:00,576,1200,48.0,synthetic
war_memorial,2026-07-19T15:45:00+00:00,667,1200,55.5833,synthetic
war_memorial,2026-07-19T16:00:00+00:00,668,1200,55.6667,synthetic
war_memorial,2026-07-19T16:15:00+00:00,729,1200,60.75,synthetic
war_memorial,2026-07-19T16:30:00+00:00,758,1200,63.1667,synthetic
war_memorial,2026-07-19T16:45:00+00:00,826,1200,68.8333,synthetic
war_memorial,2026-07-19T17:00:00+00:00,807,1200,67.25,synthetic
war_memorial,2026-07-19T17:15:00+00:00,819,1200,68.25,synthetic
war_memorial,2026-07-19T17:30:00+00:00,826,1200,68.8333,synthetic
war_memorial,2026-07-19T17:45:00+00:00,845,1200,70.4167,synthetic
war_memorial,2026-07-19T18:00:00+00:00,848,1200,70.6667,synthetic
war_memorial,2026-07-19T18:15:00+00:00,858,1200,71.5,synthetic
war_memorial,2026-07-19T18:30:00+00:00,853,1200,71.0833,synthetic
war_memorial,2026-07-19T18:45:00+00:00,854,1200,71.1667,synthetic
war_memorial,2026-07-19T19:00:00+00:00,850,1200,70.8333,synthetic
war_memorial,2026-07-19T19:15:00+00:00,849,1200,70.75,synthetic
war_memorial,2026-07-19T19:30:00+00:00,829,1200,69.0833,synthetic
war_memorial,2026-07-19T19:45:00+00:00,751,1200,62.5833,synthetic
war_memorial,2026-07-19T20:00:00+00:00,707,1200,58.9167,synthetic
war_memorial,2026-07-19T20:15:00+00:00,655,1200,54.5833,synthetic
war_memorial,2026-07-19T20:30:00+00:00,599,1200,49.9167,synthetic
war_memorial,2026-07-19T20:45:00+00:00,547,1200,45.5833,synthetic
war_memorial,2026-07-19T21:00:00+00:00,517,1200,43.0833,synthetic
war_memorial,2026-07-19T21:15:00+00:00,418,1200,34.8333,synthetic
war_memorial,2026-07-19T21:30:00+00:00,373,1200,31.0833,synthetic
war_memorial,2026-07-19T21:45:00+00:00,341,1200,28.4167,synthetic
war_memorial,2026-07-19T22:00:00+00:00,276,1200,23.0,synthetic
war_memorial,2026-07-19T22:15:00+00:00,249,1200,20.75,synthetic
war_memorial,2026-07-19T22:30:00+00:00,213,1200,17.75,synthetic
war_memorial,2026-07-19T22:45:00+00:00,184,1200,15.3333,synthetic
war_memorial,2026-07-19T23:00:00+00:00,162,1200,13.5,synthetic
war_memorial,2026-07-19T23:15:00+00:00,69,1200,5.75,synthetic
war_memorial,2026-07-19T23:30:00+00:00,67,1200,5.5833,synthetic
war_memorial,2026-07-19T23:45:00+00:00,52,1200,4.3333,synthetic
war_memorial,2026-07-20T00:00:00+00:00,92,1200,7.6667,synthetic
war_memorial,2026-07-20T00:15:00+00:00,67,1200,5.5833,synthetic
war_memorial,2026-07-20T00:30:00+00:00,66,1200,5.5,synthetic
war_memorial,2026-07-20T00:45:00+00:00,62,1200,5.1667,synthetic
war_memorial,2026-07-20T01:00:00+00:00,66,1200,5.5,synthetic
war_memorial,2026-07-20T01:15:00+00:00,38,1200,3.1667,synthetic
war_memorial,2026-07-20T01:30:00+00:00,75,1200,6.25,synthetic
war_memorial,2026-07-20T01:45:00+00:00,76,1200,6.3333,synthetic
war_memorial,2026-07-20T02:00:00+00:00,92,1200,7.6667,synthetic
war_memorial,2026-07-20T02:15:00+00:00,81,1200,6.75,synthetic
war_memorial,2026-07-20T02:30:00+00:00,67,1200,5.5833,synthetic
war_memorial,2026-07-20T02:45:00+00:00,114,1200,9.5,synthetic
war_memorial,2026-07-20T03:00:00+00:00,94,1200,7.8333,synthetic
war_memorial,2026-07-20T03:15:00+00:00,117,1200,9.75,synthetic
war_memorial,2026-07-20T03:30:00+00:00,120,1200,10.0,synthetic
war_memorial,2026-07-20T03:45:00+00:00,93,1200,7.75,synthetic
mccomas,2026-07-20T04:00:00+00:00,51,600,8.5,synthetic
mccomas,2026-07-20T04:15:00+00:00,26,600,4.3333,synthetic
mccomas,2026-07-20T04:30:00+00:00,38,600,6.3333,synthetic
mccomas,2026-07-20T04:45:00+00:00,41,600,6.8333,synthetic
mccomas,2026-07-20T05:00:00+00:00,35,600,5.8333,synthetic
mccomas,2026-07-20T05:15:00+00:00,47,600,7.8333,synthetic
mccomas,2026-07-20T05:30:00+00:00,55,600,9.1667,synthetic
mccomas,2026-07-20T05:45:00+00:00,29,600,4.8333,synthetic
mccomas,2026-07-20T06:00:00+00:00,11,600,1.8333,synthetic
mccomas,2026-07-20T06:15:00+00:00,10,600,1.6667,synthetic
mccomas,2026-07-20T06:30:00+00:00,28,600,4.6667,synthetic
mccomas,2026-07-20T06:45:00+00:00,34,600,5.6667,synthetic
mccomas,2026-07-20T07:00:00+00:00,37,600,6.1667,synthetic
mccomas,2026-07-20T07:15:00+00:00,27,600,4.5,synthetic
mccomas,2026-07-20T07:30:00+00:00,40,600,6.6667,synthetic
mccomas,2026-07-20T07:45:00+00:00,46,600,7.6667,synthetic
mccomas,2026-07-20T08:00:00+00:00,55,600,9.1667,synthetic
mccomas,2026-07-20T08:15:00+00:00,52,600,8.6667,synthetic
mccomas,2026-07-20T08:30:00+00:00,11,600,1.8333,synthetic
mccomas,2026-07-20T08:45:00+00:00,38,600,6.3333,synthetic
mccomas,2026-07-20T09:00:00+00:00,40,600,6.6667,synthetic
mccomas,2026-07-20T09:15:00+00:00,41,600,6.8333,synthetic
mccomas,2026-07-20T09:30:00+00:00,60,600,10.0,synthetic
mccomas,2026-07-20T09:45:00+00:00,71,600,11.8333,synthetic
mccomas,2026-07-20T10:00:00+00:00,70,600,11.6667,synthetic
mccomas,2026-07-20T10:15:00+00:00,87,600,14.5,synthetic
mccomas,2026-07-20T10:30:00+00:00,108,600,18.0,synthetic
mccomas,2026-07-20T10:45:00+00:00,133,600,22.1667,synthetic
mccomas,2026-07-20T11:00:00+00:00,171,600,28.5,synthetic
mccomas,2026-07-20T11:15:00+00:00,176,600,29.3333,synthetic
mccomas,2026-07-20T11:30:00+00:00,190,600,31.6667,synthetic
mccomas,2026-07-20T11:45:00+00:00,186,600,31.0,synthetic
mccomas,2026-07-20T12:00:00+00:00,163,600,27.1667,synthetic
mccomas,2026-07-20T12:15:00+00:00,142,600,23.6667,synthetic
mccomas,2026-07-20T12:30:00+00:00,128,600,21.3333,synthetic
mccomas,2026-07-20T12:45:00+00:00,113,600,18.8333,synthetic
mccomas,2026-07-20T13:00:00+00:00,105,600,17.5,synthetic
mccomas,2026-07-20T13:15:00+00:00,84,600,14.0,synthetic
mccomas,2026-07-20T13:30:00+00:00,84,600,14.0,synthetic
mccomas,2026-07-20T13:45:00+00:00,96,600,16.0,synthetic
mccomas,2026-07-20T14:00:00+00:00,98,600,16.3333,synthetic
mccomas,2026-07-20T14:15:00+00:00,88,600,14.6667,synthetic
mccomas,2026-07-20T14:30:00+00:00,111,600,18.5,synthetic
mccomas,2026-07-20T14:45:00+00:00,151,600,25.1667,synthetic
mccomas,2026-07-20T15:00:00+00:00,150,600,25.0,synthetic
mccomas,2026-07-20T15:15:00+00:00,143,600,23.8333,synthetic
mccomas,2026-07-20T15:30:00+00:00,173,600,28.8333,synthetic
mccomas,2026-07-20T15:45:00+00:00,191,600,31.8333,synthetic
mccomas,2026-07-20T16:00:00+00:00,201,600,33.5,synthetic
mccomas,2026-07-20T16:15:00+00:00,207,600,34.5,synthetic
mccomas,2026-07-20T16:30:00+00:00,204,600,34.0,synthetic
mccomas,2026-07-20T16:45:00+00:00,221,600,36.8333,synthetic
mccomas,2026-07-20T17:00:00+00:00,227,600,37.8333,synthetic
mccomas,2026-07-20T17:15:00+00:00,193,600,32.1667,synthetic
mccomas,2026-07-20T17:30:00+00:00,197,600,32.8333,synthetic
mccomas,2026-07-20T17:45:00+00:00,209,600,34.8333,synthetic
mccomas,2026-07-20T18:00:00+00:00,208,600,34.6667,synthetic
mccomas,2026-07-20T18:15:00+00:00,219,600,36.5,synthetic
mccomas,2026-07-20T18:30:00+00:00,223,600,37.1667,synthetic
mccomas,2026-07-20T18:45:00+00:00,206,600,34.3333,synthetic
mccomas,2026-07-20T19:00:00+00:00,230,600,38.3333,synthetic
mccomas,2026-07-20T19:15:00+00:00,254,600,42.3333,synthetic
mccomas,2026-07-20T19:30:00+00:00,278,600,46.3333,synthetic
mccomas,2026-07-20T19:45:00+00:00,309,600,51.5,synthetic
mccomas,2026-07-20T20:00:00+00:00,324,600,54.0,synthetic
mccomas,2026-07-20T20:15:00+00:00,373,600,62.1667,synthetic
mccomas,2026-07-20T20:30:00+00:00,409,600,68.1667,synthetic
mccomas,2026-07-20T20:45:00+00:00,443,600,73.8333,synthetic
mccomas,2026-07-20T21:00:00+00:00,466,600,77.6667,synthetic
mccomas,2026-07-20T21:15:00+00:00,464,600,77.3333,synthetic
mccomas,2026-07-20T21:30:00+00:00,459,600,76.5,synthetic
mccomas,2026-07-20T21:45:00+00:00,493,600,82.1667,synthetic
mccomas,2026-07-20T22:00:00+00:00,445,600,74.1667,synthetic
mccomas,2026-07-20T22:15:00+00:00,409,600,68.1667,synthetic
mccomas,2026-07-20T22:30:00+00:00,380,600,63.3333,synthetic
mccomas,2026-07-20T22:45:00+00:00,342,600,57.0,synthetic
mccomas,2026-07-20T23:00:00+00:00,322,600,53.6667,synthetic
mccomas,2026-07-20T23:15:00+00:00,262,600,43.6667,synthetic
mccomas,2026-07-20T23:30:00+00:00,221,600,36.8333,synthetic
mccomas,2026-07-20T23:45:00+00:00,183,600,30.5,synthetic
mccomas,2026-07-21T00:00:00+00:00,170,600,28.3333,synthetic
mccomas,2026-07-21T00:15:00+00:00,139,600,23.1667,synthetic
mccomas,2026-07-21T00:30:00+00:00,99,600,16.5,synthetic
mccomas,2026-07-21T00:45:00+00:00,83,600,13.8333,synthetic
mccomas,2026-07-21T01:00:00+00:00,67,600,11.1667,synthetic
mccomas,2026-07-21T01:15:00+00:00,50,600,8.3333,synthetic
mccomas,2026-07-21T01:30:00+00:00,29,600,4.8333,synthetic
mccomas,2026-07-21T01:45:00+00:00,48,600,8.0,synthetic
mccomas,2026-07-21T02:00:00+00:00,42,600,7.0,synthetic
mccomas,2026-07-21T02:15:00+00:00,40,600,6.6667,synthetic
mccomas,2026-07-21T02:30:00+00:00,42,600,7.0,synthetic
mccomas,2026-07-21T02:45:00+00:00,34,600,5.6667,synthetic
mccomas,2026-07-21T03:00:00+00:00,46,600,7.6667,synthetic
mccomas,2026-07-21T03:15:00+00:00,33,600,5.5,synthetic
mccomas,2026-07-21T03:30:00+00:00,28,600,4.6667,synthetic
mccomas,2026-07-21T03:45:00+00:00,31,600,5.1667,synthetic
war_memorial,2026-07-20T04:00:00+00:00,7,1200,0.5833,synthetic
war_memorial,2026-07-20T04:15:00+00:00,22,1200,1.8333,synthetic
war_memorial,2026-07-20T04:30:00+00:00,21,1200,1.75,synthetic
war_memorial,2026-07-20T04:45:00+00:00,51,1200,4.25,synthetic
war_memorial,2026-07-20T05:00:00+00:00,52,1200,4.3333,synthetic
war_memorial,2026-07-20T05:15:00+00:00,11,1200,0.9167,synthetic
war_memorial,2026-07-20T05:30:00+00:00,38,1200,3.1667,synthetic
war_memorial,2026-07-20T05:45:00+00:00,30,1200,2.5,synthetic
war_memorial,2026-07-20T06:00:00+00:00,46,1200,3.8333,synthetic
war_memorial,2026-07-20T06:15:00+00:00,35,1200,2.9167,synthetic
war_memorial,2026-07-20T06:30:00+00:00,35,1200,2.9167,synthetic
war_memorial,2026-07-20T06:45:00+00:00,28,1200,2.3333,synthetic
war_memorial,2026-07-20T07:00:00+00:00,11,1200,0.9167,synthetic
war_memorial,2026-07-20T07:15:00+00:00,25,1200,2.0833,synthetic
war_memorial,2026-07-20T07:30:00+00:00,36,1200,3.0,synthetic
war_memorial,2026-07-20T07:45:00+00:00,50,1200,4.1667,synthetic
war_memorial,2026-07-20T08:00:00+00:00,24,1200,2.0,synthetic
war_memorial,2026-07-20T08:15:00+00:00,30,1200,2.5,synthetic
war_memorial,2026-07-20T08:30:00+00:00,17,1200,1.4167,synthetic
war_memorial,2026-07-20T08:45:00+00:00,34,1200,2.8333,synthetic
war_memorial,2026-07-20T09:00:00+00:00,43,1200,3.5833,synthetic
war_memorial,2026-07-20T09:15:00+00:00,47,1200,3.9167,synthetic
war_memorial,2026-07-20T09:30:00+00:00,51,1200,4.25,synthetic
war_memorial,2026-07-20T09:45:00+00:00,79,1200,6.5833,synthetic
war_memorial,2026-07-20T10:00:00+00:00,89,1200,7.4167,synthetic
war_memorial,2026-07-20T10:15:00+00:00,119,1200,9.9167,synthetic
war_memorial,2026-07-20T10:30:00+00:00,204,1200,17.0,synthetic
war_memorial,2026-07-20T10:45:00+00:00,213,1200,17.75,synthetic
war_memorial,2026-07-20T11:00:00+00:00,227,1200,18.9167,synthetic
war_memorial,2026-07-20T11:15:00+00:00,281,1200,23.4167,synthetic
war_memorial,2026-07-20T11:30:00+00:00,267,1200,22.25,synthetic
war_memorial,2026-07-20T11:45:00+00:00,296,1200,24.6667,synthetic
war_memorial,2026-07-20T12:00:00+00:00,314,1200,26.1667,synthetic
war_memorial,2026-07-20T12:15:00+00:00,325,1200,27.0833,synthetic
war_memorial,2026-07-20T12:30:00+00:00,321,1200,26.75,synthetic
war_memorial,2026-07-20T12:45:00+00:00,313,1200,26.0833,synthetic
war_memorial,2026-07-20T13:00:00+00:00,283,1200,23.5833,synthetic
war_memorial,2026-07-20T13:15:00+00:00,270,1200,22.5,synthetic
war_memorial,2026-07-20T13:30:00+00:00,242,1200,20.1667,synthetic
war_memorial,2026-07-20T13:45:00+00:00,255,1200,21.25,synthetic
war_memorial,2026-07-20T14:00:00+00:00,238,1200,19.8333,synthetic
war_memorial,2026-07-20T14:15:00+00:00,225,1200,18.75,synthetic
war_memorial,2026-07-20T14:30:00+00:00,221,1200,18.4167,synthetic
war_memorial,2026-07-20T14:45:00+00:00,277,1200,23.0833,synthetic
war_memorial,2026-07-20T15:00:00+00:00,242,1200,20.1667,synthetic
war_memorial,2026-07-20T15:15:00+00:00,313,1200,26.0833,synthetic
war_memorial,2026-07-20T15:30:00+00:00,327,1200,27.25,synthetic
war_memorial,2026-07-20T15:45:00+00:00,326,1200,27.1667,synthetic
war_memorial,2026-07-20T16:00:00+00:00,380,1200,31.6667,synthetic
war_memorial,2026-07-20T16:15:00+00:00,385,1200,32.0833,synthetic
war_memorial,2026-07-20T16:30:00+00:00,408,1200,34.0,synthetic
war_memorial,2026-07-20T16:45:00+00:00,362,1200,30.1667,synthetic
war_memorial,2026-07-20T17:00:00+00:00,375,1200,31.25,synthetic
war_memorial,2026-07-20T17:15:00+00:00,369,1200,30.75,synthetic
war_memorial,2026-07-20T17:30:00+00:00,351,1200,29.25,synthetic
war_memorial,2026-07-20T17:45:00+00:00,319,1200,26.5833,synthetic
war_memorial,2026-07-20T18:00:00+00:00,295,1200,24.5833,synthetic
war_memorial,2026-07-20T18:15:00+00:00,255,1200,21.25,synthetic
war_memorial,2026-07-20T18:30:00+00:00,243,1200,20.25,synthetic
war_memorial,2026-07-20T18:45:00+00:00,217,1200,18.0833,synthetic
war_memorial,2026-07-20T19:00:00+00:00,233,1200,19.4167,synthetic
war_memorial,2026-07-20T19:15:00+00:00,237,1200,19.75,synthetic
war_memorial,2026-07-20T19:30:00+00:00,254,1200,21.1667,synthetic
war_memorial,2026-07-20T19:45:00+00:00,326,1200,27.1667,synthetic
war_memorial,2026-07-20T20:00:00+00:00,334,1200,27.8333,synthetic
war_memorial,2026-07-20T20:15:00+00:00,397,1200,33.0833,synthetic
war_memorial,2026-07-20T20:30:00+00:00,454,1200,37.8333,synthetic
war_memorial,2026-07-20T20:45:00+00:00,485,1200,40.4167,synthetic
war_memorial,2026-07-20T21:00:00+00:00,563,1200,46.9167,synthetic
war_memorial,2026-07-20T21:15:00+00:00,617,1200,51.4167,synthetic
war_memorial,2026-07-20T21:30:00+00:00,685,1200,57.0833,synthetic
war_memorial,2026-07-20T21:45:00+00:00,718,1200,59.8333,synthetic
war_memorial,2026-07-20T22:00:00+00:00,761,1200,63.4167,synthetic
war_memorial,2026-07-20T22:15:00+00:00,770,1200,64.1667,synthetic
war_memorial,2026-07-20T22:30:00+00:00,753,1200,62.75,synthetic
war_memorial,2026-07-20T22:45:00+00:00,801,1200,66.75,synthetic
war_memorial,2026-07-20T23:00:00+00:00,720,1200,60.0,synthetic
war_memorial,2026-07-20T23:15:00+00:00,711,1200,59.25,synthetic
war_memorial,2026-07-20T23:30:00+00:00,655,1200,54.5833,synthetic
war_memorial,2026-07-20T23:45:00+00:00,596,1200,49.6667,synthetic
war_memorial,2026-07-21T00:00:00+00:00,523,1200,43.5833,synthetic
war_memorial,2026-07-21T00:15:00+00:00,472,1200,39.3333,synthetic
war_memorial,2026-07-21T00:30:00+00:00,410,1200,34.1667,synthetic
war_memorial,2026-07-21T00:45:00+00:00,374,1200,31.1667,synthetic
war_memorial,2026-07-21T01:00:00+00:00,296,1200,24.6667,synthetic
war_memorial,2026-07-21T01:15:00+00:00,264,1200,22.0,synthetic
war_memorial,2026-07-21T01:30:00+00:00,214,1200,17.8333,synthetic
war_memorial,2026-07-21T01:45:00+00:00,200,1200,16.6667,synthetic
war_memorial,2026-07-21T02:00:00+00:00,153,1200,12.75,synthetic
war_memorial,2026-07-21T02:15:00+00:00,115,1200,9.5833,synthetic
war_memorial,2026-07-21T02:30:00+00:00,91,1200,7.5833,synthetic
war_memorial,2026-07-21T02:45:00+00:00,86,1200,7.1667,synthetic
war_memorial,2026-07-21T03:00:00+00:00,68,1200,5.6667,synthetic
war_memorial,2026-07-21T03:15:00+00:00,104,1200,8.6667,synthetic
war_memorial,2026-07-21T03:30:00+00:00,74,1200,6.1667,synthetic
war_memorial,2026-07-21T03:45:00+00:00,45,1200,3.75,synthetic
mccomas,2026-07-21T04:00:00+00:00,35,600,5.8333,synthetic
mccomas,2026-07-21T04:15:00+00:00,34,600,5.6667,synthetic
mccomas,2026-07-21T04:30:00+00:00,35,600,5.8333,synthetic
mccomas,2026-07-21T04:45:00+00:00,51,600,8.5,synthetic
mccomas,2026-07-21T05:00:00+00:00,36,600,6.0,synthetic
mccomas,2026-07-21T05:15:00+00:00,57,600,9.5,synthetic
mccomas,2026-07-21T05:30:00+00:00,74,600,12.3333,synthetic
mccomas,2026-07-21T05:45:00+00:00,85,600,14.1667,synthetic
mccomas,2026-07-21T06:00:00+00:00,75,600,12.5,synthetic
mccomas,2026-07-21T06:15:00+00:00,70,600,11.6667,synthetic
mccomas,2026-07-21T06:30:00+00:00,58,600,9.6667,synthetic
mccomas,2026-07-21T06:45:00+00:00,66,600,11.0,synthetic
mccomas,2026-07-21T07:00:00+00:00,62,600,10.3333,synthetic
mccomas,2026-07-21T07:15:00+00:00,33,600,5.5,synthetic
mccomas,2026-07-21T07:30:00+00:00,43,600,7.1667,synthetic
mccomas,2026-07-21T07:45:00+00:00,41,600,6.8333,synthetic
mccomas,2026-07-21T08:00:00+00:00,37,600,6.1667,synthetic
mccomas,2026-07-21T08:15:00+00:00,47,600,7.8333,synthetic
mccomas,2026-07-21T08:30:00+00:00,51,600,8.5,synthetic
mccomas,2026-07-21T08:45:00+00:00,58,600,9.6667,synthetic
mccomas,2026-07-21T09:00:00+00:00,39,600,6.5,synthetic
mccomas,2026-07-21T09:15:00+00:00,66,600,11.0,synthetic
mccomas,2026-07-21T09:30:00+00:00,74,600,12.3333,synthetic
mccomas,2026-07-21T09:45:00+00:00,75,600,12.5,synthetic
mccomas,2026-07-21T10:00:00+00:00,92,600,15.3333,synthetic
mccomas,2026-07-21T10:15:00+00:00,113,600,18.8333,synthetic
mccomas,2026-07-21T10:30:00+00:00,113,600,18.8333,synthetic
mccomas,2026-07-21T10:45:00+00:00,161,600,26.8333,synthetic
mccomas,2026-07-21T11:00:00+00:00,196,600,32.6667,synthetic
mccomas,2026-07-21T11:15:00+00:00,190,600,31.6667,synthetic
mccomas,2026-07-21T11:30:00+00:00,192,600,32.0,synthetic
mccomas,2026-07-21T11:45:00+00:00,180,600,30.0,synthetic
mccomas,2026-07-21T12:00:00+00:00,165,600,27.5,synthetic
mccomas,2026-07-21T12:15:00+00:00,148,600,24.6667,synthetic
mccomas,2026-07-21T12:30:00+00:00,116,600,19.3333,synthetic
mccomas,2026-07-21T12:45:00+00:00,105,600,17.5,synthetic
mccomas,2026-07-21T13:00:00+00:00,73,600,12.1667,synthetic
mccomas,2026-07-21T13:15:00+00:00,76,600,12.6667,synthetic
mccomas,2026-07-21T13:30:00+00:00,60,600,10.0,synthetic
mccomas,2026-07-21T13:45:00+00:00,61,600,10.1667,synthetic
mccomas,2026-07-21T14:00:00+00:00,75,600,12.5,synthetic
mccomas,2026-07-21T14:15:00+00:00,80,600,13.3333,synthetic
mccomas,2026-07-21T14:30:00+00:00,115,600,19.1667,synthetic
mccomas,2026-07-21T14:45:00+00:00,143,600,23.8333,synthetic
mccomas,2026-07-21T15:00:00+00:00,141,600,23.5,synthetic
mccomas,2026-07-21T15:15:00+00:00,146,600,24.3333,synthetic
mccomas,2026-07-21T15:30:00+00:00,169,600,28.1667,synthetic
mccomas,2026-07-21T15:45:00+00:00,179,600,29.8333,synthetic
mccomas,2026-07-21T16:00:00+00:00,192,600,32.0,synthetic
mccomas,2026-07-21T16:15:00+00:00,213,600,35.5,synthetic
mccomas,2026-07-21T16:30:00+00:00,224,600,37.3333,synthetic
mccomas,2026-07-21T16:45:00+00:00,220,600,36.6667,synthetic
mccomas,2026-07-21T17:00:00+00:00,222,600,37.0,synthetic
mccomas,2026-07-21T17:15:00+00:00,215,600,35.8333,synthetic
mccomas,2026-07-21T17:30:00+00:00,217,600,36.1667,synthetic
mccomas,2026-07-21T17:45:00+00:00,206,600,34.3333,synthetic
mccomas,2026-07-21T18:00:00+00:00,193,600,32.1667,synthetic
mccomas,2026-07-21T18:15:00+00:00,202,600,33.6667,synthetic
mccomas,2026-07-21T18:30:00+00:00,200,600,33.3333,synthetic
mccomas,2026-07-21T18:45:00+00:00,233,600,38.8333,synthetic
mccomas,2026-07-21T19:00:00+00:00,233,600,38.8333,synthetic
mccomas,2026-07-21T19:15:00+00:00,260,600,43.3333,synthetic
mccomas,2026-07-21T19:30:00+00:00,285,600,47.5,synthetic
mccomas,2026-07-21T19:45:00+00:00,321,600,53.5,synthetic
mccomas,2026-07-21T20:00:00+00:00,348,600,58.0,synthetic
mccomas,2026-07-21T20:15:00+00:00,373,600,62.1667,synthetic
mccomas,2026-07-21T20:30:00+00:00,415,600,69.1667,synthetic
mccomas,2026-07-21T20:45:00+00:00,435,600,72.5,synthetic
mccomas,2026-07-21T21:00:00+00:00,461,600,76.8333,synthetic
mccomas,2026-07-21T21:15:00+00:00,467,600,77.8333,synthetic
mccomas,2026-07-21T21:30:00+00:00,472,600,78.6667,synthetic
mccomas,2026-07-21T21:45:00+00:00,464,600,77.3333,synthetic
mccomas,2026-07-21T22:00:00+00:00,444,600,74.0,synthetic
mccomas,2026-07-21T22:15:00+00:00,440,600,73.3333,synthetic
mccomas,2026-07-21T22:30:00+00:00,399,600,66.5,synthetic
mccomas,2026-07-21T22:45:00+00:00,366,600,61.0,synthetic
mccomas,2026-07-21T23:00:00+00:00,321,600,53.5,synthetic
mccomas,2026-07-21T23:15:00+00:00,281,600,46.8333,synthetic
mccomas,2026-07-21T23:30:00+00:00,256,600,42.6667,synthetic
mccomas,2026-07-21T23:45:00+00:00,219,600,36.5,synthetic
mccomas,2026-07-22T00:00:00+00:00,184,600,30.6667,synthetic
mccomas,2026-07-22T00:15:00+00:00,140,600,23.3333,synthetic
mccomas,2026-07-22T00:30:00+00:00,104,600,17.3333,synthetic
mccomas,2026-07-22T00:45:00+00:00,103,600,17.1667,synthetic
mccomas,2026-07-22T01:00:00+00:00,91,600,15.1667,synthetic
mccomas,2026-07-22T01:15:00+00:00,64,600,10.6667,synthetic
mccomas,2026-07-22T01:30:00+00:00,62,600,10.3333,synthetic
mccomas,2026-07-22T01:45:00+00:00,68,600,11.3333,synthetic
mccomas,2026-07-22T02:00:00+00:00,50,600,8.3333,synthetic
mccomas,2026-07-22T02:15:00+00:00,50,600,8.3333,synthetic
mccomas,2026-07-22T02:30:00+00:00,25,600,4.1667,synthetic
mccomas,2026-07-22T02:45:00+00:00,46,600,7.6667,synthetic
mccomas,2026-07-22T03:00:00+00:00,38,600,6.3333,synthetic
mccomas,2026-07-22T03:15:00+00:00,20,600,3.3333,synthetic
mccomas,2026-07-22T03:30:00+00:00,27,600,4.5,synthetic
mccomas,2026-07-22T03:45:00+00:00,37,600,6.1667,synthetic
war_memorial,2026-07-21T04:00:00+00:00,97,1200,8.0833,synthetic
war_memorial,2026-07-21T04:15:00+00:00,133,1200,11.0833,synthetic
war_memorial,2026-07-21T04:30:00+00:00,101,1200,8.4167,synthetic
war_memorial,2026-07-21T04:45:00+00:00,112,1200,9.3333,synthetic
war_memorial,2026-07-21T05:00:00+00:00,106,1200,8.8333,synthetic
war_memorial,2026-07-21T05:15:00+00:00,107,1200,8.9167,synthetic
war_memorial,2026-07-21T05:30:00+00:00,106,1200,8.8333,synthetic
war_memorial,2026-07-21T05:45:00+00:00,148,1200,12.3333,synthetic
war_memorial,2026-07-21T06:00:00+00:00,152,1200,12.6667,synthetic
war_memorial,2026-07-21T06:15:00+00:00,156,1200,13.0,synthetic
war_memorial,2026-07-21T06:30:00+00:00,158,1200,13.1667,synthetic
war_memorial,2026-07-21T06:45:00+00:00,152,1200,12.6667,synthetic
war_memorial,2026-07-21T07:00:00+00:00,127,1200,10.5833,synthetic
war_memorial,2026-07-21T07:15:00+00:00,126,1200,10.5,synthetic
war_memorial,2026-07-21T07:30:00+00:00,128,1200,10.6667,synthetic
war_memorial,2026-07-21T07:45:00+00:00,149,1200,12.4167,synthetic
war_memorial,2026-07-21T08:00:00+00:00,147,1200,12.25,synthetic
war_memorial,2026-07-21T08:15:00+00:00,134,1200,11.1667,synthetic
war_memorial,2026-07-21T08:30:00+00:00,153,1200,12.75,synthetic
war_memorial,2026-07-21T08:45:00+00:00,211,1200,17.5833,synthetic
war_memorial,2026-07-21T09:00:00+00:00,169,1200,14.0833,synthetic
war_memorial,2026-07-21T09:15:00+00:00,151,1200,12.5833,synthetic
war_memorial,2026-07-21T09:30:00+00:00,181,1200,15.0833,synthetic
war_memorial,2026-07-21T09:45:00+00:00,190,1200,15.8333,synthetic
war_memorial,2026-07-21T10:00:00+00:00,213,1200,17.75,synthetic
war_memorial,2026-07-21T10:15:00+00:00,233,1200,19.4167,synthetic
war_memorial,2026-07-21T10:30:00+00:00,230,1200,19.1667,synthetic
war_memorial,2026-07-21T10:45:00+00:00,256,1200,21.3333,synthetic
war_memorial,2026-07-21T11:00:00+00:00,294,1200,24.5,synthetic
war_memorial,2026-07-21T11:15:00+00:00,318,1200,26.5,synthetic
war_memorial,2026-07-21T11:30:00+00:00,340,1200,28.3333,synthetic
war_memorial,2026-07-21T11:45:00+00:00,340,1200,28.3333,synthetic
war_memorial,2026-07-21T12:00:00+00:00,354,1200,29.5,synthetic
war_memorial,2026-07-21T12:15:00+00:00,339,1200,28.25,synthetic
war_memorial,2026-07-21T12:30:00+00:00,309,1200,25.75,synthetic
war_memorial,2026-07-21T12:45:00+00:00,287,1200,23.9167,synthetic
war_memorial,2026-07-21T13:00:00+00:00,236,1200,19.6667,synthetic
war_memorial,2026-07-21T13:15:00+00:00,234,1200,19.5,synthetic
war_memorial,2026-07-21T13:30:00+00:00,230,1200,19.1667,synthetic
war_memorial,2026-07-21T13:45:00+00:00,224,1200,18.6667,synthetic
war_memorial,2026-07-21T14:00:00+00:00,242,1200,20.1667,synthetic
war_memorial,2026-07-21T14:15:00+00:00,255,1200,21.25,synthetic
war_memorial,2026-07-21T14:30:00+00:00,244,1200,20.3333,synthetic
war_memorial,2026-07-21T14:45:00+00:00,283,1200,23.5833,synthetic
war_memorial,2026-07-21T15:00:00+00:00,335,1200,27.9167,synthetic
war_memorial,2026-07-21T15:15:00+00:00,339,1200,28.25,synthetic
war_memorial,2026-07-21T15:30:00+00:00,353,1200,29.4167,synthetic
war_memorial,2026-07-21T15:45:00+00:00,375,1200,31.25,synthetic
war_memorial,2026-07-21T16:00:00+00:00,398,1200,33.1667,synthetic
war_memorial,2026-07-21T16:15:00+00:00,430,1200,35.8333,synthetic
war_memorial,2026-07-21T16:30:00+00:00,406,1200,33.8333,synthetic
war_memorial,2026-07-21T16:45:00+00:00,455,1200,37.9167,synthetic
war_memorial,2026-07-21T17:00:00+00:00,449,1200,37.4167,synthetic
war_memorial,2026-07-21T17:15:00+00:00,438,1200,36.5,synthetic
war_memorial,2026-07-21T17:30:00+00:00,391,1200,32.5833,synthetic
war_memorial,2026-07-21T17:45:00+00:00,359,1200,29.9167,synthetic
war_memorial,2026-07-21T18:00:00+00:00,355,1200,29.5833,synthetic
war_memorial,2026-07-21T18:15:00+00:00,295,1200,24.5833,synthetic
war_memorial,2026-07-21T18:30:00+00:00,294,1200,24.5,synthetic
war_memorial,2026-07-21T18:45:00+00:00,253,1200,21.0833,synthetic
war_memorial,2026-07-21T19:00:00+00:00,225,1200,18.75,synthetic
war_memorial,2026-07-21T19:15:00+00:00,226,1200,18.8333,synthetic
war_memorial,2026-07-21T19:30:00+00:00,301,1200,25.0833,synthetic
war_memorial,2026-07-21T19:45:00+00:00,290,1200,24.1667,synthetic
war_memorial,2026-07-21T20:00:00+00:00,347,1200,28.9167,synthetic
war_memorial,2026-07-21T20:15:00+00:00,426,1200,35.5,synthetic
war_memorial,2026-07-21T20:30:00+00:00,443,1200,36.9167,synthetic
war_memorial,2026-07-21T20:45:00+00:00,566,1200,47.1667,synthetic
war_memorial,2026-07-21T21:00:00+00:00,606,1200,50.5,synthetic
war_memorial,2026-07-21T21:15:00+00:00,687,1200,57.25,synthetic
war_memorial,2026-07-21T21:30:00+00:00,738,1200,61.5,synthetic
war_memorial,2026-07-21T21:45:00+00:00,790,1200,65.8333,synthetic
war_memorial,2026-07-21T22:00:00+00:00,825,1200,68.75,synthetic
war_memorial,2026-07-21T22:15:00+00:00,843,1200,70.25,synthetic
war_memorial,2026-07-21T22:30:00+00:00,841,1200,70.0833,synthetic
war_memorial,2026-07-21T22:45:00+00:00,814,1200,67.8333,synthetic
war_memorial,2026-07-21T23:00:00+00:00,817,1200,68.0833,synthetic
war_memorial,2026-07-21T23:15:00+00:00,770,1200,64.1667,synthetic
war_memorial,2026-07-21T23:30:00+00:00,676,1200,56.3333,synthetic
war_memorial,2026-07-21T23:45:00+00:00,632,1200,52.6667,synthetic
war_memorial,2026-07-22T00:00:00+00:00,561,1200,46.75,synthetic
war_memorial,2026-07-22T00:15:00+00:00,498,1200,41.5,synthetic
war_memorial,2026-07-22T00:30:00+00:00,449,1200,37.4167,synthetic
war_memorial,2026-07-22T00:45:00+00:00,409,1200,34.0833,synthetic
war_memorial,2026-07-22T01:00:00+00:00,368,1200,30.6667,synthetic
war_memorial,2026-07-22T01:15:00+00:00,334,1200,27.8333,synthetic
war_memorial,2026-07-22T01:30:00+00:00,286,1200,23.8333,synthetic
war_memorial,2026-07-22T01:45:00+00:00,222,1200,18.5,synthetic
war_memorial,2026-07-22T02:00:00+00:00,209,1200,17.4167,synthetic
war_memorial,2026-07-22T02:15:00+00:00,172,1200,14.3333,synthetic
war_memorial,2026-07-22T02:30:00+00:00,155,1200,12.9167,synthetic
war_memorial,2026-07-22T02:45:00+00:00,114,1200,9.5,synthetic
war_memorial,2026-07-22T03:00:00+00:00,98,1200,8.1667,synthetic
war_memorial,2026-07-22T03:15:00+00:00,97,1200,8.0833,synthetic
war_memorial,2026-07-22T03:30:00+00:00,123,1200,10.25,synthetic
war_memorial,2026-07-22T03:45:00+00:00,109,1200,9.0833,synthetic
mccomas,2026-07-22T04:00:00+00:00,46,600,7.6667,synthetic
mccomas,2026-07-22T04:15:00+00:00,40,600,6.6667,synthetic
mccomas,2026-07-22T04:30:00+00:00,51,600,8.5,synthetic
mccomas,2026-07-22T04:45:00+00:00,44,600,7.3333,synthetic
mccomas,2026-07-22T05:00:00+00:00,33,600,5.5,synthetic
mccomas,2026-07-22T05:15:00+00:00,36,600,6.0,synthetic
mccomas,2026-07-22T05:30:00+00:00,26,600,4.3333,synthetic
mccomas,2026-07-22T05:45:00+00:00,27,600,4.5,synthetic
mccomas,2026-07-22T06:00:00+00:00,24,600,4.0,synthetic
mccomas,2026-07-22T06:15:00+00:00,35,600,5.8333,synthetic
mccomas,2026-07-22T06:30:00+00:00,26,600,4.3333,synthetic
mccomas,2026-07-22T06:45:00+00:00,43,600,7.1667,synthetic
mccomas,2026-07-22T07:00:00+00:00,52,600,8.6667,synthetic
mccomas,2026-07-22T07:15:00+00:00,47,600,7.8333,synthetic
mccomas,2026-07-22T07:30:00+00:00,47,600,7.8333,synthetic
mccomas,2026-07-22T07:45:00+00:00,60,600,10.0,synthetic
mccomas,2026-07-22T08:00:00+00:00,44,600,7.3333,synthetic
mccomas,2026-07-22T08:15:00+00:00,57,600,9.5,synthetic
mccomas,2026-07-22T08:30:00+00:00,66,600,11.0,synthetic
mccomas,2026-07-22T08:45:00+00:00,75,600,12.5,synthetic
mccomas,2026-07-22T09:00:00+00:00,77,600,12.8333,synthetic
mccomas,2026-07-22T09:15:00+00:00,93,600,15.5,synthetic
mccomas,2026-07-22T09:30:00+00:00,89,600,14.8333,synthetic
mccomas,2026-07-22T09:45:00+00:00,96,600,16.0,synthetic
mccomas,2026-07-22T10:00:00+00:00,128,600,21.3333,synthetic
mccomas,2026-07-22T10:15:00+00:00,156,600,26.0,synthetic
mccomas,2026-07-22T10:30:00+00:00,181,600,30.1667,synthetic
mccomas,2026-07-22T10:45:00+00:00,197,600,32.8333,synthetic
mccomas,2026-07-22T11:00:00+00:00,196,600,32.6667,synthetic
mccomas,2026-07-22T11:15:00+00:00,188,600,31.3333,synthetic
mccomas,2026-07-22T11:30:00+00:00,186,600,31.0,synthetic
mccomas,2026-07-22T11:45:00+00:00,193,600,32.1667,synthetic
mccomas,2026-07-22T12:00:00+00:00,191,600,31.8333,synthetic
mccomas,2026-07-22T12:15:00+00:00,172,600,28.6667,synthetic
mccomas,2026-07-22T12:30:00+00:00,129,600,21.5,synthetic
mccomas,2026-07-22T12:45:00+00:00,120,600,20.0,synthetic
mccomas,2026-07-22T13:00:00+00:00,109,600,18.1667,synthetic
mccomas,2026-07-22T13:15:00+00:00,107,600,17.8333,synthetic
mccomas,2026-07-22T13:30:00+00:00,93,600,15.5,synthetic
mccomas,2026-07-22T13:45:00+00:00,110,600,18.3333,synthetic
mccomas,2026-07-22T14:00:00+00:00,100,600,16.6667,synthetic
mccomas,2026-07-22T14:15:00+00:00,133,600,22.1667,synthetic
mccomas,2026-07-22T14:30:00+00:00,138,600,23.0,synthetic
mccomas,2026-07-22T14:45:00+00:00,147,600,24.5,synthetic
mccomas,2026-07-22T15:00:00+00:00,160,600,26.6667,synthetic
mccomas,2026-07-22T15:15:00+00:00,162,600,27.0,synthetic
mccomas,2026-07-22T15:30:00+00:00,199,600,33.1667,synthetic
mccomas,2026-07-22T15:45:00+00:00,209,600,34.8333,synthetic
mccomas,2026-07-22T16:00:00+00:00,219,600,36.5,synthetic
mccomas,2026-07-22T16:15:00+00:00,224,600,37.3333,synthetic
mccomas,2026-07-22T16:30:00+00:00,234,600,39.0,synthetic
mccomas,2026-07-22T16:45:00+00:00,229,600,38.1667,synthetic
mccomas,2026-07-22T17:00:00+00:00,231,600,38.5,synthetic
mccomas,2026-07-22T17:15:00+00:00,224,600,37.3333,synthetic
mccomas,2026-07-22T17:30:00+00:00,227,600,37.8333,synthetic
mccomas,2026-07-22T17:45:00+00:00,231,600,38.5,synthetic
mccomas,2026-07-22T18:00:00+00:00,208,600,34.6667,synthetic
mccomas,2026-07-22T18:15:00+00:00,226,600,37.6667,synthetic
mccomas,2026-07-22T18:30:00+00:00,223,600,37.1667,synthetic
mccomas,2026-07-22T18:45:00+00:00,240,600,40.0,synthetic
mccomas,2026-07-22T19:00:00+00:00,255,600,42.5,synthetic
mccomas,2026-07-22T19:15:00+00:00,274,600,45.6667,synthetic
mccomas,2026-07-22T19:30:00+00:00,286,600,47.6667,synthetic
mccomas,2026-07-22T19:45:00+00:00,340,600,56.6667,synthetic
mccomas,2026-07-22T20:00:00+00:00,364,600,60.6667,synthetic
mccomas,2026-07-22T20:15:00+00:00,418,600,69.6667,synthetic
mccomas,2026-07-22T20:30:00+00:00,450,600,75.0,synthetic
mccomas,2026-07-22T20:45:00+00:00,478,600,79.6667,synthetic
mccomas,2026-07-22T21:00:00+00:00,491,600,81.8333,synthetic
mccomas,2026-07-22T21:15:00+00:00,476,600,79.3333,synthetic
mccomas,2026-07-22T21:30:00+00:00,495,600,82.5,synthetic
mccomas,2026-07-22T21:45:00+00:00,496,600,82.6667,synthetic
mccomas,2026-07-22T22:00:00+00:00,472,600,78.6667,synthetic
mccomas,2026-07-22T22:15:00+00:00,439,600,73.1667,synthetic
mccomas,2026-07-22T22:30:00+00:00,413,600,68.8333,synthetic
mccomas,2026-07-22T22:45:00+00:00,386,600,64.3333,synthetic
mccomas,2026-07-22T23:00:00+00:00,357,600,59.5,synthetic
mccomas,2026-07-22T23:15:00+00:00,327,600,54.5,synthetic
mccomas,2026-07-22T23:30:00+00:00,285,600,47.5,synthetic
mccomas,2026-07-22T23:45:00+00:00,230,600,38.3333,synthetic
mccomas,2026-07-23T00:00:00+00:00,192,600,32.0,synthetic
mccomas,2026-07-23T00:15:00+00:00,168,600,28.0,synthetic
mccomas,2026-07-23T00:30:00+00:00,159,600,26.5,synthetic
mccomas,2026-07-23T00:45:00+00:00,110,600,18.3333,synthetic
mccomas,2026-07-23T01:00:00+00:00,93,600,15.5,synthetic
mccomas,2026-07-23T01:15:00+00:00,80,600,13.3333,synthetic
mccomas,2026-07-23T01:30:00+00:00,78,600,13.0,synthetic
mccomas,2026-07-23T01:45:00+00:00,86,600,14.3333,synthetic
mccomas,2026-07-23T02:00:00+00:00,55,600,9.1667,synthetic
mccomas,2026-07-23T02:15:00+00:00,59,600,9.8333,synthetic
mccomas,2026-07-23T02:30:00+00:00,55,600,9.1667,synthetic
mccomas,2026-07-23T02:45:00+00:00,33,600,5.5,synthetic
mccomas,2026-07-23T03:00:00+00:00,39,600,6.5,synthetic
mccomas,2026-07-23T03:15:00+00:00,52,600,8.6667,synthetic
mccomas,2026-07-23T03:30:00+00:00,40,600,6.6667,synthetic
mccomas,2026-07-23T03:45:00+00:00,43,600,7.1667,synthetic
war_memorial,2026-07-22T04:00:00+00:00,75,1200,6.25,synthetic
war_memorial,2026-07-22T04:15:00+00:00,75,1200,6.25,synthetic
war_memorial,2026-07-22T04:30:00+00:00,68,1200,5.6667,synthetic
war_memorial,2026-07-22T04:45:00+00:00,25,1200,2.0833,synthetic
war_memorial,2026-07-22T05:00:00+00:00,41,1200,3.4167,synthetic
war_memorial,2026-07-22T05:15:00+00:00,43,1200,3.5833,synthetic
war_memorial,2026-07-22T05:30:00+00:00,40,1200,3.3333,synthetic
war_memorial,2026-07-22T05:45:00+00:00,51,1200,4.25,synthetic
war_memorial,2026-07-22T06:00:00+00:00,30,1200,2.5,synthetic
war_memorial,2026-07-22T06:15:00+00:00,41,1200,3.4167,synthetic
war_memorial,2026-07-22T06:30:00+00:00,0,1200,0.0,synthetic
war_memorial,2026-07-22T06:45:00+00:00,17,1200,1.4167,synthetic
war_memorial,2026-07-22T07:00:00+00:00,14,1200,1.1667,synthetic
war_memorial,2026-07-22T07:15:00+00:00,63,1200,5.25,synthetic
war_memorial,2026-07-22T07:30:00+00:00,65,1200,5.4167,synthetic
war_memorial,2026-07-22T07:45:00+00:00,94,1200,7.8333,synthetic
war_memorial,2026-07-22T08:00:00+00:00,110,1200,9.1667,synthetic
war_memorial,2026-07-22T08:15:00+00:00,102,1200,8.5,synthetic
war_memorial,2026-07-22T08:30:00+00:00,100,1200,8.3333,synthetic
war_memorial,2026-07-22T08:45:00+00:00,87,1200,7.25,synthetic
war_memorial,2026-07-22T09:00:00+00:00,103,1200,8.5833,synthetic
war_memorial,2026-07-22T09:15:00+00:00,116,1200,9.6667,synthetic
war_memorial,2026-07-22T09:30:00+00:00,104,1200,8.6667,synthetic
war_memorial,2026-07-22T09:45:00+00:00,96,1200,8.0,synthetic
war_memorial,2026-07-22T10:00:00+00:00,113,1200,9.4167,synthetic
war_memorial,2026-07-22T10:15:00+00:00,146,1200,12.1667,synthetic
war_memorial,2026-07-22T10:30:00+00:00,186,1200,15.5,synthetic
war_memorial,2026-07-22T10:45:00+00:00,220,1200,18.3333,synthetic
war_memorial,2026-07-22T11:00:00+00:00,269,1200,22.4167,synthetic
war_memorial,2026-07-22T11:15:00+00:00,282,1200,23.5,synthetic
war_memorial,2026-07-22T11:30:00+00:00,302,1200,25.1667,synthetic
war_memorial,2026-07-22T11:45:00+00:00,342,1200,28.5,synthetic
war_memorial,2026-07-22T12:00:00+00:00,346,1200,28.8333,synthetic
war_memorial,2026-07-22T12:15:00+00:00,367,1200,30.5833,synthetic
war_memorial,2026-07-22T12:30:00+00:00,350,1200,29.1667,synthetic
war_memorial,2026-07-22T12:45:00+00:00,335,1200,27.9167,synthetic
war_memorial,2026-07-22T13:00:00+00:00,275,1200,22.9167,synthetic
war_memorial,2026-07-22T13:15:00+00:00,263,1200,21.9167,synthetic
war_memorial,2026-07-22T13:30:00+00:00,229,1200,19.0833,synthetic
war_memorial,2026-07-22T13:45:00+00:00,227,1200,18.9167,synthetic
war_memorial,2026-07-22T14:00:00+00:00,225,1200,18.75,synthetic
war_memorial,2026-07-22T14:15:00+00:00,220,1200,18.3333,synthetic
war_memorial,2026-07-22T14:30:00+00:00,209,1200,17.4167,synthetic
war_memorial,2026-07-22T14:45:00+00:00,290,1200,24.1667,synthetic
war_memorial,2026-07-22T15:00:00+00:00,263,1200,21.9167,synthetic
war_memorial,2026-07-22T15:15:00+00:00,310,1200,25.8333,synthetic
war_memorial,2026-07-22T15:30:00+00:00,339,1200,28.25,synthetic
war_memorial,2026-07-22T15:45:00+00:00,341,1200,28.4167,synthetic
war_memorial,2026-07-22T16:00:00+00:00,414,1200,34.5,synthetic
war_memorial,2026-07-22T16:15:00+00:00,390,1200,32.5,synthetic
war_memorial,2026-07-22T16:30:00+00:00,407,1200,33.9167,synthetic
war_memorial,2026-07-22T16:45:00+00:00,399,1200,33.25,synthetic
war_memorial,2026-07-22T17:00:00+00:00,376,1200,31.3333,synthetic
war_memorial,2026-07-22T17:15:00+00:00,355,1200,29.5833,synthetic
war_memorial,2026-07-22T17:30:00+00:00,339,1200,28.25,synthetic
war_memorial,2026-07-22T17:45:00+00:00,315,1200,26.25,synthetic
war_memorial,2026-07-22T18:00:00+00:00,274,1200,22.8333,synthetic
war_memorial,2026-07-22T18:15:00+00:00,246,1200,20.5,synthetic
war_memorial,2026-07-22T18:30:00+00:00,245,1200,20.4167,synthetic
war_memorial,2026-07-22T18:45:00+00:00,252,1200,21.0,synthetic
war_memorial,2026-07-22T19:00:00+00:00,271,1200,22.5833,synthetic
war_memorial,2026-07-22T19:15:00+00:00,300,1200,25.0,synthetic
war_memorial,2026-07-22T19:30:00+00:00,294,1200,24.5,synthetic
war_memorial,2026-07-22T19:45:00+00:00,316,1200,26.3333,synthetic
war_memorial,2026-07-22T20:00:00+00:00,349,1200,29.0833,synthetic
war_memorial,2026-07-22T20:15:00+00:00,411,1200,34.25,synthetic
war_memorial,2026-07-22T20:30:00+00:00,465,1200,38.75,synthetic
war_memorial,2026-07-22T20:45:00+00:00,576,1200,48.0,synthetic
war_memorial,2026-07-22T21:00:00+00:00,593,1200,49.4167,synthetic
war_memorial,2026-07-22T21:15:00+00:00,667,1200,55.5833,synthetic
war_memorial,2026-07-22T21:30:00+00:00,731,1200,60.9167,synthetic
war_memorial,2026-07-22T21:45:00+00:00,787,1200,65.5833,synthetic
war_memorial,2026-07-22T22:00:00+00:00,791,1200,65.9167,synthetic
war_memorial,2026-07-22T22:15:00+00:00,812,1200,67.6667,synthetic
war_memorial,2026-07-22T22:30:00+00:00,836,1200,69.6667,synthetic
war_memorial,2026-07-22T22:45:00+00:00,857,1200,71.4167,synthetic
war_memorial,2026-07-22T23:00:00+00:00,829,1200,69.0833,synthetic
war_memorial,2026-07-22T23:15:00+00:00,779,1200,64.9167,synthetic
war_memorial,2026-07-22T23:30:00+00:00,739,1200,61.5833,synthetic
war_memorial,2026-07-22T23:45:00+00:00,683,1200,56.9167,synthetic
war_memorial,2026-07-23T00:00:00+00:00,590,1200,49.1667,synthetic
war_memorial,2026-07-23T00:15:00+00:00,528,1200,44.0,synthetic
war_memorial,2026-07-23T00:30:00+00:00,460,1200,38.3333,synthetic
war_memorial,2026-07-23T00:45:00+00:00,405,1200,33.75,synthetic
war_memorial,2026-07-23T01:00:00+00:00,312,1200,26.0,synthetic
war_memorial,2026-07-23T01:15:00+00:00,271,1200,22.5833,synthetic
war_memorial,2026-07-23T01:30:00+00:00,258,1200,21.5,synthetic
war_memorial,2026-07-23T01:45:00+00:00,206,1200,17.1667,synthetic
war_memorial,2026-07-23T02:00:00+00:00,164,1200,13.6667,synthetic
war_memorial,2026-07-23T02:15:00+00:00,159,1200,13.25,synthetic
war_memorial,2026-07-23T02:30:00+00:00,114,1200,9.5,synthetic
war_memorial,2026-07-23T02:45:00+00:00,94,1200,7.8333,synthetic
war_memorial,2026-07-23T03:00:00+00:00,92,1200,7.6667,synthetic
war_memorial,2026-07-23T03:15:00+00:00,67,1200,5.5833,synthetic
war_memorial,2026-07-23T03:30:00+00:00,60,1200,5.0,synthetic
war_memorial,2026-07-23T03:45:00+00:00,87,1200,7.25,synthetic
mccomas,2026-07-23T04:00:00+00:00,38,600,6.3333,synthetic
mccomas,2026-07-23T04:15:00+00:00,22,600,3.6667,synthetic
mccomas,2026-07-23T04:30:00+00:00,47,600,7.8333,synthetic
mccomas,2026-07-23T04:45:00+00:00,35,600,5.8333,synthetic
mccomas,2026-07-23T05:00:00+00:00,29,600,4.8333,synthetic
mccomas,2026-07-23T05:15:00+00:00,29,600,4.8333,synthetic
mccomas,2026-07-23T05:30:00+00:00,42,600,7.0,synthetic
mccomas,2026-07-23T05:45:00+00:00,36,600,6.0,synthetic
mccomas,2026-07-23T06:00:00+00:00,50,600,8.3333,synthetic
mccomas,2026-07-23T06:15:00+00:00,37,600,6.1667,synthetic
mccomas,2026-07-23T06:30:00+00:00,20,600,3.3333,synthetic
mccomas,2026-07-23T06:45:00+00:00,27,600,4.5,synthetic
mccomas,2026-07-23T07:00:00+00:00,20,600,3.3333,synthetic
mccomas,2026-07-23T07:15:00+00:00,39,600,6.5,synthetic
mccomas,2026-07-23T07:30:00+00:00,45,600,7.5,synthetic
mccomas,2026-07-23T07:45:00+00:00,33,600,5.5,synthetic
mccomas,2026-07-23T08:00:00+00:00,43,600,7.1667,synthetic
mccomas,2026-07-23T08:15:00+00:00,61,600,10.1667,synthetic
mccomas,2026-07-23T08:30:00+00:00,57,600,9.5,synthetic
mccomas,2026-07-23T08:45:00+00:00,72,600,12.0,synthetic
mccomas,2026-07-23T09:00:00+00:00,73,600,12.1667,synthetic
mccomas,2026-07-23T09:15:00+00:00,81,600,13.5,synthetic
mccomas,2026-07-23T09:30:00+00:00,76,600,12.6667,synthetic
mccomas,2026-07-23T09:45:00+00:00,84,600,14.0,synthetic
mccomas,2026-07-23T10:00:00+00:00,115,600,19.1667,synthetic
mccomas,2026-07-23T10:15:00+00:00,129,600,21.5,synthetic
mccomas,2026-07-23T10:30:00+00:00,143,600,23.8333,synthetic
mccomas,2026-07-23T10:45:00+00:00,144,600,24.0,synthetic
mccomas,2026-07-23T11:00:00+00:00,167,600,27.8333,synthetic
mccomas,2026-07-23T11:15:00+00:00,181,600,30.1667,synthetic
mccomas,2026-07-23T11:30:00+00:00,186,600,31.0,synthetic
mccomas,2026-07-23T11:45:00+00:00,180,600,30.0,synthetic
mccomas,2026-07-23T12:00:00+00:00,163,600,27.1667,synthetic
mccomas,2026-07-23T12:15:00+00:00,159,600,26.5,synthetic
mccomas,2026-07-23T12:30:00+00:00,130,600,21.6667,synthetic
mccomas,2026-07-23T12:45:00+00:00,95,600,15.8333,synthetic
mccomas,2026-07-23T13:00:00+00:00,89,600,14.8333,synthetic
mccomas,2026-07-23T13:15:00+00:00,75,600,12.5,synthetic
mccomas,2026-07-23T13:30:00+00:00,81,600,13.5,synthetic
mccomas,2026-07-23T13:45:00+00:00,75,600,12.5,synthetic
mccomas,2026-07-23T14:00:00+00:00,90,600,15.0,synthetic
mccomas,2026-07-23T14:15:00+00:00,92,600,15.3333,synthetic
mccomas,2026-07-23T14:30:00+00:00,109,600,18.1667,synthetic
mccomas,2026-07-23T14:45:00+00:00,119,600,19.8333,synthetic
mccomas,2026-07-23T15:00:00+00:00,129,600,21.5,synthetic
mccomas,2026-07-23T15:15:00+00:00,146,600,24.3333,synthetic
mccomas,2026-07-23T15:30:00+00:00,189,600,31.5,synthetic
mccomas,2026-07-23T15:45:00+00:00,196,600,32.6667,synthetic
mccomas,2026-07-23T16:00:00+00:00,221,600,36.8333,synthetic
mccomas,2026-07-23T16:15:00+00:00,215,600,35.8333,synthetic
mccomas,2026-07-23T16:30:00+00:00,213,600,35.5,synthetic
mccomas,2026-07-23T16:45:00+00:00,204,600,34.0,synthetic
mccomas,2026-07-23T17:00:00+00:00,205,600,34.1667,synthetic
mccomas,2026-07-23T17:15:00+00:00,216,600,36.0,synthetic
mccomas,2026-07-23T17:30:00+00:00,196,600,32.6667,synthetic
mccomas,2026-07-23T17:45:00+00:00,195,600,32.5,synthetic
mccomas,2026-07-23T18:00:00+00:00,192,600,32.0,synthetic
mccomas,2026-07-23T18:15:00+00:00,202,600,33.6667,synthetic
mccomas,2026-07-23T18:30:00+00:00,207,600,34.5,synthetic
mccomas,2026-07-23T18:45:00+00:00,185,600,30.8333,synthetic
mccomas,2026-07-23T19:00:00+00:00,226,600,37.6667,synthetic
mccomas,2026-07-23T19:15:00+00:00,253,600,42.1667,synthetic
mccomas,2026-07-23T19:30:00+00:00,265,600,44.1667,synthetic
mccomas,2026-07-23T19:45:00+00:00,298,600,49.6667,synthetic
mccomas,2026-07-23T20:00:00+00:00,332,600,55.3333,synthetic
mccomas,2026-07-23T20:15:00+00:00,371,600,61.8333,synthetic
mccomas,2026-07-23T20:30:00+00:00,404,600,67.3333,synthetic
mccomas,2026-07-23T20:45:00+00:00,427,600,71.1667,synthetic
mccomas,2026-07-23T21:00:00+00:00,453,600,75.5,synthetic
mccomas,2026-07-23T21:15:00+00:00,460,600,76.6667,synthetic
mccomas,2026-07-23T21:30:00+00:00,469,600,78.1667,synthetic
mccomas,2026-07-23T21:45:00+00:00,457,600,76.1667,synthetic
mccomas,2026-07-23T22:00:00+00:00,423,600,70.5,synthetic
mccomas,2026-07-23T22:15:00+00:00,415,600,69.1667,synthetic
mccomas,2026-07-23T22:30:00+00:00,404,600,67.3333,synthetic
mccomas,2026-07-23T22:45:00+00:00,364,600,60.6667,synthetic
mccomas,2026-07-23T23:00:00+00:00,331,600,55.1667,synthetic
mccomas,2026-07-23T23:15:00+00:00,286,600,47.6667,synthetic
mccomas,2026-07-23T23:30:00+00:00,239,600,39.8333,synthetic
mccomas,2026-07-23T23:45:00+00:00,214,600,35.6667,synthetic
mccomas,2026-07-24T00:00:00+00:00,174,600,29.0,synthetic
mccomas,2026-07-24T00:15:00+00:00,131,600,21.8333,synthetic
mccomas,2026-07-24T00:30:00+00:00,97,600,16.1667,synthetic
mccomas,2026-07-24T00:45:00+00:00,69,600,11.5,synthetic
mccomas,2026-07-24T01:00:00+00:00,65,600,10.8333,synthetic
mccomas,2026-07-24T01:15:00+00:00,65,600,10.8333,synthetic
mccomas,2026-07-24T01:30:00+00:00,54,600,9.0,synthetic
mccomas,2026-07-24T01:45:00+00:00,34,600,5.6667,synthetic
mccomas,2026-07-24T02:00:00+00:00,50,600,8.3333,synthetic
mccomas,2026-07-24T02:15:00+00:00,42,600,7.0,synthetic
mccomas,2026-07-24T02:30:00+00:00,59,600,9.8333,synthetic
mccomas,2026-07-24T02:45:00+00:00,38,600,6.3333,synthetic
mccomas,2026-07-24T03:00:00+00:00,39,600,6.5,synthetic
mccomas,2026-07-24T03:15:00+00:00,40,600,6.6667,synthetic
mccomas,2026-07-24T03:30:00+00:00,33,600,5.5,synthetic
mccomas,2026-07-24T03:45:00+00:00,45,600,7.5,synthetic
war_memorial,2026-07-23T04:00:00+00:00,34,1200,2.8333,synthetic
war_memorial,2026-07-23T04:15:00+00:00,34,1200,2.8333,synthetic
war_memorial,2026-07-23T04:30:00+00:00,15,1200,1.25,synthetic
war_memorial,2026-07-23T04:45:00+00:00,9,1200,0.75,synthetic
war_memorial,2026-07-23T05:00:00+00:00,8,1200,0.6667,synthetic
war_memorial,2026-07-23T05:15:00+00:00,0,1200,0.0,synthetic
war_memorial,2026-07-23T05:30:00+00:00,18,1200,1.5,synthetic
war_memorial,2026-07-23T05:45:00+00:00,46,1200,3.8333,synthetic
war_memorial,2026-07-23T06:00:00+00:00,57,1200,4.75,synthetic
war_memorial,2026-07-23T06:15:00+00:00,60,1200,5.0,synthetic
war_memorial,2026-07-23T06:30:00+00:00,62,1200,5.1667,synthetic
war_memorial,2026-07-23T06:45:00+00:00,79,1200,6.5833,synthetic
war_memorial,2026-07-23T07:00:00+00:00,39,1200,3.25,synthetic
war_memorial,2026-07-23T07:15:00+00:00,24,1200,2.0,synthetic
war_memorial,2026-07-23T07:30:00+00:00,65,1200,5.4167,synthetic
war_memorial,2026-07-23T07:45:00+00:00,52,1200,4.3333,synthetic
war_memorial,2026-07-23T08:00:00+00:00,27,1200,2.25,synthetic
war_memorial,2026-07-23T08:15:00+00:00,0,1200,0.0,synthetic
war_memorial,2026-07-23T08:30:00+00:00,0,1200,0.0,synthetic
war_memorial,2026-07-23T08:45:00+00:00,15,1200,1.25,synthetic
war_memorial,2026-07-23T09:00:00+00:00,6,1200,0.5,synthetic
war_memorial,2026-07-23T09:15:00+00:00,70,1200,5.8333,synthetic
war_memorial,2026-07-23T09:30:00+00:00,36,1200,3.0,synthetic
war_memorial,2026-07-23T09:45:00+00:00,58,1200,4.8333,synthetic
war_memorial,2026-07-23T10:00:00+00:00,89,1200,7.4167,synthetic
war_memorial,2026-07-23T10:15:00+00:00,97,1200,8.0833,synthetic
war_memorial,2026-07-23T10:30:00+00:00,134,1200,11.1667,synthetic
war_memorial,2026-07-23T10:45:00+00:00,182,1200,15.1667,synthetic
war_memorial,2026-07-23T11:00:00+00:00,223,1200,18.5833,synthetic
war_memorial,2026-07-23T11:15:00+00:00,272,1200,22.6667,synthetic
war_memorial,2026-07-23T11:30:00+00:00,289,1200,24.0833,synthetic
war_memorial,2026-07-23T11:45:00+00:00,333,1200,27.75,synthetic
war_memorial,2026-07-23T12:00:00+00:00,300,1200,25.0,synthetic
war_memorial,2026-07-23T12:15:00+00:00,305,1200,25.4167,synthetic
war_memorial,2026-07-23T12:30:00+00:00,280,1200,23.3333,synthetic
war_memorial,2026-07-23T12:45:00+00:00,255,1200,21.25,synthetic
war_memorial,2026-07-23T13:00:00+00:00,228,1200,19.0,synthetic
war_memorial,2026-07-23T13:15:00+00:00,216,1200,18.0,synthetic
war_memorial,2026-07-23T13:30:00+00:00,189,1200,15.75,synthetic
war_memorial,2026-07-23T13:45:00+00:00,185,1200,15.4167,synthetic
war_memorial,2026-07-23T14:00:00+00:00,193,1200,16.0833,synthetic
war_memorial,2026-07-23T14:15:00+00:00,195,1200,16.25,synthetic
war_memorial,2026-07-23T14:30:00+00:00,186,1200,15.5,synthetic
war_memorial,2026-07-23T14:45:00+00:00,210,1200,17.5,synthetic
war_memorial,2026-07-23T15:00:00+00:00,274,1200,22.8333,synthetic
war_memorial,2026-07-23T15:15:00+00:00,273,1200,22.75,synthetic
war_memorial,2026-07-23T15:30:00+00:00,332,1200,27.6667,synthetic
war_memorial,2026-07-23T15:45:00+00:00,355,1200,29.5833,synthetic
war_memorial,2026-07-23T16:00:00+00:00,381,1200,31.75,synthetic
war_memorial,2026-07-23T16:15:00+00:00,368,1200,30.6667,synthetic
war_memorial,2026-07-23T16:30:00+00:00,373,1200,31.0833,synthetic
war_memorial,2026-07-23T16:45:00+00:00,335,1200,27.9167,synthetic
war_memorial,2026-07-23T17:00:00+00:00,361,1200,30.0833,synthetic
war_memorial,2026-07-23T17:15:00+00:00,318,1200,26.5,synthetic
war_memorial,2026-07-23T17:30:00+00:00,293,1200,24.4167,synthetic
war_memorial,2026-07-23T17:45:00+00:00,274,1200,22.8333,synthetic
war_memorial,2026-07-23T18:00:00+00:00,249,1200,20.75,synthetic
war_memorial,2026-07-23T18:15:00+00:00,211,1200,17.5833,synthetic
war_memorial,2026-07-23T18:30:00+00:00,200,1200,16.6667,synthetic
war_memorial,2026-07-23T18:45:00+00:00,211,1200,17.5833,synthetic
war_memorial,2026-07-23T19:00:00+00:00,204,1200,17.0,synthetic
war_memorial,2026-07-23T19:15:00+00:00,203,1200,16.9167,synthetic
war_memorial,2026-07-23T19:30:00+00:00,228,1200,19.0,synthetic
war_memorial,2026-07-23T19:45:00+00:00,262,1200,21.8333,synthetic
war_memorial,2026-07-23T20:00:00+00:00,319,1200,26.5833,synthetic
war_memorial,2026-07-23T20:15:00+00:00,360,1200,30.0,synthetic
war_memorial,2026-07-23T20:30:00+00:00,421,1200,35.0833,synthetic
war_memorial,2026-07-23T20:45:00+00:00,478,1200,39.8333,synthetic
war_memorial,2026-07-23T21:00:00+00:00,559,1200,46.5833,synthetic
war_memorial,2026-07-23T21:15:00+00:00,645,1200,53.75,synthetic
war_memorial,2026-07-23T21:30:00+00:00,683,1200,56.9167,synthetic
war_memorial,2026-07-23T21:45:00+00:00,738,1200,61.5,synthetic
war_memorial,2026-07-23T22:00:00+00:00,781,1200,65.0833,synthetic
war_memorial,2026-07-23T22:15:00+00:00,811,1200,67.5833,synthetic
war_memorial,2026-07-23T22:30:00+00:00,834,1200,69.5,synthetic
war_memorial,2026-07-23T22:45:00+00:00,796,1200,66.3333,synthetic
war_memorial,2026-07-23T23:00:00+00:00,763,1200,63.5833,synthetic
war_memorial,2026-07-23T23:15:00+00:00,698,1200,58.1667,synthetic
war_memorial,2026-07-23T23:30:00+00:00,652,1200,54.3333,synthetic
war_memorial,2026-07-23T23:45:00+00:00,581,1200,48.4167,synthetic
war_memorial,2026-07-24T00:00:00+00:00,533,1200,44.4167,synthetic
war_memorial,2026-07-24T00:15:00+00:00,488,1200,40.6667,synthetic
war_memorial,2026-07-24T00:30:00+00:00,401,1200,33.4167,synthetic
war_memorial,2026-07-24T00:45:00+00:00,361,1200,30.0833,synthetic
war_memorial,2026-07-24T01:00:00+00:00,282,1200,23.5,synthetic
war_memorial,2026-07-24T01:15:00+00:00,198,1200,16.5,synthetic
war_memorial,2026-07-24T01:30:00+00:00,123,1200,10.25,synthetic
war_memorial,2026-07-24T01:45:00+00:00,144,1200,12.0,synthetic
war_memorial,2026-07-24T02:00:00+00:00,135,1200,11.25,synthetic
war_memorial,2026-07-24T02:15:00+00:00,131,1200,10.9167,synthetic
war_memorial,2026-07-24T02:30:00+00:00,87,1200,7.25,synthetic
war_memorial,2026-07-24T02:45:00+00:00,106,1200,8.8333,synthetic
war_memorial,2026-07-24T03:00:00+00:00,57,1200,4.75,synthetic
war_memorial,2026-07-24T03:15:00+00:00,109,1200,9.0833,synthetic
war_memorial,2026-07-24T03:30:00+00:00,59,1200,4.9167,synthetic
war_memorial,2026-07-24T03:45:00+00:00,64,1200,5.3333,synthetic
mccomas,2026-07-24T04:00:00+00:00,15,600,2.5,synthetic
mccomas,2026-07-24T04:15:00+00:00,10,600,1.6667,synthetic
mccomas,2026-07-24T04:30:00+00:00,14,600,2.3333,synthetic
mccomas,2026-07-24T04:45:00+00:00,13,600,2.1667,synthetic
mccomas,2026-07-24T05:00:00+00:00,10,600,1.6667,synthetic
mccomas,2026-07-24T05:15:00+00:00,0,600,0.0,synthetic
mccomas,2026-07-24T05:30:00+00:00,3,600,0.5,synthetic
mccomas,2026-07-24T05:45:00+00:00,13,600,2.1667,synthetic
mccomas,2026-07-24T06:00:00+00:00,20,600,3.3333,synthetic
mccomas,2026-07-24T06:15:00+00:00,15,600,2.5,synthetic
mccomas,2026-07-24T06:30:00+00:00,11,600,1.8333,synthetic
mccomas,2026-07-24T06:45:00+00:00,23,600,3.8333,synthetic
mccomas,2026-07-24T07:00:00+00:00,15,600,2.5,synthetic
mccomas,2026-07-24T07:15:00+00:00,1,600,0.1667,synthetic
mccomas,2026-07-24T07:30:00+00:00,6,600,1.0,synthetic
mccomas,2026-07-24T07:45:00+00:00,16,600,2.6667,synthetic
mccomas,2026-07-24T08:00:00+00:00,15,600,2.5,synthetic
mccomas,2026-07-24T08:15:00+00:00,16,600,2.6667,synthetic
mccomas,2026-07-24T08:30:00+00:00,2,600,0.3333,synthetic
mccomas,2026-07-24T08:45:00+00:00,16,600,2.6667,synthetic
mccomas,2026-07-24T09:00:00+00:00,25,600,4.1667,synthetic
mccomas,2026-07-24T09:15:00+00:00,24,600,4.0,synthetic
mccomas,2026-07-24T09:30:00+00:00,35,600,5.8333,synthetic
mccomas,2026-07-24T09:45:00+00:00,52,600,8.6667,synthetic
mccomas,2026-07-24T10:00:00+00:00,63,600,10.5,synthetic
mccomas,2026-07-24T10:15:00+00:00,89,600,14.8333,synthetic
mccomas,2026-07-24T10:30:00+00:00,116,600,19.3333,synthetic
mccomas,2026-07-24T10:45:00+00:00,126,600,21.0,synthetic
mccomas,2026-07-24T11:00:00+00:00,141,600,23.5,synthetic
mccomas,2026-07-24T11:15:00+00:00,144,600,24.0,synthetic
mccomas,2026-07-24T11:30:00+00:00,162,600,27.0,synthetic
mccomas,2026-07-24T11:45:00+00:00,156,600,26.0,synthetic
mccomas,2026-07-24T12:00:00+00:00,137,600,22.8333,synthetic
mccomas,2026-07-24T12:15:00+00:00,125,600,20.8333,synthetic
mccomas,2026-07-24T12:30:00+00:00,106,600,17.6667,synthetic
mccomas,2026-07-24T12:45:00+00:00,72,600,12.0,synthetic
mccomas,2026-07-24T13:00:00+00:00,92,600,15.3333,synthetic
mccomas,2026-07-24T13:15:00+00:00,71,600,11.8333,synthetic
mccomas,2026-07-24T13:30:00+00:00,72,600,12.0,synthetic
mccomas,2026-07-24T13:45:00+00:00,59,600,9.8333,synthetic
mccomas,2026-07-24T14:00:00+00:00,63,600,10.5,synthetic
mccomas,2026-07-24T14:15:00+00:00,81,600,13.5,synthetic
mccomas,2026-07-24T14:30:00+00:00,87,600,14.5,synthetic
mccomas,2026-07-24T14:45:00+00:00,110,600,18.3333,synthetic
mccomas,2026-07-24T15:00:00+00:00,129,600,21.5,synthetic
mccomas,2026-07-24T15:15:00+00:00,136,600,22.6667,synthetic
mccomas,2026-07-24T15:30:00+00:00,151,600,25.1667,synthetic
mccomas,2026-07-24T15:45:00+00:00,151,600,25.1667,synthetic
mccomas,2026-07-24T16:00:00+00:00,189,600,31.5,synthetic
mccomas,2026-07-24T16:15:00+00:00,203,600,33.8333,synthetic
mccomas,2026-07-24T16:30:00+00:00,209,600,34.8333,synthetic
mccomas,2026-07-24T16:45:00+00:00,225,600,37.5,synthetic
mccomas,2026-07-24T17:00:00+00:00,218,600,36.3333,synthetic
mccomas,2026-07-24T17:15:00+00:00,193,600,32.1667,synthetic
mccomas,2026-07-24T17:30:00+00:00,184,600,30.6667,synthetic
mccomas,2026-07-24T17:45:00+00:00,190,600,31.6667,synthetic
mccomas,2026-07-24T18:00:00+00:00,185,600,30.8333,synthetic
mccomas,2026-07-24T18:15:00+00:00,198,600,33.0,synthetic
mccomas,2026-07-24T18:30:00+00:00,183,600,30.5,synthetic
mccomas,2026-07-24T18:45:00+00:00,208,600,34.6667,synthetic
mccomas,2026-07-24T19:00:00+00:00,209,600,34.8333,synthetic
mccomas,2026-07-24T19:15:00+00:00,230,600,38.3333,synthetic
mccomas,2026-07-24T19:30:00+00:00,260,600,43.3333,synthetic
mccomas,2026-07-24T19:45:00+00:00,286,600,47.6667,synthetic
mccomas,2026-07-24T20:00:00+00:00,310,600,51.6667,synthetic
mccomas,2026-07-24T20:15:00+00:00,359,600,59.8333,synthetic
mccomas,2026-07-24T20:30:00+00:00,405,600,67.5,synthetic
mccomas,2026-07-24T20:45:00+00:00,423,600,70.5,synthetic
mccomas,2026-07-24T21:00:00+00:00,451,600,75.1667,synthetic
mccomas,2026-07-24T21:15:00+00:00,475,600,79.1667,synthetic
mccomas,2026-07-24T21:30:00+00:00,473,600,78.8333,synthetic
mccomas,2026-07-24T21:45:00+00:00,471,600,78.5,synthetic
mccomas,2026-07-24T22:00:00+00:00,455,600,75.8333,synthetic
mccomas,2026-07-24T22:15:00+00:00,424,600,70.6667,synthetic
mccomas,2026-07-24T22:30:00+00:00,403,600,67.1667,synthetic
mccomas,2026-07-24T22:45:00+00:00,365,600,60.8333,synthetic
mccomas,2026-07-24T23:00:00+00:00,296,600,49.3333,synthetic
mccomas,2026-07-24T23:15:00+00:00,257,600,42.8333,synthetic
mccomas,2026-07-24T23:30:00+00:00,218,600,36.3333,synthetic
mccomas,2026-07-24T23:45:00+00:00,197,600,32.8333,synthetic
mccomas,2026-07-25T00:00:00+00:00,183,600,30.5,synthetic
mccomas,2026-07-25T00:15:00+00:00,141,600,23.5,synthetic
mccomas,2026-07-25T00:30:00+00:00,129,600,21.5,synthetic
mccomas,2026-07-25T00:45:00+00:00,87,600,14.5,synthetic
mccomas,2026-07-25T01:00:00+00:00,81,600,13.5,synthetic
mccomas,2026-07-25T01:15:00+00:00,87,600,14.5,synthetic
mccomas,2026-07-25T01:30:00+00:00,52,600,8.6667,synthetic
mccomas,2026-07-25T01:45:00+00:00,55,600,9.1667,synthetic
mccomas,2026-07-25T02:00:00+00:00,33,600,5.5,synthetic
mccomas,2026-07-25T02:15:00+00:00,6,600,1.0,synthetic
mccomas,2026-07-25T02:30:00+00:00,0,600,0.0,synthetic
mccomas,2026-07-25T02:45:00+00:00,3,600,0.5,synthetic
mccomas,2026-07-25T03:00:00+00:00,0,600,0.0,synthetic
mccomas,2026-07-25T03:15:00+00:00,0,600,0.0,synthetic
mccomas,2026-07-25T03:30:00+00:00,0,600,0.0,synthetic
mccomas,2026-07-25T03:45:00+00:00,2,600,0.3333,synthetic
war_memorial,2026-07-24T04:00:00+00:00,70,1200,5.8333,synthetic
war_memorial,2026-07-24T04:15:00+00:00,93,1200,7.75,synthetic
war_memorial,2026-07-24T04:30:00+00:00,71,1200,5.9167,synthetic
war_memorial,2026-07-24T04:45:00+00:00,43,1200,3.5833,synthetic
war_memorial,2026-07-24T05:00:00+00:00,38,1200,3.1667,synthetic
war_memorial,2026-07-24T05:15:00+00:00,72,1200,6.0,synthetic
war_memorial,2026-07-24T05:30:00+00:00,4,1200,0.3333,synthetic
war_memorial,2026-07-24T05:45:00+00:00,19,1200,1.5833,synthetic
war_memorial,2026-07-24T06:00:00+00:00,0,1200,0.0,synthetic
war_memorial,2026-07-24T06:15:00+00:00,24,1200,2.0,synthetic
war_memorial,2026-07-24T06:30:00+00:00,14,1200,1.1667,synthetic
war_memorial,2026-07-24T06:45:00+00:00,0,1200,0.0,synthetic
war_memorial,2026-07-24T07:00:00+00:00,26,1200,2.1667,synthetic
war_memorial,2026-07-24T07:15:00+00:00,62,1200,5.1667,synthetic
war_memorial,2026-07-24T07:30:00+00:00,32,1200,2.6667,synthetic
war_memorial,2026-07-24T07:45:00+00:00,59,1200,4.9167,synthetic
war_memorial,2026-07-24T08:00:00+00:00,37,1200,3.0833,synthetic
war_memorial,2026-07-24T08:15:00+00:00,46,1200,3.8333,synthetic
war_memorial,2026-07-24T08:30:00+00:00,69,1200,5.75,synthetic
war_memorial,2026-07-24T08:45:00+00:00,21,1200,1.75,synthetic
war_memorial,2026-07-24T09:00:00+00:00,14,1200,1.1667,synthetic
war_memorial,2026-07-24T09:15:00+00:00,15,1200,1.25,synthetic
war_memorial,2026-07-24T09:30:00+00:00,39,1200,3.25,synthetic
war_memorial,2026-07-24T09:45:00+00:00,35,1200,2.9167,synthetic
war_memorial,2026-07-24T10:00:00+00:00,74,1200,6.1667,synthetic
war_memorial,2026-07-24T10:15:00+00:00,104,1200,8.6667,synthetic
war_memorial,2026-07-24T10:30:00+00:00,160,1200,13.3333,synthetic
war_memorial,2026-07-24T10:45:00+00:00,207,1200,17.25,synthetic
war_memorial,2026-07-24T11:00:00+00:00,216,1200,18.0,synthetic
war_memorial,2026-07-24T11:15:00+00:00,270,1200,22.5,synthetic
war_memorial,2026-07-24T11:30:00+00:00,319,1200,26.5833,synthetic
war_memorial,2026-07-24T11:45:00+00:00,345,1200,28.75,synthetic
war_memorial,2026-07-24T12:00:00+00:00,318,1200,26.5,synthetic
war_memorial,2026-07-24T12:15:00+00:00,301,1200,25.0833,synthetic
war_memorial,2026-07-24T12:30:00+00:00,301,1200,25.0833,synthetic
war_memorial,2026-07-24T12:45:00+00:00,284,1200,23.6667,synthetic
war_memorial,2026-07-24T13:00:00+00:00,279,1200,23.25,synthetic
war_memorial,2026-07-24T13:15:00+00:00,266,1200,22.1667,synthetic
war_memorial,2026-07-24T13:30:00+00:00,186,1200,15.5,synthetic
war_memorial,2026-07-24T13:45:00+00:00,188,1200,15.6667,synthetic
war_memorial,2026-07-24T14:00:00+00:00,181,1200,15.0833,synthetic
war_memorial,2026-07-24T14:15:00+00:00,183,1200,15.25,synthetic
war_memorial,2026-07-24T14:30:00+00:00,194,1200,16.1667,synthetic
war_memorial,2026-07-24T14:45:00+00:00,230,1200,19.1667,synthetic
war_memorial,2026-07-24T15:00:00+00:00,279,1200,23.25,synthetic
war_memorial,2026-07-24T15:15:00+00:00,280,1200,23.3333,synthetic
war_memorial,2026-07-24T15:30:00+00:00,361,1200,30.0833,synthetic
war_memorial,2026-07-24T15:45:00+00:00,411,1200,34.25,synthetic
war_memorial,2026-07-24T16:00:00+00:00,394,1200,32.8333,synthetic
war_memorial,2026-07-24T16:15:00+00:00,413,1200,34.4167,synthetic
war_memorial,2026-07-24T16:30:00+00:00,367,1200,30.5833,synthetic
war_memorial,2026-07-24T16:45:00+00:00,370,1200,30.8333,synthetic
war_memorial,2026-07-24T17:00:00+00:00,410,1200,34.1667,synthetic
war_memorial,2026-07-24T17:15:00+00:00,366,1200,30.5,synthetic
war_memorial,2026-07-24T17:30:00+00:00,313,1200,26.0833,synthetic
war_memorial,2026-07-24T17:45:00+00:00,271,1200,22.5833,synthetic
war_memorial,2026-07-24T18:00:00+00:00,257,1200,21.4167,synthetic
war_memorial,2026-07-24T18:15:00+00:00,279,1200,23.25,synthetic
war_memorial,2026-07-24T18:30:00+00:00,277,1200,23.0833,synthetic
war_memorial,2026-07-24T18:45:00+00:00,216,1200,18.0,synthetic
war_memorial,2026-07-24T19:00:00+00:00,232,1200,19.3333,synthetic
war_memorial,2026-07-24T19:15:00+00:00,273,1200,22.75,synthetic
war_memorial,2026-07-24T19:30:00+00:00,251,1200,20.9167,synthetic
war_memorial,2026-07-24T19:45:00+00:00,320,1200,26.6667,synthetic
war_memorial,2026-07-24T20:00:00+00:00,336,1200,28.0,synthetic
war_memorial,2026-07-24T20:15:00+00:00,367,1200,30.5833,synthetic
war_memorial,2026-07-24T20:30:00+00:00,438,1200,36.5,synthetic
war_memorial,2026-07-24T20:45:00+00:00,495,1200,41.25,synthetic
war_memorial,2026-07-24T21:00:00+00:00,547,1200,45.5833,synthetic
war_memorial,2026-07-24T21:15:00+00:00,611,1200,50.9167,synthetic
war_memorial,2026-07-24T21:30:00+00:00,692,1200,57.6667,synthetic
war_memorial,2026-07-24T21:45:00+00:00,721,1200,60.0833,synthetic
war_memorial,2026-07-24T22:00:00+00:00,803,1200,66.9167,synthetic
war_memorial,2026-07-24T22:15:00+00:00,803,1200,66.9167,synthetic
war_memorial,2026-07-24T22:30:00+00:00,856,1200,71.3333,synthetic
war_memorial,2026-07-24T22:45:00+00:00,811,1200,67.5833,synthetic
war_memorial,2026-07-24T23:00:00+00:00,799,1200,66.5833,synthetic
war_memorial,2026-07-24T23:15:00+00:00,723,1200,60.25,synthetic
war_memorial,2026-07-24T23:30:00+00:00,676,1200,56.3333,synthetic
war_memorial,2026-07-24T23:45:00+00:00,627,1200,52.25,synthetic
war_memorial,2026-07-25T00:00:00+00:00,543,1200,45.25,synthetic
war_memorial,2026-07-25T00:15:00+00:00,522,1200,43.5,synthetic
war_memorial,2026-07-25T00:30:00+00:00,402,1200,33.5,synthetic
war_memorial,2026-07-25T00:45:00+00:00,362,1200,30.1667,synthetic
war_memorial,2026-07-25T01:00:00+00:00,311,1200,25.9167,synthetic
war_memorial,2026-07-25T01:15:00+00:00,260,1200,21.6667,synthetic
war_memorial,2026-07-25T01:30:00+00:00,203,1200,16.9167,synthetic
war_memorial,2026-07-25T01:45:00+00:00,134,1200,11.1667,synthetic
war_memorial,2026-07-25T02:00:00+00:00,127,1200,10.5833,synthetic
war_memorial,2026-07-25T02:15:00+00:00,92,1200,7.6667,synthetic
war_memorial,2026-07-25T02:30:00+00:00,76,1200,6.3333,synthetic
war_memorial,2026-07-25T02:45:00+00:00,78,1200,6.5,synthetic
war_memorial,2026-07-25T03:00:00+00:00,85,1200,7.0833,synthetic
war_memorial,2026-07-25T03:15:00+00:00,89,1200,7.4167,synthetic
war_memorial,2026-07-25T03:30:00+00:00,54,1200,4.5,synthetic
war_memorial,2026-07-25T03:45:00+00:00,53,1200,4.4167,synthetic
mccomas,2026-07-25T04:00:00+00:00,15,600,2.5,synthetic
mccomas,2026-07-25T04:15:00+00:00,21,600,3.5,synthetic
mccomas,2026-07-25T04:30:00+00:00,22,600,3.6667,synthetic
mccomas,2026-07-25T04:45:00+00:00,16,600,2.6667,synthetic
mccomas,2026-07-25T05:00:00+00:00,19,600,3.1667,synthetic
mccomas,2026-07-25T05:15:00+00:00,15,600,2.5,synthetic
mccomas,2026-07-25T05:30:00+00:00,38,600,6.3333,synthetic
mccomas,2026-07-25T05:45:00+00:00,22,600,3.6667,synthetic
mccomas,2026-07-25T06:00:00+00:00,30,600,5.0,synthetic
mccomas,2026-07-25T06:15:00+00:00,31,600,5.1667,synthetic
mccomas,2026-07-25T06:30:00+00:00,38,600,6.3333,synthetic
mccomas,2026-07-25T06:45:00+00:00,31,600,5.1667,synthetic
mccomas,2026-07-25T07:00:00+00:00,32,600,5.3333,synthetic
mccomas,2026-07-25T07:15:00+00:00,46,600,7.6667,synthetic
mccomas,2026-07-25T07:30:00+00:00,33,600,5.5,synthetic
mccomas,2026-07-25T07:45:00+00:00,41,600,6.8333,synthetic
mccomas,2026-07-25T08:00:00+00:00,22,600,3.6667,synthetic
mccomas,2026-07-25T08:15:00+00:00,6,600,1.0,synthetic
mccomas,2026-07-25T08:30:00+00:00,18,600,3.0,synthetic
mccomas,2026-07-25T08:45:00+00:00,12,600,2.0,synthetic
mccomas,2026-07-25T09:00:00+00:00,15,600,2.5,synthetic
mccomas,2026-07-25T09:15:00+00:00,15,600,2.5,synthetic
mccomas,2026-07-25T09:30:00+00:00,11,600,1.8333,synthetic
mccomas,2026-07-25T09:45:00+00:00,36,600,6.0,synthetic
mccomas,2026-07-25T10:00:00+00:00,43,600,7.1667,synthetic
mccomas,2026-07-25T10:15:00+00:00,43,600,7.1667,synthetic
mccomas,2026-07-25T10:30:00+00:00,20,600,3.3333,synthetic
mccomas,2026-07-25T10:45:00+00:00,40,600,6.6667,synthetic
mccomas,2026-07-25T11:00:00+00:00,34,600,5.6667,synthetic
mccomas,2026-07-25T11:15:00+00:00,27,600,4.5,synthetic
mccomas,2026-07-25T11:30:00+00:00,23,600,3.8333,synthetic
mccomas,2026-07-25T11:45:00+00:00,24,600,4.0,synthetic
mccomas,2026-07-25T12:00:00+00:00,27,600,4.5,synthetic
mccomas,2026-07-25T12:15:00+00:00,55,600,9.1667,synthetic
mccomas,2026-07-25T12:30:00+00:00,63,600,10.5,synthetic
mccomas,2026-07-25T12:45:00+00:00,76,600,12.6667,synthetic
mccomas,2026-07-25T13:00:00+00:00,105,600,17.5,synthetic
mccomas,2026-07-25T13:15:00+00:00,115,600,19.1667,synthetic
mccomas,2026-07-25T13:30:00+00:00,136,600,22.6667,synthetic
mccomas,2026-07-25T13:45:00+00:00,153,600,25.5,synthetic
mccomas,2026-07-25T14:00:00+00:00,186,600,31.0,synthetic
mccomas,2026-07-25T14:15:00+00:00,209,600,34.8333,synthetic
mccomas,2026-07-25T14:30:00+00:00,254,600,42.3333,synthetic
mccomas,2026-07-25T14:45:00+00:00,262,600,43.6667,synthetic
mccomas,2026-07-25T15:00:00+00:00,268,600,44.6667,synthetic
mccomas,2026-07-25T15:15:00+00:00,278,600,46.3333,synthetic
mccomas,2026-07-25T15:30:00+00:00,290,600,48.3333,synthetic
mccomas,2026-07-25T15:45:00+00:00,286,600,47.6667,synthetic
mccomas,2026-07-25T16:00:00+00:00,278,600,46.3333,synthetic
mccomas,2026-07-25T16:15:00+00:00,276,600,46.0,synthetic
mccomas,2026-07-25T16:30:00+00:00,263,600,43.8333,synthetic
mccomas,2026-07-25T16:45:00+00:00,232,600,38.6667,synthetic
mccomas,2026-07-25T17:00:00+00:00,230,600,38.3333,synthetic
mccomas,2026-07-25T17:15:00+00:00,230,600,38.3333,synthetic
mccomas,2026-07-25T17:30:00+00:00,217,600,36.1667,synthetic
mccomas,2026-07-25T17:45:00+00:00,234,600,39.0,synthetic
mccomas,2026-07-25T18:00:00+00:00,213,600,35.5,synthetic
mccomas,2026-07-25T18:15:00+00:00,231,600,38.5,synthetic
mccomas,2026-07-25T18:30:00+00:00,217,600,36.1667,synthetic
mccomas,2026-07-25T18:45:00+00:00,262,600,43.6667,synthetic
mccomas,2026-07-25T19:00:00+00:00,269,600,44.8333,synthetic
mccomas,2026-07-25T19:15:00+00:00,274,600,45.6667,synthetic
mccomas,2026-07-25T19:30:00+00:00,313,600,52.1667,synthetic
mccomas,2026-07-25T19:45:00+00:00,326,600,54.3333,synthetic
mccomas,2026-07-25T20:00:00+00:00,319,600,53.1667,synthetic
mccomas,2026-07-25T20:15:00+00:00,328,600,54.6667,synthetic
mccomas,2026-07-25T20:30:00+00:00,345,600,57.5,synthetic
mccomas,2026-07-25T20:45:00+00:00,340,600,56.6667,synthetic
mccomas,2026-07-25T21:00:00+00:00,317,600,52.8333,synthetic
mccomas,2026-07-25T21:15:00+00:00,306,600,51.0,synthetic
mccomas,2026-07-25T21:30:00+00:00,280,600,46.6667,synthetic
mccomas,2026-07-25T21:45:00+00:00,264,600,44.0,synthetic
mccomas,2026-07-25T22:00:00+00:00,229,600,38.1667,synthetic
mccomas,2026-07-25T22:15:00+00:00,202,600,33.6667,synthetic
mccomas,2026-07-25T22:30:00+00:00,177,600,29.5,synthetic
mccomas,2026-07-25T22:45:00+00:00,167,600,27.8333,synthetic
mccomas,2026-07-25T23:00:00+00:00,140,600,23.3333,synthetic
mccomas,2026-07-25T23:15:00+00:00,108,600,18.0,synthetic
mccomas,2026-07-25T23:30:00+00:00,94,600,15.6667,synthetic
mccomas,2026-07-25T23:45:00+00:00,68,600,11.3333,synthetic
mccomas,2026-07-26T00:00:00+00:00,54,600,9.0,synthetic
mccomas,2026-07-26T00:15:00+00:00,42,600,7.0,synthetic
mccomas,2026-07-26T00:30:00+00:00,34,600,5.6667,synthetic
mccomas,2026-07-26T00:45:00+00:00,27,600,4.5,synthetic
mccomas,2026-07-26T01:00:00+00:00,37,600,6.1667,synthetic
mccomas,2026-07-26T01:15:00+00:00,40,600,6.6667,synthetic
mccomas,2026-07-26T01:30:00+00:00,34,600,5.6667,synthetic
mccomas,2026-07-26T01:45:00+00:00,18,600,3.0,synthetic
mccomas,2026-07-26T02:00:00+00:00,11,600,1.8333,synthetic
mccomas,2026-07-26T02:15:00+00:00,18,600,3.0,synthetic
mccomas,2026-07-26T02:30:00+00:00,26,600,4.3333,synthetic
mccomas,2026-07-26T02:45:00+00:00,31,600,5.1667,synthetic
mccomas,2026-07-26T03:00:00+00:00,34,600,5.6667,synthetic
mccomas,2026-07-26T03:15:00+00:00,36,600,6.0,synthetic
mccomas,2026-07-26T03:30:00+00:00,23,600,3.8333,synthetic
mccomas,2026-07-26T03:45:00+00:00,34,600,5.6667,synthetic
war_memorial,2026-07-25T04:00:00+00:00,87,1200,7.25,synthetic
war_memorial,2026-07-25T04:15:00+00:00,87,1200,7.25,synthetic
war_memorial,2026-07-25T04:30:00+00:00,50,1200,4.1667,synthetic
war_memorial,2026-07-25T04:45:00+00:00,107,1200,8.9167,synthetic
war_memorial,2026-07-25T05:00:00+00:00,106,1200,8.8333,synthetic
war_memorial,2026-07-25T05:15:00+00:00,72,1200,6.0,synthetic
war_memorial,2026-07-25T05:30:00+00:00,94,1200,7.8333,synthetic
war_memorial,2026-07-25T05:45:00+00:00,81,1200,6.75,synthetic
war_memorial,2026-07-25T06:00:00+00:00,90,1200,7.5,synthetic
war_memorial,2026-07-25T06:15:00+00:00,88,1200,7.3333,synthetic
war_memorial,2026-07-25T06:30:00+00:00,43,1200,3.5833,synthetic
war_memorial,2026-07-25T06:45:00+00:00,56,1200,4.6667,synthetic
war_memorial,2026-07-25T07:00:00+00:00,76,1200,6.3333,synthetic
war_memorial,2026-07-25T07:15:00+00:00,57,1200,4.75,synthetic
war_memorial,2026-07-25T07:30:00+00:00,53,1200,4.4167,synthetic
war_memorial,2026-07-25T07:45:00+00:00,22,1200,1.8333,synthetic
war_memorial,2026-07-25T08:00:00+00:00,90,1200,7.5,synthetic
war_memorial,2026-07-25T08:15:00+00:00,103,1200,8.5833,synthetic
war_memorial,2026-07-25T08:30:00+00:00,63,1200,5.25,synthetic
war_memorial,2026-07-25T08:45:00+00:00,74,1200,6.1667,synthetic
war_memorial,2026-07-25T09:00:00+00:00,62,1200,5.1667,synthetic
war_memorial,2026-07-25T09:15:00+00:00,86,1200,7.1667,synthetic
war_memorial,2026-07-25T09:30:00+00:00,78,1200,6.5,synthetic
war_memorial,2026-07-25T09:45:00+00:00,101,1200,8.4167,synthetic
war_memorial,2026-07-25T10:00:00+00:00,101,1200,8.4167,synthetic
war_memorial,2026-07-25T10:15:00+00:00,134,1200,11.1667,synthetic
war_memorial,2026-07-25T10:30:00+00:00,97,1200,8.0833,synthetic
war_memorial,2026-07-25T10:45:00+00:00,70,1200,5.8333,synthetic
war_memorial,2026-07-25T11:00:00+00:00,79,1200,6.5833,synthetic
war_memorial,2026-07-25T11:15:00+00:00,137,1200,11.4167,synthetic
war_memorial,2026-07-25T11:30:00+00:00,121,1200,10.0833,synthetic
war_memorial,2026-07-25T11:45:00+00:00,102,1200,8.5,synthetic
war_memorial,2026-07-25T12:00:00+00:00,123,1200,10.25,synthetic
war_memorial,2026-07-25T12:15:00+00:00,133,1200,11.0833,synthetic
war_memorial,2026-07-25T12:30:00+00:00,133,1200,11.0833,synthetic
war_memorial,2026-07-25T12:45:00+00:00,97,1200,8.0833,synthetic
war_memorial,2026-07-25T13:00:00+00:00,122,1200,10.1667,synthetic
war_memorial,2026-07-25T13:15:00+00:00,142,1200,11.8333,synthetic
war_memorial,2026-07-25T13:30:00+00:00,153,1200,12.75,synthetic
war_memorial,2026-07-25T13:45:00+00:00,193,1200,16.0833,synthetic
war_memorial,2026-07-25T14:00:00+00:00,246,1200,20.5,synthetic
war_memorial,2026-07-25T14:15:00+00:00,269,1200,22.4167,synthetic
war_memorial,2026-07-25T14:30:00+00:00,327,1200,27.25,synthetic
war_memorial,2026-07-25T14:45:00+00:00,360,1200,30.0,synthetic
war_memorial,2026-07-25T15:00:00+00:00,429,1200,35.75,synthetic
war_memorial,2026-07-25T15:15:00+00:00,499,1200,41.5833,synthetic
war_memorial,2026-07-25T15:30:00+00:00,584,1200,48.6667,synthetic
war_memorial,2026-07-25T15:45:00+00:00,607,1200,50.5833,synthetic
war_memorial,2026-07-25T16:00:00+00:00,664,1200,55.3333,synthetic
war_memorial,2026-07-25T16:15:00+00:00,721,1200,60.0833,synthetic
war_memorial,2026-07-25T16:30:00+00:00,781,1200,65.0833,synthetic
war_memorial,2026-07-25T16:45:00+00:00,770,1200,64.1667,synthetic
war_memorial,2026-07-25T17:00:00+00:00,815,1200,67.9167,synthetic
war_memorial,2026-07-25T17:15:00+00:00,847,1200,70.5833,synthetic
war_memorial,2026-07-25T17:30:00+00:00,847,1200,70.5833,synthetic
war_memorial,2026-07-25T17:45:00+00:00,872,1200,72.6667,synthetic
war_memorial,2026-07-25T18:00:00+00:00,903,1200,75.25,synthetic
war_memorial,2026-07-25T18:15:00+00:00,888,1200,74.0,synthetic
war_memorial,2026-07-25T18:30:00+00:00,925,1200,77.0833,synthetic
war_memorial,2026-07-25T18:45:00+00:00,884,1200,73.6667,synthetic
war_memorial,2026-07-25T19:00:00+00:00,847,1200,70.5833,synthetic
war_memorial,2026-07-25T19:15:00+00:00,809,1200,67.4167,synthetic
war_memorial,2026-07-25T19:30:00+00:00,732,1200,61.0,synthetic
war_memorial,2026-07-25T19:45:00+00:00,714,1200,59.5,synthetic
war_memorial,2026-07-25T20:00:00+00:00,696,1200,58.0,synthetic
war_memorial,2026-07-25T20:15:00+00:00,661,1200,55.0833,synthetic
war_memorial,2026-07-25T20:30:00+00:00,576,1200,48.0,synthetic
war_memorial,2026-07-25T20:45:00+00:00,543,1200,45.25,synthetic
war_memorial,2026-07-25T21:00:00+00:00,488,1200,40.6667,synthetic
war_memorial,2026-07-25T21:15:00+00:00,411,1200,34.25,synthetic
war_memorial,2026-07-25T21:30:00+00:00,391,1200,32.5833,synthetic
war_memorial,2026-07-25T21:45:00+00:00,331,1200,27.5833,synthetic
war_memorial,2026-07-25T22:00:00+00:00,286,1200,23.8333,synthetic
war_memorial,2026-07-25T22:15:00+00:00,250,1200,20.8333,synthetic
war_memorial,2026-07-25T22:30:00+00:00,208,1200,17.3333,synthetic
war_memorial,2026-07-25T22:45:00+00:00,191,1200,15.9167,synthetic
war_memorial,2026-07-25T23:00:00+00:00,157,1200,13.0833,synthetic
war_memorial,2026-07-25T23:15:00+00:00,143,1200,11.9167,synthetic
war_memorial,2026-07-25T23:30:00+00:00,121,1200,10.0833,synthetic
war_memorial,2026-07-25T23:45:00+00:00,77,1200,6.4167,synthetic
war_memorial,2026-07-26T00:00:00+00:00,30,1200,2.5,synthetic
war_memorial,2026-07-26T00:15:00+00:00,71,1200,5.9167,synthetic
war_memorial,2026-07-26T00:30:00+00:00,43,1200,3.5833,synthetic
war_memorial,2026-07-26T00:45:00+00:00,73,1200,6.0833,synthetic
war_memorial,2026-07-26T01:00:00+00:00,55,1200,4.5833,synthetic
war_memorial,2026-07-26T01:15:00+00:00,80,1200,6.6667,synthetic
war_memorial,2026-07-26T01:30:00+00:00,103,1200,8.5833,synthetic
war_memorial,2026-07-26T01:45:00+00:00,67,1200,5.5833,synthetic
war_memorial,2026-07-26T02:00:00+00:00,63,1200,5.25,synthetic
war_memorial,2026-07-26T02:15:00+00:00,58,1200,4.8333,synthetic
war_memorial,2026-07-26T02:30:00+00:00,40,1200,3.3333,synthetic
war_memorial,2026-07-26T02:45:00+00:00,35,1200,2.9167,synthetic
war_memorial,2026-07-26T03:00:00+00:00,44,1200,3.6667,synthetic
war_memorial,2026-07-26T03:15:00+00:00,39,1200,3.25,synthetic
war_memorial,2026-07-26T03:30:00+00:00,25,1200,2.0833,synthetic
war_memorial,2026-07-26T03:45:00+00:00,10,1200,0.8333,synthetic
mccomas,2026-07-26T04:00:00+00:00,0,600,0.0,synthetic
mccomas,2026-07-26T04:15:00+00:00,0,600,0.0,synthetic
mccomas,2026-07-26T04:30:00+00:00,0,600,0.0,synthetic
mccomas,2026-07-26T04:45:00+00:00,10,600,1.6667,synthetic
mccomas,2026-07-26T05:00:00+00:00,0,600,0.0,synthetic
mccomas,2026-07-26T05:15:00+00:00,4,600,0.6667,synthetic
mccomas,2026-07-26T05:30:00+00:00,0,600,0.0,synthetic
mccomas,2026-07-26T05:45:00+00:00,1,600,0.1667,synthetic
mccomas,2026-07-26T06:00:00+00:00,0,600,0.0,synthetic
mccomas,2026-07-26T06:15:00+00:00,13,600,2.1667,synthetic
mccomas,2026-07-26T06:30:00+00:00,3,600,0.5,synthetic
mccomas,2026-07-26T06:45:00+00:00,0,600,0.0,synthetic
mccomas,2026-07-26T07:00:00+00:00,0,600,0.0,synthetic
mccomas,2026-07-26T07:15:00+00:00,10,600,1.6667,synthetic
mccomas,2026-07-26T07:30:00+00:00,4,600,0.6667,synthetic
mccomas,2026-07-26T07:45:00+00:00,0,600,0.0,synthetic
mccomas,2026-07-26T08:00:00+00:00,0,600,0.0,synthetic
mccomas,2026-07-26T08:15:00+00:00,0,600,0.0,synthetic
mccomas,2026-07-26T08:30:00+00:00,0,600,0.0,synthetic
mccomas,2026-07-26T08:45:00+00:00,0,600,0.0,synthetic
mccomas,2026-07-26T09:00:00+00:00,0,600,0.0,synthetic
mccomas,2026-07-26T09:15:00+00:00,0,600,0.0,synthetic
mccomas,2026-07-26T09:30:00+00:00,0,600,0.0,synthetic
mccomas,2026-07-26T09:45:00+00:00,0,600,0.0,synthetic
mccomas,2026-07-26T10:00:00+00:00,0,600,0.0,synthetic
mccomas,2026-07-26T10:15:00+00:00,0,600,0.0,synthetic
mccomas,2026-07-26T10:30:00+00:00,0,600,0.0,synthetic
mccomas,2026-07-26T10:45:00+00:00,0,600,0.0,synthetic
mccomas,2026-07-26T11:00:00+00:00,0,600,0.0,synthetic
mccomas,2026-07-26T11:15:00+00:00,8,600,1.3333,synthetic
mccomas,2026-07-26T11:30:00+00:00,0,600,0.0,synthetic
mccomas,2026-07-26T11:45:00+00:00,6,600,1.0,synthetic
mccomas,2026-07-26T12:00:00+00:00,0,600,0.0,synthetic
mccomas,2026-07-26T12:15:00+00:00,22,600,3.6667,synthetic
mccomas,2026-07-26T12:30:00+00:00,33,600,5.5,synthetic
mccomas,2026-07-26T12:45:00+00:00,48,600,8.0,synthetic
mccomas,2026-07-26T13:00:00+00:00,47,600,7.8333,synthetic
mccomas,2026-07-26T13:15:00+00:00,74,600,12.3333,synthetic
mccomas,2026-07-26T13:30:00+00:00,123,600,20.5,synthetic
mccomas,2026-07-26T13:45:00+00:00,153,600,25.5,synthetic
mccomas,2026-07-26T14:00:00+00:00,182,600,30.3333,synthetic
mccomas,2026-07-26T14:15:00+00:00,210,600,35.0,synthetic
mccomas,2026-07-26T14:30:00+00:00,241,600,40.1667,synthetic
mccomas,2026-07-26T14:45:00+00:00,267,600,44.5,synthetic
mccomas,2026-07-26T15:00:00+00:00,267,600,44.5,synthetic
mccomas,2026-07-26T15:15:00+00:00,267,600,44.5,synthetic
mccomas,2026-07-26T15:30:00+00:00,255,600,42.5,synthetic
mccomas,2026-07-26T15:45:00+00:00,262,600,43.6667,synthetic
mccomas,2026-07-26T16:00:00+00:00,248,600,41.3333,synthetic
mccomas,2026-07-26T16:15:00+00:00,240,600,40.0,synthetic
mccomas,2026-07-26T16:30:00+00:00,220,600,36.6667,synthetic
mccomas,2026-07-26T16:45:00+00:00,214,600,35.6667,synthetic
mccomas,2026-07-26T17:00:00+00:00,192,600,32.0,synthetic
mccomas,2026-07-26T17:15:00+00:00,198,600,33.0,synthetic
mccomas,2026-07-26T17:30:00+00:00,189,600,31.5,synthetic
mccomas,2026-07-26T17:45:00+00:00,187,600,31.1667,synthetic
mccomas,2026-07-26T18:00:00+00:00,190,600,31.6667,synthetic
mccomas,2026-07-26T18:15:00+00:00,209,600,34.8333,synthetic
mccomas,2026-07-26T18:30:00+00:00,213,600,35.5,synthetic
mccomas,2026-07-26T18:45:00+00:00,230,600,38.3333,synthetic
mccomas,2026-07-26T19:00:00+00:00,243,600,40.5,synthetic
mccomas,2026-07-26T19:15:00+00:00,260,600,43.3333,synthetic
mccomas,2026-07-26T19:30:00+00:00,278,600,46.3333,synthetic
mccomas,2026-07-26T19:45:00+00:00,303,600,50.5,synthetic
mccomas,2026-07-26T20:00:00+00:00,323,600,53.8333,synthetic
mccomas,2026-07-26T20:15:00+00:00,321,600,53.5,synthetic
mccomas,2026-07-26T20:30:00+00:00,318,600,53.0,synthetic
mccomas,2026-07-26T20:45:00+00:00,330,600,55.0,synthetic
mccomas,2026-07-26T21:00:00+00:00,313,600,52.1667,synthetic
mccomas,2026-07-26T21:15:00+00:00,289,600,48.1667,synthetic
mccomas,2026-07-26T21:30:00+00:00,270,600,45.0,synthetic
mccomas,2026-07-26T21:45:00+00:00,235,600,39.1667,synthetic
mccomas,2026-07-26T22:00:00+00:00,214,600,35.6667,synthetic
mccomas,2026-07-26T22:15:00+00:00,207,600,34.5,synthetic
mccomas,2026-07-26T22:30:00+00:00,167,600,27.8333,synthetic
mccomas,2026-07-26T22:45:00+00:00,129,600,21.5,synthetic
mccomas,2026-07-26T23:00:00+00:00,113,600,18.8333,synthetic
mccomas,2026-07-26T23:15:00+00:00,89,600,14.8333,synthetic
mccomas,2026-07-26T23:30:00+00:00,78,600,13.0,synthetic
mccomas,2026-07-26T23:45:00+00:00,48,600,8.0,synthetic
mccomas,2026-07-27T00:00:00+00:00,39,600,6.5,synthetic
mccomas,2026-07-27T00:15:00+00:00,17,600,2.8333,synthetic
mccomas,2026-07-27T00:30:00+00:00,13,600,2.1667,synthetic
mccomas,2026-07-27T00:45:00+00:00,13,600,2.1667,synthetic
mccomas,2026-07-27T01:00:00+00:00,14,600,2.3333,synthetic
mccomas,2026-07-27T01:15:00+00:00,20,600,3.3333,synthetic
mccomas,2026-07-27T01:30:00+00:00,0,600,0.0,synthetic
mccomas,2026-07-27T01:45:00+00:00,0,600,0.0,synthetic
mccomas,2026-07-27T02:00:00+00:00,0,600,0.0,synthetic
mccomas,2026-07-27T02:15:00+00:00,0,600,0.0,synthetic
mccomas,2026-07-27T02:30:00+00:00,0,600,0.0,synthetic
mccomas,2026-07-27T02:45:00+00:00,0,600,0.0,synthetic
mccomas,2026-07-27T03:00:00+00:00,0,600,0.0,synthetic
mccomas,2026-07-27T03:15:00+00:00,0,600,0.0,synthetic
mccomas,2026-07-27T03:30:00+00:00,0,600,0.0,synthetic
mccomas,2026-07-27T03:45:00+00:00,0,600,0.0,synthetic
war_memorial,2026-07-26T04:00:00+00:00,120,1200,10.0,synthetic
war_memorial,2026-07-26T04:15:00+00:00,110,1200,9.1667,synthetic
war_memorial,2026-07-26T04:30:00+00:00,113,1200,9.4167,synthetic
war_memorial,2026-07-26T04:45:00+00:00,112,1200,9.3333,synthetic
war_memorial,2026-07-26T05:00:00+00:00,110,1200,9.1667,synthetic
war_memorial,2026-07-26T05:15:00+00:00,87,1200,7.25,synthetic
war_memorial,2026-07-26T05:30:00+00:00,102,1200,8.5,synthetic
war_memorial,2026-07-26T05:45:00+00:00,125,1200,10.4167,synthetic
war_memorial,2026-07-26T06:00:00+00:00,122,1200,10.1667,synthetic
war_memorial,2026-07-26T06:15:00+00:00,99,1200,8.25,synthetic
war_memorial,2026-07-26T06:30:00+00:00,116,1200,9.6667,synthetic
war_memorial,2026-07-26T06:45:00+00:00,81,1200,6.75,synthetic
war_memorial,2026-07-26T07:00:00+00:00,72,1200,6.0,synthetic
war_memorial,2026-07-26T07:15:00+00:00,102,1200,8.5,synthetic
war_memorial,2026-07-26T07:30:00+00:00,122,1200,10.1667,synthetic
war_memorial,2026-07-26T07:45:00+00:00,124,1200,10.3333,synthetic
war_memorial,2026-07-26T08:00:00+00:00,134,1200,11.1667,synthetic
war_memorial,2026-07-26T08:15:00+00:00,144,1200,12.0,synthetic
war_memorial,2026-07-26T08:30:00+00:00,119,1200,9.9167,synthetic
war_memorial,2026-07-26T08:45:00+00:00,104,1200,8.6667,synthetic
war_memorial,2026-07-26T09:00:00+00:00,92,1200,7.6667,synthetic
war_memorial,2026-07-26T09:15:00+00:00,113,1200,9.4167,synthetic
war_memorial,2026-07-26T09:30:00+00:00,121,1200,10.0833,synthetic
war_memorial,2026-07-26T09:45:00+00:00,133,1200,11.0833,synthetic
war_memorial,2026-07-26T10:00:00+00:00,137,1200,11.4167,synthetic
war_memorial,2026-07-26T10:15:00+00:00,120,1200,10.0,synthetic
war_memorial,2026-07-26T10:30:00+00:00,104,1200,8.6667,synthetic
war_memorial,2026-07-26T10:45:00+00:00,130,1200,10.8333,synthetic
war_memorial,2026-07-26T11:00:00+00:00,97,1200,8.0833,synthetic
war_memorial,2026-07-26T11:15:00+00:00,120,1200,10.0,synthetic
war_memorial,2026-07-26T11:30:00+00:00,106,1200,8.8333,synthetic
war_memorial,2026-07-26T11:45:00+00:00,106,1200,8.8333,synthetic
war_memorial,2026-07-26T12:00:00+00:00,131,1200,10.9167,synthetic
war_memorial,2026-07-26T12:15:00+00:00,160,1200,13.3333,synthetic
war_memorial,2026-07-26T12:30:00+00:00,147,1200,12.25,synthetic
war_memorial,2026-07-26T12:45:00+00:00,182,1200,15.1667,synthetic
war_memorial,2026-07-26T13:00:00+00:00,218,1200,18.1667,synthetic
war_memorial,2026-07-26T13:15:00+00:00,257,1200,21.4167,synthetic
war_memorial,2026-07-26T13:30:00+00:00,262,1200,21.8333,synthetic
war_memorial,2026-07-26T13:45:00+00:00,288,1200,24.0,synthetic
war_memorial,2026-07-26T14:00:00+00:00,299,1200,24.9167,synthetic
war_memorial,2026-07-26T14:15:00+00:00,357,1200,29.75,synthetic
war_memorial,2026-07-26T14:30:00+00:00,409,1200,34.0833,synthetic
war_memorial,2026-07-26T14:45:00+00:00,446,1200,37.1667,synthetic
war_memorial,2026-07-26T15:00:00+00:00,514,1200,42.8333,synthetic
war_memorial,2026-07-26T15:15:00+00:00,547,1200,45.5833,synthetic
war_memorial,2026-07-26T15:30:00+00:00,618,1200,51.5,synthetic
war_memorial,2026-07-26T15:45:00+00:00,645,1200,53.75,synthetic
war_memorial,2026-07-26T16:00:00+00:00,719,1200,59.9167,synthetic
war_memorial,2026-07-26T16:15:00+00:00,750,1200,62.5,synthetic
war_memorial,2026-07-26T16:30:00+00:00,795,1200,66.25,synthetic
war_memorial,2026-07-26T16:45:00+00:00,813,1200,67.75,synthetic
war_memorial,2026-07-26T17:00:00+00:00,830,1200,69.1667,synthetic
war_memorial,2026-07-26T17:15:00+00:00,884,1200,73.6667,synthetic
war_memorial,2026-07-26T17:30:00+00:00,843,1200,70.25,synthetic
war_memorial,2026-07-26T17:45:00+00:00,848,1200,70.6667,synthetic
war_memorial,2026-07-26T18:00:00+00:00,849,1200,70.75,synthetic
war_memorial,2026-07-26T18:15:00+00:00,870,1200,72.5,synthetic
war_memorial,2026-07-26T18:30:00+00:00,871,1200,72.5833,synthetic
war_memorial,2026-07-26T18:45:00+00:00,862,1200,71.8333,synthetic
war_memorial,2026-07-26T19:00:00+00:00,861,1200,71.75,synthetic
war_memorial,2026-07-26T19:15:00+00:00,849,1200,70.75,synthetic
war_memorial,2026-07-26T19:30:00+00:00,842,1200,70.1667,synthetic
war_memorial,2026-07-26T19:45:00+00:00,798,1200,66.5,synthetic
war_memorial,2026-07-26T20:00:00+00:00,740,1200,61.6667,synthetic
war_memorial,2026-07-26T20:15:00+00:00,706,1200,58.8333,synthetic
war_memorial,2026-07-26T20:30:00+00:00,640,1200,53.3333,synthetic
war_memorial,2026-07-26T20:45:00+00:00,599,1200,49.9167,synthetic
war_memorial,2026-07-26T21:00:00+00:00,508,1200,42.3333,synthetic
war_memorial,2026-07-26T21:15:00+00:00,459,1200,38.25,synthetic
war_memorial,2026-07-26T21:30:00+00:00,469,1200,39.0833,synthetic
war_memorial,2026-07-26T21:45:00+00:00,386,1200,32.1667,synthetic
war_memorial,2026-07-26T22:00:00+00:00,373,1200,31.0833,synthetic
war_memorial,2026-07-26T22:15:00+00:00,293,1200,24.4167,synthetic
war_memorial,2026-07-26T22:30:00+00:00,249,1200,20.75,synthetic
war_memorial,2026-07-26T22:45:00+00:00,216,1200,18.0,synthetic
war_memorial,2026-07-26T23:00:00+00:00,197,1200,16.4167,synthetic
war_memorial,2026-07-26T23:15:00+00:00,165,1200,13.75,synthetic
war_memorial,2026-07-26T23:30:00+00:00,147,1200,12.25,synthetic
war_memorial,2026-07-26T23:45:00+00:00,157,1200,13.0833,synthetic
war_memorial,2026-07-27T00:00:00+00:00,120,1200,10.0,synthetic
war_memorial,2026-07-27T00:15:00+00:00,84,1200,7.0,synthetic
war_memorial,2026-07-27T00:30:00+00:00,90,1200,7.5,synthetic
war_memorial,2026-07-27T00:45:00+00:00,127,1200,10.5833,synthetic
war_memorial,2026-07-27T01:00:00+00:00,96,1200,8.0,synthetic
war_memorial,2026-07-27T01:15:00+00:00,114,1200,9.5,synthetic
war_memorial,2026-07-27T01:30:00+00:00,77,1200,6.4167,synthetic
war_memorial,2026-07-27T01:45:00+00:00,97,1200,8.0833,synthetic
war_memorial,2026-07-27T02:00:00+00:00,108,1200,9.0,synthetic
war_memorial,2026-07-27T02:15:00+00:00,139,1200,11.5833,synthetic
war_memorial,2026-07-27T02:30:00+00:00,134,1200,11.1667,synthetic
war_memorial,2026-07-27T02:45:00+00:00,87,1200,7.25,synthetic
war_memorial,2026-07-27T03:00:00+00:00,104,1200,8.6667,synthetic
war_memorial,2026-07-27T03:15:00+00:00,92,1200,7.6667,synthetic
war_memorial,2026-07-27T03:30:00+00:00,108,1200,9.0,synthetic
war_memorial,2026-07-27T03:45:00+00:00,99,1200,8.25,synthetic
mccomas,2026-07-27T04:00:00+00:00,38,600,6.3333,synthetic
mccomas,2026-07-27T04:15:00+00:00,24,600,4.0,synthetic
mccomas,2026-07-27T04:30:00+00:00,13,600,2.1667,synthetic
mccomas,2026-07-27T04:45:00+00:00,20,600,3.3333,synthetic
mccomas,2026-07-27T05:00:00+00:00,21,600,3.5,synthetic
mccomas,2026-07-27T05:15:00+00:00,21,600,3.5,synthetic
mccomas,2026-07-27T05:30:00+00:00,12,600,2.0,synthetic
mccomas,2026-07-27T05:45:00+00:00,0,600,0.0,synthetic
mccomas,2026-07-27T06:00:00+00:00,4,600,0.6667,synthetic
mccomas,2026-07-27T06:15:00+00:00,12,600,2.0,synthetic
mccomas,2026-07-27T06:30:00+00:00,24,600,4.0,synthetic
mccomas,2026-07-27T06:45:00+00:00,21,600,3.5,synthetic
mccomas,2026-07-27T07:00:00+00:00,32,600,5.3333,synthetic
mccomas,2026-07-27T07:15:00+00:00,26,600,4.3333,synthetic
mccomas,2026-07-27T07:30:00+00:00,20,600,3.3333,synthetic
mccomas,2026-07-27T07:45:00+00:00,27,600,4.5,synthetic
mccomas,2026-07-27T08:00:00+00:00,24,600,4.0,synthetic
mccomas,2026-07-27T08:15:00+00:00,19,600,3.1667,synthetic
mccomas,2026-07-27T08:30:00+00:00,36,600,6.0,synthetic
mccomas,2026-07-27T08:45:00+00:00,34,600,5.6667,synthetic
mccomas,2026-07-27T09:00:00+00:00,46,600,7.6667,synthetic
mccomas,2026-07-27T09:15:00+00:00,44,600,7.3333,synthetic
mccomas,2026-07-27T09:30:00+00:00,51,600,8.5,synthetic
mccomas,2026-07-27T09:45:00+00:00,54,600,9.0,synthetic
mccomas,2026-07-27T10:00:00+00:00,66,600,11.0,synthetic
mccomas,2026-07-27T10:15:00+00:00,98,600,16.3333,synthetic
mccomas,2026-07-27T10:30:00+00:00,127,600,21.1667,synthetic
mccomas,2026-07-27T10:45:00+00:00,147,600,24.5,synthetic
mccomas,2026-07-27T11:00:00+00:00,150,600,25.0,synthetic
mccomas,2026-07-27T11:15:00+00:00,174,600,29.0,synthetic
mccomas,2026-07-27T11:30:00+00:00,182,600,30.3333,synthetic
mccomas,2026-07-27T11:45:00+00:00,172,600,28.6667,synthetic
mccomas,2026-07-27T12:00:00+00:00,150,600,25.0,synthetic
mccomas,2026-07-27T12:15:00+00:00,148,600,24.6667,synthetic
mccomas,2026-07-27T12:30:00+00:00,121,600,20.1667,synthetic
mccomas,2026-07-27T12:45:00+00:00,116,600,19.3333,synthetic
mccomas,2026-07-27T13:00:00+00:00,119,600,19.8333,synthetic
mccomas,2026-07-27T13:15:00+00:00,123,600,20.5,synthetic
mccomas,2026-07-27T13:30:00+00:00,99,600,16.5,synthetic
mccomas,2026-07-27T13:45:00+00:00,102,600,17.0,synthetic
mccomas,2026-07-27T14:00:00+00:00,102,600,17.0,synthetic
mccomas,2026-07-27T14:15:00+00:00,111,600,18.5,synthetic
mccomas,2026-07-27T14:30:00+00:00,126,600,21.0,synthetic
mccomas,2026-07-27T14:45:00+00:00,130,600,21.6667,synthetic
mccomas,2026-07-27T15:00:00+00:00,142,600,23.6667,synthetic
mccomas,2026-07-27T15:15:00+00:00,153,600,25.5,synthetic
mccomas,2026-07-27T15:30:00+00:00,166,600,27.6667,synthetic
mccomas,2026-07-27T15:45:00+00:00,181,600,30.1667,synthetic
mccomas,2026-07-27T16:00:00+00:00,177,600,29.5,synthetic
mccomas,2026-07-27T16:15:00+00:00,184,600,30.6667,synthetic
mccomas,2026-07-27T16:30:00+00:00,206,600,34.3333,synthetic
mccomas,2026-07-27T16:45:00+00:00,205,600,34.1667,synthetic
mccomas,2026-07-27T17:00:00+00:00,189,600,31.5,synthetic
mccomas,2026-07-27T17:15:00+00:00,198,600,33.0,synthetic
mccomas,2026-07-27T17:30:00+00:00,182,600,30.3333,synthetic
mccomas,2026-07-27T17:45:00+00:00,183,600,30.5,synthetic
mccomas,2026-07-27T18:00:00+00:00,186,600,31.0,synthetic
mccomas,2026-07-27T18:15:00+00:00,165,600,27.5,synthetic
mccomas,2026-07-27T18:30:00+00:00,181,600,30.1667,synthetic
mccomas,2026-07-27T18:45:00+00:00,197,600,32.8333,synthetic
mccomas,2026-07-27T19:00:00+00:00,193,600,32.1667,synthetic
mccomas,2026-07-27T19:15:00+00:00,216,600,36.0,synthetic
mccomas,2026-07-27T19:30:00+00:00,254,600,42.3333,synthetic
mccomas,2026-07-27T19:45:00+00:00,280,600,46.6667,synthetic
mccomas,2026-07-27T20:00:00+00:00,322,600,53.6667,synthetic
mccomas,2026-07-27T20:15:00+00:00,336,600,56.0,synthetic
mccomas,2026-07-27T20:30:00+00:00,389,600,64.8333,synthetic
mccomas,2026-07-27T20:45:00+00:00,436,600,72.6667,synthetic
mccomas,2026-07-27T21:00:00+00:00,448,600,74.6667,synthetic
mccomas,2026-07-27T21:15:00+00:00,448,600,74.6667,synthetic
mccomas,2026-07-27T21:30:00+00:00,449,600,74.8333,synthetic
mccomas,2026-07-27T21:45:00+00:00,440,600,73.3333,synthetic
mccomas,2026-07-27T22:00:00+00:00,427,600,71.1667,synthetic
mccomas,2026-07-27T22:15:00+00:00,419,600,69.8333,synthetic
mccomas,2026-07-27T22:30:00+00:00,399,600,66.5,synthetic
mccomas,2026-07-27T22:45:00+00:00,357,600,59.5,synthetic
mccomas,2026-07-27T23:00:00+00:00,340,600,56.6667,synthetic
mccomas,2026-07-27T23:15:00+00:00,305,600,50.8333,synthetic
mccomas,2026-07-27T23:30:00+00:00,259,600,43.1667,synthetic
mccomas,2026-07-27T23:45:00+00:00,234,600,39.0,synthetic
mccomas,2026-07-28T00:00:00+00:00,179,600,29.8333,synthetic
mccomas,2026-07-28T00:15:00+00:00,154,600,25.6667,synthetic
mccomas,2026-07-28T00:30:00+00:00,128,600,21.3333,synthetic
mccomas,2026-07-28T00:45:00+00:00,103,600,17.1667,synthetic
mccomas,2026-07-28T01:00:00+00:00,74,600,12.3333,synthetic
mccomas,2026-07-28T01:15:00+00:00,43,600,7.1667,synthetic
mccomas,2026-07-28T01:30:00+00:00,30,600,5.0,synthetic
mccomas,2026-07-28T01:45:00+00:00,41,600,6.8333,synthetic
mccomas,2026-07-28T02:00:00+00:00,34,600,5.6667,synthetic
mccomas,2026-07-28T02:15:00+00:00,53,600,8.8333,synthetic
mccomas,2026-07-28T02:30:00+00:00,51,600,8.5,synthetic
mccomas,2026-07-28T02:45:00+00:00,42,600,7.0,synthetic
mccomas,2026-07-28T03:00:00+00:00,31,600,5.1667,synthetic
mccomas,2026-07-28T03:15:00+00:00,15,600,2.5,synthetic
mccomas,2026-07-28T03:30:00+00:00,20,600,3.3333,synthetic
mccomas,2026-07-28T03:45:00+00:00,28,600,4.6667,synthetic
war_memorial,2026-07-27T04:00:00+00:00,69,1200,5.75,synthetic
war_memorial,2026-07-27T04:15:00+00:00,54,1200,4.5,synthetic
war_memorial,2026-07-27T04:30:00+00:00,44,1200,3.6667,synthetic
war_memorial,2026-07-27T04:45:00+00:00,40,1200,3.3333,synthetic
war_memorial,2026-07-27T05:00:00+00:00,70,1200,5.8333,synthetic
war_memorial,2026-07-27T05:15:00+00:00,84,1200,7.0,synthetic
war_memorial,2026-07-27T05:30:00+00:00,63,1200,5.25,synthetic
war_memorial,2026-07-27T05:45:00+00:00,76,1200,6.3333,synthetic
war_memorial,2026-07-27T06:00:00+00:00,76,1200,6.3333,synthetic
war_memorial,2026-07-27T06:15:00+00:00,49,1200,4.0833,synthetic
war_memorial,2026-07-27T06:30:00+00:00,48,1200,4.0,synthetic
war_memorial,2026-07-27T06:45:00+00:00,77,1200,6.4167,synthetic
war_memorial,2026-07-27T07:00:00+00:00,79,1200,6.5833,synthetic
war_memorial,2026-07-27T07:15:00+00:00,58,1200,4.8333,synthetic
war_memorial,2026-07-27T07:30:00+00:00,100,1200,8.3333,synthetic
war_memorial,2026-07-27T07:45:00+00:00,81,1200,6.75,synthetic
war_memorial,2026-07-27T08:00:00+00:00,77,1200,6.4167,synthetic
war_memorial,2026-07-27T08:15:00+00:00,65,1200,5.4167,synthetic
war_memorial,2026-07-27T08:30:00+00:00,86,1200,7.1667,synthetic
war_memorial,2026-07-27T08:45:00+00:00,112,1200,9.3333,synthetic
war_memorial,2026-07-27T09:00:00+00:00,144,1200,12.0,synthetic
war_memorial,2026-07-27T09:15:00+00:00,117,1200,9.75,synthetic
war_memorial,2026-07-27T09:30:00+00:00,92,1200,7.6667,synthetic
war_memorial,2026-07-27T09:45:00+00:00,97,1200,8.0833,synthetic
war_memorial,2026-07-27T10:00:00+00:00,127,1200,10.5833,synthetic
war_memorial,2026-07-27T10:15:00+00:00,160,1200,13.3333,synthetic
war_memorial,2026-07-27T10:30:00+00:00,189,1200,15.75,synthetic
war_memorial,2026-07-27T10:45:00+00:00,243,1200,20.25,synthetic
war_memorial,2026-07-27T11:00:00+00:00,276,1200,23.0,synthetic
war_memorial,2026-07-27T11:15:00+00:00,310,1200,25.8333,synthetic
war_memorial,2026-07-27T11:30:00+00:00,306,1200,25.5,synthetic
war_memorial,2026-07-27T11:45:00+00:00,352,1200,29.3333,synthetic
war_memorial,2026-07-27T12:00:00+00:00,336,1200,28.0,synthetic
war_memorial,2026-07-27T12:15:00+00:00,353,1200,29.4167,synthetic
war_memorial,2026-07-27T12:30:00+00:00,342,1200,28.5,synthetic
war_memorial,2026-07-27T12:45:00+00:00,322,1200,26.8333,synthetic
war_memorial,2026-07-27T13:00:00+00:00,317,1200,26.4167,synthetic
war_memorial,2026-07-27T13:15:00+00:00,299,1200,24.9167,synthetic
war_memorial,2026-07-27T13:30:00+00:00,212,1200,17.6667,synthetic
war_memorial,2026-07-27T13:45:00+00:00,242,1200,20.1667,synthetic
war_memorial,2026-07-27T14:00:00+00:00,244,1200,20.3333,synthetic
war_memorial,2026-07-27T14:15:00+00:00,211,1200,17.5833,synthetic
war_memorial,2026-07-27T14:30:00+00:00,242,1200,20.1667,synthetic
war_memorial,2026-07-27T14:45:00+00:00,275,1200,22.9167,synthetic
war_memorial,2026-07-27T15:00:00+00:00,300,1200,25.0,synthetic
war_memorial,2026-07-27T15:15:00+00:00,341,1200,28.4167,synthetic
war_memorial,2026-07-27T15:30:00+00:00,370,1200,30.8333,synthetic
war_memorial,2026-07-27T15:45:00+00:00,379,1200,31.5833,synthetic
war_memorial,2026-07-27T16:00:00+00:00,394,1200,32.8333,synthetic
war_memorial,2026-07-27T16:15:00+00:00,441,1200,36.75,synthetic
war_memorial,2026-07-27T16:30:00+00:00,429,1200,35.75,synthetic
war_memorial,2026-07-27T16:45:00+00:00,433,1200,36.0833,synthetic
war_memorial,2026-07-27T17:00:00+00:00,421,1200,35.0833,synthetic
war_memorial,2026-07-27T17:15:00+00:00,388,1200,32.3333,synthetic
war_memorial,2026-07-27T17:30:00+00:00,350,1200,29.1667,synthetic
war_memorial,2026-07-27T17:45:00+00:00,322,1200,26.8333,synthetic
war_memorial,2026-07-27T18:00:00+00:00,279,1200,23.25,synthetic
war_memorial,2026-07-27T18:15:00+00:00,284,1200,23.6667,synthetic
war_memorial,2026-07-27T18:30:00+00:00,242,1200,20.1667,synthetic
war_memorial,2026-07-27T18:45:00+00:00,259,1200,21.5833,synthetic
war_memorial,2026-07-27T19:00:00+00:00,262,1200,21.8333,synthetic
war_memorial,2026-07-27T19:15:00+00:00,253,1200,21.0833,synthetic
war_memorial,2026-07-27T19:30:00+00:00,282,1200,23.5,synthetic
war_memorial,2026-07-27T19:45:00+00:00,315,1200,26.25,synthetic
war_memorial,2026-07-27T20:00:00+00:00,342,1200,28.5,synthetic
war_memorial,2026-07-27T20:15:00+00:00,397,1200,33.0833,synthetic
war_memorial,2026-07-27T20:30:00+00:00,458,1200,38.1667,synthetic
war_memorial,2026-07-27T20:45:00+00:00,507,1200,42.25,synthetic
war_memorial,2026-07-27T21:00:00+00:00,547,1200,45.5833,synthetic
war_memorial,2026-07-27T21:15:00+00:00,647,1200,53.9167,synthetic
war_memorial,2026-07-27T21:30:00+00:00,738,1200,61.5,synthetic
war_memorial,2026-07-27T21:45:00+00:00,775,1200,64.5833,synthetic
war_memorial,2026-07-27T22:00:00+00:00,791,1200,65.9167,synthetic
war_memorial,2026-07-27T22:15:00+00:00,846,1200,70.5,synthetic
war_memorial,2026-07-27T22:30:00+00:00,834,1200,69.5,synthetic
war_memorial,2026-07-27T22:45:00+00:00,846,1200,70.5,synthetic
war_memorial,2026-07-27T23:00:00+00:00,854,1200,71.1667,synthetic
war_memorial,2026-07-27T23:15:00+00:00,805,1200,67.0833,synthetic
war_memorial,2026-07-27T23:30:00+00:00,735,1200,61.25,synthetic
war_memorial,2026-07-27T23:45:00+00:00,711,1200,59.25,synthetic
war_memorial,2026-07-28T00:00:00+00:00,623,1200,51.9167,synthetic
war_memorial,2026-07-28T00:15:00+00:00,555,1200,46.25,synthetic
war_memorial,2026-07-28T00:30:00+00:00,467,1200,38.9167,synthetic
war_memorial,2026-07-28T00:45:00+00:00,426,1200,35.5,synthetic
war_memorial,2026-07-28T01:00:00+00:00,349,1200,29.0833,synthetic
war_memorial,2026-07-28T01:15:00+00:00,317,1200,26.4167,synthetic
war_memorial,2026-07-28T01:30:00+00:00,258,1200,21.5,synthetic
war_memorial,2026-07-28T01:45:00+00:00,215,1200,17.9167,synthetic
war_memorial,2026-07-28T02:00:00+00:00,163,1200,13.5833,synthetic
war_memorial,2026-07-28T02:15:00+00:00,149,1200,12.4167,synthetic
war_memorial,2026-07-28T02:30:00+00:00,145,1200,12.0833,synthetic
war_memorial,2026-07-28T02:45:00+00:00,90,1200,7.5,synthetic
war_memorial,2026-07-28T03:00:00+00:00,109,1200,9.0833,synthetic
war_memorial,2026-07-28T03:15:00+00:00,88,1200,7.3333,synthetic
war_memorial,2026-07-28T03:30:00+00:00,66,1200,5.5,synthetic
war_memorial,2026-07-28T03:45:00+00:00,71,1200,5.9167,synthetic
mccomas,2026-07-28T04:00:00+00:00,44,600,7.3333,synthetic
mccomas,2026-07-28T04:15:00+00:00,60,600,10.0,synthetic
mccomas,2026-07-28T04:30:00+00:00,37,600,6.1667,synthetic
mccomas,2026-07-28T04:45:00+00:00,42,600,7.0,synthetic
mccomas,2026-07-28T05:00:00+00:00,39,600,6.5,synthetic
mccomas,2026-07-28T05:15:00+00:00,46,600,7.6667,synthetic
mccomas,2026-07-28T05:30:00+00:00,49,600,8.1667,synthetic
mccomas,2026-07-28T05:45:00+00:00,42,600,7.0,synthetic
mccomas,2026-07-28T06:00:00+00:00,34,600,5.6667,synthetic
mccomas,2026-07-28T06:15:00+00:00,42,600,7.0,synthetic
mccomas,2026-07-28T06:30:00+00:00,46,600,7.6667,synthetic
mccomas,2026-07-28T06:45:00+00:00,43,600,7.1667,synthetic
mccomas,2026-07-28T07:00:00+00:00,36,600,6.0,synthetic
mccomas,2026-07-28T07:15:00+00:00,38,600,6.3333,synthetic
mccomas,2026-07-28T07:30:00+00:00,39,600,6.5,synthetic
mccomas,2026-07-28T07:45:00+00:00,35,600,5.8333,synthetic
mccomas,2026-07-28T08:00:00+00:00,42,600,7.0,synthetic
mccomas,2026-07-28T08:15:00+00:00,36,600,6.0,synthetic
mccomas,2026-07-28T08:30:00+00:00,42,600,7.0,synthetic
mccomas,2026-07-28T08:45:00+00:00,50,600,8.3333,synthetic
mccomas,2026-07-28T09:00:00+00:00,55,600,9.1667,synthetic
mccomas,2026-07-28T09:15:00+00:00,72,600,12.0,synthetic
mccomas,2026-07-28T09:30:00+00:00,73,600,12.1667,synthetic
mccomas,2026-07-28T09:45:00+00:00,98,600,16.3333,synthetic
mccomas,2026-07-28T10:00:00+00:00,92,600,15.3333,synthetic
mccomas,2026-07-28T10:15:00+00:00,112,600,18.6667,synthetic
mccomas,2026-07-28T10:30:00+00:00,133,600,22.1667,synthetic
mccomas,2026-07-28T10:45:00+00:00,150,600,25.0,synthetic
mccomas,2026-07-28T11:00:00+00:00,171,600,28.5,synthetic
mccomas,2026-07-28T11:15:00+00:00,189,600,31.5,synthetic
mccomas,2026-07-28T11:30:00+00:00,187,600,31.1667,synthetic
mccomas,2026-07-28T11:45:00+00:00,182,600,30.3333,synthetic
mccomas,2026-07-28T12:00:00+00:00,177,600,29.5,synthetic
mccomas,2026-07-28T12:15:00+00:00,165,600,27.5,synthetic
mccomas,2026-07-28T12:30:00+00:00,169,600,28.1667,synthetic
mccomas,2026-07-28T12:45:00+00:00,142,600,23.6667,synthetic
mccomas,2026-07-28T13:00:00+00:00,135,600,22.5,synthetic
mccomas,2026-07-28T13:15:00+00:00,101,600,16.8333,synthetic
mccomas,2026-07-28T13:30:00+00:00,115,600,19.1667,synthetic
mccomas,2026-07-28T13:45:00+00:00,98,600,16.3333,synthetic
mccomas,2026-07-28T14:00:00+00:00,94,600,15.6667,synthetic
mccomas,2026-07-28T14:15:00+00:00,87,600,14.5,synthetic
mccomas,2026-07-28T14:30:00+00:00,115,600,19.1667,synthetic
mccomas,2026-07-28T14:45:00+00:00,141,600,23.5,synthetic
mccomas,2026-07-28T15:00:00+00:00,143,600,23.8333,synthetic
mccomas,2026-07-28T15:15:00+00:00,153,600,25.5,synthetic
mccomas,2026-07-28T15:30:00+00:00,171,600,28.5,synthetic
mccomas,2026-07-28T15:45:00+00:00,215,600,35.8333,synthetic
mccomas,2026-07-28T16:00:00+00:00,236,600,39.3333,synthetic
mccomas,2026-07-28T16:15:00+00:00,247,600,41.1667,synthetic
mccomas,2026-07-28T16:30:00+00:00,249,600,41.5,synthetic
mccomas,2026-07-28T16:45:00+00:00,255,600,42.5,synthetic
mccomas,2026-07-28T17:00:00+00:00,255,600,42.5,synthetic
mccomas,2026-07-28T17:15:00+00:00,244,600,40.6667,synthetic
mccomas,2026-07-28T17:30:00+00:00,242,600,40.3333,synthetic
mccomas,2026-07-28T17:45:00+00:00,232,600,38.6667,synthetic
mccomas,2026-07-28T18:00:00+00:00,232,600,38.6667,synthetic
mccomas,2026-07-28T18:15:00+00:00,234,600,39.0,synthetic
mccomas,2026-07-28T18:30:00+00:00,216,600,36.0,synthetic
mccomas,2026-07-28T18:45:00+00:00,221,600,36.8333,synthetic
mccomas,2026-07-28T19:00:00+00:00,236,600,39.3333,synthetic
mccomas,2026-07-28T19:15:00+00:00,271,600,45.1667,synthetic
mccomas,2026-07-28T19:30:00+00:00,303,600,50.5,synthetic
mccomas,2026-07-28T19:45:00+00:00,344,600,57.3333,synthetic
mccomas,2026-07-28T20:00:00+00:00,365,600,60.8333,synthetic
mccomas,2026-07-28T20:15:00+00:00,394,600,65.6667,synthetic
mccomas,2026-07-28T20:30:00+00:00,432,600,72.0,synthetic
mccomas,2026-07-28T20:45:00+00:00,445,600,74.1667,synthetic
mccomas,2026-07-28T21:00:00+00:00,467,600,77.8333,synthetic
mccomas,2026-07-28T21:15:00+00:00,497,600,82.8333,synthetic
mccomas,2026-07-28T21:30:00+00:00,493,600,82.1667,synthetic
mccomas,2026-07-28T21:45:00+00:00,491,600,81.8333,synthetic
mccomas,2026-07-28T22:00:00+00:00,469,600,78.1667,synthetic
mccomas,2026-07-28T22:15:00+00:00,456,600,76.0,synthetic
mccomas,2026-07-28T22:30:00+00:00,420,600,70.0,synthetic
mccomas,2026-07-28T22:45:00+00:00,409,600,68.1667,synthetic
mccomas,2026-07-28T23:00:00+00:00,373,600,62.1667,synthetic
mccomas,2026-07-28T23:15:00+00:00,330,600,55.0,synthetic
mccomas,2026-07-28T23:30:00+00:00,290,600,48.3333,synthetic
mccomas,2026-07-28T23:45:00+00:00,243,600,40.5,synthetic
mccomas,2026-07-29T00:00:00+00:00,204,600,34.0,synthetic
mccomas,2026-07-29T00:15:00+00:00,170,600,28.3333,synthetic
mccomas,2026-07-29T00:30:00+00:00,134,600,22.3333,synthetic
mccomas,2026-07-29T00:45:00+00:00,93,600,15.5,synthetic
mccomas,2026-07-29T01:00:00+00:00,79,600,13.1667,synthetic
mccomas,2026-07-29T01:15:00+00:00,74,600,12.3333,synthetic
mccomas,2026-07-29T01:30:00+00:00,60,600,10.0,synthetic
mccomas,2026-07-29T01:45:00+00:00,42,600,7.0,synthetic
mccomas,2026-07-29T02:00:00+00:00,55,600,9.1667,synthetic
mccomas,2026-07-29T02:15:00+00:00,46,600,7.6667,synthetic
mccomas,2026-07-29T02:30:00+00:00,69,600,11.5,synthetic
mccomas,2026-07-29T02:45:00+00:00,49,600,8.1667,synthetic
mccomas,2026-07-29T03:00:00+00:00,57,600,9.5,synthetic
mccomas,2026-07-29T03:15:00+00:00,54,600,9.0,synthetic
mccomas,2026-07-29T03:30:00+00:00,61,600,10.1667,synthetic
mccomas,2026-07-29T03:45:00+00:00,74,600,12.3333,synthetic
war_memorial,2026-07-28T04:00:00+00:00,58,1200,4.8333,synthetic
war_memorial,2026-07-28T04:15:00+00:00,72,1200,6.0,synthetic
war_memorial,2026-07-28T04:30:00+00:00,29,1200,2.4167,synthetic
war_memorial,2026-07-28T04:45:00+00:00,41,1200,3.4167,synthetic
war_memorial,2026-07-28T05:00:00+00:00,36,1200,3.0,synthetic
war_memorial,2026-07-28T05:15:00+00:00,60,1200,5.0,synthetic
war_memorial,2026-07-28T05:30:00+00:00,39,1200,3.25,synthetic
war_memorial,2026-07-28T05:45:00+00:00,12,1200,1.0,synthetic
war_memorial,2026-07-28T06:00:00+00:00,0,1200,0.0,synthetic
war_memorial,2026-07-28T06:15:00+00:00,0,1200,0.0,synthetic
war_memorial,2026-07-28T06:30:00+00:00,23,1200,1.9167,synthetic
war_memorial,2026-07-28T06:45:00+00:00,25,1200,2.0833,synthetic
war_memorial,2026-07-28T07:00:00+00:00,26,1200,2.1667,synthetic
war_memorial,2026-07-28T07:15:00+00:00,10,1200,0.8333,synthetic
war_memorial,2026-07-28T07:30:00+00:00,47,1200,3.9167,synthetic
war_memorial,2026-07-28T07:45:00+00:00,6,1200,0.5,synthetic
war_memorial,2026-07-28T08:00:00+00:00,32,1200,2.6667,synthetic
war_memorial,2026-07-28T08:15:00+00:00,13,1200,1.0833,synthetic
war_memorial,2026-07-28T08:30:00+00:00,28,1200,2.3333,synthetic
war_memorial,2026-07-28T08:45:00+00:00,21,1200,1.75,synthetic
war_memorial,2026-07-28T09:00:00+00:00,28,1200,2.3333,synthetic
war_memorial,2026-07-28T09:15:00+00:00,49,1200,4.0833,synthetic
war_memorial,2026-07-28T09:30:00+00:00,19,1200,1.5833,synthetic
war_memorial,2026-07-28T09:45:00+00:00,63,1200,5.25,synthetic
war_memorial,2026-07-28T10:00:00+00:00,112,1200,9.3333,synthetic
war_memorial,2026-07-28T10:15:00+00:00,124,1200,10.3333,synthetic
war_memorial,2026-07-28T10:30:00+00:00,137,1200,11.4167,synthetic
war_memorial,2026-07-28T10:45:00+00:00,198,1200,16.5,synthetic
war_memorial,2026-07-28T11:00:00+00:00,246,1200,20.5,synthetic
war_memorial,2026-07-28T11:15:00+00:00,299,1200,24.9167,synthetic
war_memorial,2026-07-28T11:30:00+00:00,309,1200,25.75,synthetic
war_memorial,2026-07-28T11:45:00+00:00,353,1200,29.4167,synthetic
war_memorial,2026-07-28T12:00:00+00:00,371,1200,30.9167,synthetic
war_memorial,2026-07-28T12:15:00+00:00,349,1200,29.0833,synthetic
war_memorial,2026-07-28T12:30:00+00:00,334,1200,27.8333,synthetic
war_memorial,2026-07-28T12:45:00+00:00,238,1200,19.8333,synthetic
war_memorial,2026-07-28T13:00:00+00:00,228,1200,19.0,synthetic
war_memorial,2026-07-28T13:15:00+00:00,214,1200,17.8333,synthetic
war_memorial,2026-07-28T13:30:00+00:00,158,1200,13.1667,synthetic
war_memorial,2026-07-28T13:45:00+00:00,167,1200,13.9167,synthetic
war_memorial,2026-07-28T14:00:00+00:00,175,1200,14.5833,synthetic
war_memorial,2026-07-28T14:15:00+00:00,222,1200,18.5,synthetic
war_memorial,2026-07-28T14:30:00+00:00,213,1200,17.75,synthetic
war_memorial,2026-07-28T14:45:00+00:00,217,1200,18.0833,synthetic
war_memorial,2026-07-28T15:00:00+00:00,251,1200,20.9167,synthetic
war_memorial,2026-07-28T15:15:00+00:00,263,1200,21.9167,synthetic
war_memorial,2026-07-28T15:30:00+00:00,322,1200,26.8333,synthetic
war_memorial,2026-07-28T15:45:00+00:00,334,1200,27.8333,synthetic
war_memorial,2026-07-28T16:00:00+00:00,375,1200,31.25,synthetic
war_memorial,2026-07-28T16:15:00+00:00,404,1200,33.6667,synthetic
war_memorial,2026-07-28T16:30:00+00:00,395,1200,32.9167,synthetic
war_memorial,2026-07-28T16:45:00+00:00,406,1200,33.8333,synthetic
war_memorial,2026-07-28T17:00:00+00:00,364,1200,30.3333,synthetic
war_memorial,2026-07-28T17:15:00+00:00,330,1200,27.5,synthetic
war_memorial,2026-07-28T17:30:00+00:00,326,1200,27.1667,synthetic
war_memorial,2026-07-28T17:45:00+00:00,303,1200,25.25,synthetic
war_memorial,2026-07-28T18:00:00+00:00,239,1200,19.9167,synthetic
war_memorial,2026-07-28T18:15:00+00:00,235,1200,19.5833,synthetic
war_memorial,2026-07-28T18:30:00+00:00,210,1200,17.5,synthetic
war_memorial,2026-07-28T18:45:00+00:00,215,1200,17.9167,synthetic
war_memorial,2026-07-28T19:00:00+00:00,238,1200,19.8333,synthetic
war_memorial,2026-07-28T19:15:00+00:00,245,1200,20.4167,synthetic
war_memorial,2026-07-28T19:30:00+00:00,273,1200,22.75,synthetic
war_memorial,2026-07-28T19:45:00+00:00,296,1200,24.6667,synthetic
war_memorial,2026-07-28T20:00:00+00:00,348,1200,29.0,synthetic
war_memorial,2026-07-28T20:15:00+00:00,393,1200,32.75,synthetic
war_memorial,2026-07-28T20:30:00+00:00,446,1200,37.1667,synthetic
war_memorial,2026-07-28T20:45:00+00:00,507,1200,42.25,synthetic
war_memorial,2026-07-28T21:00:00+00:00,570,1200,47.5,synthetic
war_memorial,2026-07-28T21:15:00+00:00,640,1200,53.3333,synthetic
war_memorial,2026-07-28T21:30:00+00:00,682,1200,56.8333,synthetic
war_memorial,2026-07-28T21:45:00+00:00,735,1200,61.25,synthetic
war_memorial,2026-07-28T22:00:00+00:00,761,1200,63.4167,synthetic
war_memorial,2026-07-28T22:15:00+00:00,786,1200,65.5,synthetic
war_memorial,2026-07-28T22:30:00+00:00,789,1200,65.75,synthetic
war_memorial,2026-07-28T22:45:00+00:00,793,1200,66.0833,synthetic
war_memorial,2026-07-28T23:00:00+00:00,777,1200,64.75,synthetic
war_memorial,2026-07-28T23:15:00+00:00,739,1200,61.5833,synthetic
war_memorial,2026-07-28T23:30:00+00:00,683,1200,56.9167,synthetic
war_memorial,2026-07-28T23:45:00+00:00,642,1200,53.5,synthetic
war_memorial,2026-07-29T00:00:00+00:00,513,1200,42.75,synthetic
war_memorial,2026-07-29T00:15:00+00:00,469,1200,39.0833,synthetic
war_memorial,2026-07-29T00:30:00+00:00,438,1200,36.5,synthetic
war_memorial,2026-07-29T00:45:00+00:00,338,1200,28.1667,synthetic
war_memorial,2026-07-29T01:00:00+00:00,239,1200,19.9167,synthetic
war_memorial,2026-07-29T01:15:00+00:00,237,1200,19.75,synthetic
war_memorial,2026-07-29T01:30:00+00:00,175,1200,14.5833,synthetic
war_memorial,2026-07-29T01:45:00+00:00,150,1200,12.5,synthetic
war_memorial,2026-07-29T02:00:00+00:00,100,1200,8.3333,synthetic
war_memorial,2026-07-29T02:15:00+00:00,51,1200,4.25,synthetic
war_memorial,2026-07-29T02:30:00+00:00,61,1200,5.0833,synthetic
war_memorial,2026-07-29T02:45:00+00:00,40,1200,3.3333,synthetic
war_memorial,2026-07-29T03:00:00+00:00,26,1200,2.1667,synthetic
war_memorial,2026-07-29T03:15:00+00:00,6,1200,0.5,synthetic
war_memorial,2026-07-29T03:30:00+00:00,42,1200,3.5,synthetic
war_memorial,2026-07-29T03:45:00+00:00,33,1200,2.75,synthetic
mccomas,2026-07-29T04:00:00+00:00,12,600,2.0,synthetic
mccomas,2026-07-29T04:15:00+00:00,23,600,3.8333,synthetic
mccomas,2026-07-29T04:30:00+00:00,2,600,0.3333,synthetic
mccomas,2026-07-29T04:45:00+00:00,0,600,0.0,synthetic
mccomas,2026-07-29T05:00:00+00:00,2,600,0.3333,synthetic
mccomas,2026-07-29T05:15:00+00:00,17,600,2.8333,synthetic
mccomas,2026-07-29T05:30:00+00:00,0,600,0.0,synthetic
mccomas,2026-07-29T05:45:00+00:00,0,600,0.0,synthetic
mccomas,2026-07-29T06:00:00+00:00,2,600,0.3333,synthetic
mccomas,2026-07-29T06:15:00+00:00,12,600,2.0,synthetic
mccomas,2026-07-29T06:30:00+00:00,26,600,4.3333,synthetic
mccomas,2026-07-29T06:45:00+00:00,31,600,5.1667,synthetic
mccomas,2026-07-29T07:00:00+00:00,31,600,5.1667,synthetic
mccomas,2026-07-29T07:15:00+00:00,31,600,5.1667,synthetic
mccomas,2026-07-29T07:30:00+00:00,25,600,4.1667,synthetic
mccomas,2026-07-29T07:45:00+00:00,8,600,1.3333,synthetic
mccomas,2026-07-29T08:00:00+00:00,0,600,0.0,synthetic
mccomas,2026-07-29T08:15:00+00:00,3,600,0.5,synthetic
mccomas,2026-07-29T08:30:00+00:00,0,600,0.0,synthetic
mccomas,2026-07-29T08:45:00+00:00,0,600,0.0,synthetic
mccomas,2026-07-29T09:00:00+00:00,0,600,0.0,synthetic
mccomas,2026-07-29T09:15:00+00:00,3,600,0.5,synthetic
mccomas,2026-07-29T09:30:00+00:00,24,600,4.0,synthetic
mccomas,2026-07-29T09:45:00+00:00,38,600,6.3333,synthetic
mccomas,2026-07-29T10:00:00+00:00,62,600,10.3333,synthetic
mccomas,2026-07-29T10:15:00+00:00,87,600,14.5,synthetic
mccomas,2026-07-29T10:30:00+00:00,101,600,16.8333,synthetic
mccomas,2026-07-29T10:45:00+00:00,111,600,18.5,synthetic
mccomas,2026-07-29T11:00:00+00:00,124,600,20.6667,synthetic
mccomas,2026-07-29T11:15:00+00:00,136,600,22.6667,synthetic
mccomas,2026-07-29T11:30:00+00:00,148,600,24.6667,synthetic
mccomas,2026-07-29T11:45:00+00:00,163,600,27.1667,synthetic
mccomas,2026-07-29T12:00:00+00:00,139,600,23.1667,synthetic
mccomas,2026-07-29T12:15:00+00:00,123,600,20.5,synthetic
mccomas,2026-07-29T12:30:00+00:00,119,600,19.8333,synthetic
mccomas,2026-07-29T12:45:00+00:00,99,600,16.5,synthetic
mccomas,2026-07-29T13:00:00+00:00,86,600,14.3333,synthetic
mccomas,2026-07-29T13:15:00+00:00,93,600,15.5,synthetic
mccomas,2026-07-29T13:30:00+00:00,86,600,14.3333,synthetic
mccomas,2026-07-29T13:45:00+00:00,66,600,11.0,synthetic
mccomas,2026-07-29T14:00:00+00:00,70,600,11.6667,synthetic
mccomas,2026-07-29T14:15:00+00:00,80,600,13.3333,synthetic
mccomas,2026-07-29T14:30:00+00:00,87,600,14.5,synthetic
mccomas,2026-07-29T14:45:00+00:00,82,600,13.6667,synthetic
mccomas,2026-07-29T15:00:00+00:00,111,600,18.5,synthetic
mccomas,2026-07-29T15:15:00+00:00,134,600,22.3333,synthetic
mccomas,2026-07-29T15:30:00+00:00,155,600,25.8333,synthetic
mccomas,2026-07-29T15:45:00+00:00,172,600,28.6667,synthetic
mccomas,2026-07-29T16:00:00+00:00,178,600,29.6667,synthetic
mccomas,2026-07-29T16:15:00+00:00,159,600,26.5,synthetic
mccomas,2026-07-29T16:30:00+00:00,188,600,31.3333,synthetic
mccomas,2026-07-29T16:45:00+00:00,190,600,31.6667,synthetic
mccomas,2026-07-29T17:00:00+00:00,195,600,32.5,synthetic
mccomas,2026-07-29T17:15:00+00:00,187,600,31.1667,synthetic
mccomas,2026-07-29T17:30:00+00:00,169,600,28.1667,synthetic
mccomas,2026-07-29T17:45:00+00:00,182,600,30.3333,synthetic
mccomas,2026-07-29T18:00:00+00:00,156,600,26.0,synthetic
mccomas,2026-07-29T18:15:00+00:00,166,600,27.6667,synthetic
mccomas,2026-07-29T18:30:00+00:00,175,600,29.1667,synthetic
mccomas,2026-07-29T18:45:00+00:00,181,600,30.1667,synthetic
mccomas,2026-07-29T19:00:00+00:00,216,600,36.0,synthetic
mccomas,2026-07-29T19:15:00+00:00,240,600,40.0,synthetic
mccomas,2026-07-29T19:30:00+00:00,265,600,44.1667,synthetic
mccomas,2026-07-29T19:45:00+00:00,325,600,54.1667,synthetic
mccomas,2026-07-29T20:00:00+00:00,344,600,57.3333,synthetic
mccomas,2026-07-29T20:15:00+00:00,364,600,60.6667,synthetic
mccomas,2026-07-29T20:30:00+00:00,382,600,63.6667,synthetic
mccomas,2026-07-29T20:45:00+00:00,434,600,72.3333,synthetic
mccomas,2026-07-29T21:00:00+00:00,440,600,73.3333,synthetic
mccomas,2026-07-29T21:15:00+00:00,460,600,76.6667,synthetic
mccomas,2026-07-29T21:30:00+00:00,458,600,76.3333,synthetic
mccomas,2026-07-29T21:45:00+00:00,453,600,75.5,synthetic
mccomas,2026-07-29T22:00:00+00:00,445,600,74.1667,synthetic
mccomas,2026-07-29T22:15:00+00:00,428,600,71.3333,synthetic
mccomas,2026-07-29T22:30:00+00:00,383,600,63.8333,synthetic
mccomas,2026-07-29T22:45:00+00:00,366,600,61.0,synthetic
mccomas,2026-07-29T23:00:00+00:00,325,600,54.1667,synthetic
mccomas,2026-07-29T23:15:00+00:00,271,600,45.1667,synthetic
mccomas,2026-07-29T23:30:00+00:00,243,600,40.5,synthetic
mccomas,2026-07-29T23:45:00+00:00,205,600,34.1667,synthetic
mccomas,2026-07-30T00:00:00+00:00,170,600,28.3333,synthetic
mccomas,2026-07-30T00:15:00+00:00,134,600,22.3333,synthetic
mccomas,2026-07-30T00:30:00+00:00,100,600,16.6667,synthetic
mccomas,2026-07-30T00:45:00+00:00,82,600,13.6667,synthetic
mccomas,2026-07-30T01:00:00+00:00,71,600,11.8333,synthetic
mccomas,2026-07-30T01:15:00+00:00,68,600,11.3333,synthetic
mccomas,2026-07-30T01:30:00+00:00,64,600,10.6667,synthetic
mccomas,2026-07-30T01:45:00+00:00,60,600,10.0,synthetic
mccomas,2026-07-30T02:00:00+00:00,32,600,5.3333,synthetic
mccomas,2026-07-30T02:15:00+00:00,24,600,4.0,synthetic
mccomas,2026-07-30T02:30:00+00:00,15,600,2.5,synthetic
mccomas,2026-07-30T02:45:00+00:00,26,600,4.3333,synthetic
mccomas,2026-07-30T03:00:00+00:00,24,600,4.0,synthetic
mccomas,2026-07-30T03:15:00+00:00,28,600,4.6667,synthetic
mccomas,2026-07-30T03:30:00+00:00,28,600,4.6667,synthetic
mccomas,2026-07-30T03:45:00+00:00,23,600,3.8333,synthetic
war_memorial,2026-07-29T04:00:00+00:00,56,1200,4.6667,synthetic
war_memorial,2026-07-29T04:15:00+00:00,54,1200,4.5,synthetic
war_memorial,2026-07-29T04:30:00+00:00,62,1200,5.1667,synthetic
war_memorial,2026-07-29T04:45:00+00:00,88,1200,7.3333,synthetic
war_memorial,2026-07-29T05:00:00+00:00,112,1200,9.3333,synthetic
war_memorial,2026-07-29T05:15:00+00:00,79,1200,6.5833,synthetic
war_memorial,2026-07-29T05:30:00+00:00,70,1200,5.8333,synthetic
war_memorial,2026-07-29T05:45:00+00:00,109,1200,9.0833,synthetic
war_memorial,2026-07-29T06:00:00+00:00,137,1200,11.4167,synthetic
war_memorial,2026-07-29T06:15:00+00:00,119,1200,9.9167,synthetic
war_memorial,2026-07-29T06:30:00+00:00,105,1200,8.75,synthetic
war_memorial,2026-07-29T06:45:00+00:00,76,1200,6.3333,synthetic
war_memorial,2026-07-29T07:00:00+00:00,114,1200,9.5,synthetic
war_memorial,2026-07-29T07:15:00+00:00,115,1200,9.5833,synthetic
war_memorial,2026-07-29T07:30:00+00:00,73,1200,6.0833,synthetic
war_memorial,2026-07-29T07:45:00+00:00,72,1200,6.0,synthetic
war_memorial,2026-07-29T08:00:00+00:00,81,1200,6.75,synthetic
war_memorial,2026-07-29T08:15:00+00:00,25,1200,2.0833,synthetic
war_memorial,2026-07-29T08:30:00+00:00,32,1200,2.6667,synthetic
war_memorial,2026-07-29T08:45:00+00:00,30,1200,2.5,synthetic
war_memorial,2026-07-29T09:00:00+00:00,70,1200,5.8333,synthetic
war_memorial,2026-07-29T09:15:00+00:00,96,1200,8.0,synthetic
war_memorial,2026-07-29T09:30:00+00:00,79,1200,6.5833,synthetic
war_memorial,2026-07-29T09:45:00+00:00,101,1200,8.4167,synthetic
war_memorial,2026-07-29T10:00:00+00:00,156,1200,13.0,synthetic
war_memorial,2026-07-29T10:15:00+00:00,206,1200,17.1667,synthetic
war_memorial,2026-07-29T10:30:00+00:00,213,1200,17.75,synthetic
war_memorial,2026-07-29T10:45:00+00:00,268,1200,22.3333,synthetic
war_memorial,2026-07-29T11:00:00+00:00,304,1200,25.3333,synthetic
war_memorial,2026-07-29T11:15:00+00:00,359,1200,29.9167,synthetic
war_memorial,2026-07-29T11:30:00+00:00,393,1200,32.75,synthetic
war_memorial,2026-07-29T11:45:00+00:00,381,1200,31.75,synthetic
war_memorial,2026-07-29T12:00:00+00:00,360,1200,30.0,synthetic
war_memorial,2026-07-29T12:15:00+00:00,390,1200,32.5,synthetic
war_memorial,2026-07-29T12:30:00+00:00,352,1200,29.3333,synthetic
war_memorial,2026-07-29T12:45:00+00:00,329,1200,27.4167,synthetic
war_memorial,2026-07-29T13:00:00+00:00,286,1200,23.8333,synthetic
war_memorial,2026-07-29T13:15:00+00:00,263,1200,21.9167,synthetic
war_memorial,2026-07-29T13:30:00+00:00,264,1200,22.0,synthetic
war_memorial,2026-07-29T13:45:00+00:00,250,1200,20.8333,synthetic
war_memorial,2026-07-29T14:00:00+00:00,253,1200,21.0833,synthetic
war_memorial,2026-07-29T14:15:00+00:00,256,1200,21.3333,synthetic
war_memorial,2026-07-29T14:30:00+00:00,265,1200,22.0833,synthetic
war_memorial,2026-07-29T14:45:00+00:00,287,1200,23.9167,synthetic
war_memorial,2026-07-29T15:00:00+00:00,307,1200,25.5833,synthetic
war_memorial,2026-07-29T15:15:00+00:00,340,1200,28.3333,synthetic
war_memorial,2026-07-29T15:30:00+00:00,380,1200,31.6667,synthetic
war_memorial,2026-07-29T15:45:00+00:00,370,1200,30.8333,synthetic
war_memorial,2026-07-29T16:00:00+00:00,394,1200,32.8333,synthetic
war_memorial,2026-07-29T16:15:00+00:00,431,1200,35.9167,synthetic
war_memorial,2026-07-29T16:30:00+00:00,456,1200,38.0,synthetic
war_memorial,2026-07-29T16:45:00+00:00,434,1200,36.1667,synthetic
war_memorial,2026-07-29T17:00:00+00:00,440,1200,36.6667,synthetic
war_memorial,2026-07-29T17:15:00+00:00,426,1200,35.5,synthetic
war_memorial,2026-07-29T17:30:00+00:00,384,1200,32.0,synthetic
war_memorial,2026-07-29T17:45:00+00:00,351,1200,29.25,synthetic
war_memorial,2026-07-29T18:00:00+00:00,324,1200,27.0,synthetic
war_memorial,2026-07-29T18:15:00+00:00,310,1200,25.8333,synthetic
war_memorial,2026-07-29T18:30:00+00:00,284,1200,23.6667,synthetic
war_memorial,2026-07-29T18:45:00+00:00,270,1200,22.5,synthetic
war_memorial,2026-07-29T19:00:00+00:00,303,1200,25.25,synthetic
war_memorial,2026-07-29T19:15:00+00:00,289,1200,24.0833,synthetic
war_memorial,2026-07-29T19:30:00+00:00,313,1200,26.0833,synthetic
war_memorial,2026-07-29T19:45:00+00:00,320,1200,26.6667,synthetic
war_memorial,2026-07-29T20:00:00+00:00,367,1200,30.5833,synthetic
war_memorial,2026-07-29T20:15:00+00:00,387,1200,32.25,synthetic
war_memorial,2026-07-29T20:30:00+00:00,495,1200,41.25,synthetic
war_memorial,2026-07-29T20:45:00+00:00,536,1200,44.6667,synthetic
war_memorial,2026-07-29T21:00:00+00:00,589,1200,49.0833,synthetic
war_memorial,2026-07-29T21:15:00+00:00,670,1200,55.8333,synthetic
war_memorial,2026-07-29T21:30:00+00:00,752,1200,62.6667,synthetic
war_memorial,2026-07-29T21:45:00+00:00,763,1200,63.5833,synthetic
war_memorial,2026-07-29T22:00:00+00:00,807,1200,67.25,synthetic
war_memorial,2026-07-29T22:15:00+00:00,844,1200,70.3333,synthetic
war_memorial,2026-07-29T22:30:00+00:00,850,1200,70.8333,synthetic
war_memorial,2026-07-29T22:45:00+00:00,874,1200,72.8333,synthetic
war_memorial,2026-07-29T23:00:00+00:00,817,1200,68.0833,synthetic
war_memorial,2026-07-29T23:15:00+00:00,781,1200,65.0833,synthetic
war_memorial,2026-07-29T23:30:00+00:00,745,1200,62.0833,synthetic
war_memorial,2026-07-29T23:45:00+00:00,718,1200,59.8333,synthetic
war_memorial,2026-07-30T00:00:00+00:00,601,1200,50.0833,synthetic
war_memorial,2026-07-30T00:15:00+00:00,525,1200,43.75,synthetic
war_memorial,2026-07-30T00:30:00+00:00,450,1200,37.5,synthetic
war_memorial,2026-07-30T00:45:00+00:00,397,1200,33.0833,synthetic
war_memorial,2026-07-30T01:00:00+00:00,353,1200,29.4167,synthetic
war_memorial,2026-07-30T01:15:00+00:00,323,1200,26.9167,synthetic
war_memorial,2026-07-30T01:30:00+00:00,234,1200,19.5,synthetic
war_memorial,2026-07-30T01:45:00+00:00,209,1200,17.4167,synthetic
war_memorial,2026-07-30T02:00:00+00:00,168,1200,14.0,synthetic
war_memorial,2026-07-30T02:15:00+00:00,120,1200,10.0,synthetic
war_memorial,2026-07-30T02:30:00+00:00,132,1200,11.0,synthetic
war_memorial,2026-07-30T02:45:00+00:00,102,1200,8.5,synthetic
war_memorial,2026-07-30T03:00:00+00:00,90,1200,7.5,synthetic
war_memorial,2026-07-30T03:15:00+00:00,104,1200,8.6667,synthetic
war_memorial,2026-07-30T03:30:00+00:00,74,1200,6.1667,synthetic
war_memorial,2026-07-30T03:45:00+00:00,81,1200,6.75,synthetic
mccomas,2026-07-30T04:00:00+00:00,31,600,5.1667,synthetic
mccomas,2026-07-30T04:15:00+00:00,31,600,5.1667,synthetic
mccomas,2026-07-30T04:30:00+00:00,30,600,5.0,synthetic
mccomas,2026-07-30T04:45:00+00:00,21,600,3.5,synthetic
mccomas,2026-07-30T05:00:00+00:00,12,600,2.0,synthetic
mccomas,2026-07-30T05:15:00+00:00,27,600,4.5,synthetic
mccomas,2026-07-30T05:30:00+00:00,18,600,3.0,synthetic
mccomas,2026-07-30T05:45:00+00:00,10,600,1.6667,synthetic
mccomas,2026-07-30T06:00:00+00:00,18,600,3.0,synthetic
mccomas,2026-07-30T06:15:00+00:00,24,600,4.0,synthetic
mccomas,2026-07-30T06:30:00+00:00,33,600,5.5,synthetic
mccomas,2026-07-30T06:45:00+00:00,34,600,5.6667,synthetic
mccomas,2026-07-30T07:00:00+00:00,36,600,6.0,synthetic
mccomas,2026-07-30T07:15:00+00:00,18,600,3.0,synthetic
mccomas,2026-07-30T07:30:00+00:00,21,600,3.5,synthetic
mccomas,2026-07-30T07:45:00+00:00,25,600,4.1667,synthetic
mccomas,2026-07-30T08:00:00+00:00,28,600,4.6667,synthetic
mccomas,2026-07-30T08:15:00+00:00,18,600,3.0,synthetic
mccomas,2026-07-30T08:30:00+00:00,2,600,0.3333,synthetic
mccomas,2026-07-30T08:45:00+00:00,14,600,2.3333,synthetic
mccomas,2026-07-30T09:00:00+00:00,40,600,6.6667,synthetic
mccomas,2026-07-30T09:15:00+00:00,48,600,8.0,synthetic
mccomas,2026-07-30T09:30:00+00:00,28,600,4.6667,synthetic
mccomas,2026-07-30T09:45:00+00:00,61,600,10.1667,synthetic
mccomas,2026-07-30T10:00:00+00:00,97,600,16.1667,synthetic
mccomas,2026-07-30T10:15:00+00:00,106,600,17.6667,synthetic
mccomas,2026-07-30T10:30:00+00:00,123,600,20.5,synthetic
mccomas,2026-07-30T10:45:00+00:00,135,600,22.5,synthetic
mccomas,2026-07-30T11:00:00+00:00,155,600,25.8333,synthetic
mccomas,2026-07-30T11:15:00+00:00,169,600,28.1667,synthetic
mccomas,2026-07-30T11:30:00+00:00,177,600,29.5,synthetic
mccomas,2026-07-30T11:45:00+00:00,176,600,29.3333,synthetic
mccomas,2026-07-30T12:00:00+00:00,169,600,28.1667,synthetic
mccomas,2026-07-30T12:15:00+00:00,153,600,25.5,synthetic
mccomas,2026-07-30T12:30:00+00:00,139,600,23.1667,synthetic
mccomas,2026-07-30T12:45:00+00:00,123,600,20.5,synthetic
mccomas,2026-07-30T13:00:00+00:00,100,600,16.6667,synthetic
mccomas,2026-07-30T13:15:00+00:00,91,600,15.1667,synthetic
mccomas,2026-07-30T13:30:00+00:00,70,600,11.6667,synthetic
mccomas,2026-07-30T13:45:00+00:00,95,600,15.8333,synthetic
mccomas,2026-07-30T14:00:00+00:00,93,600,15.5,synthetic
mccomas,2026-07-30T14:15:00+00:00,107,600,17.8333,synthetic
mccomas,2026-07-30T14:30:00+00:00,127,600,21.1667,synthetic
mccomas,2026-07-30T14:45:00+00:00,139,600,23.1667,synthetic
mccomas,2026-07-30T15:00:00+00:00,154,600,25.6667,synthetic
mccomas,2026-07-30T15:15:00+00:00,159,600,26.5,synthetic
mccomas,2026-07-30T15:30:00+00:00,193,600,32.1667,synthetic
mccomas,2026-07-30T15:45:00+00:00,210,600,35.0,synthetic
mccomas,2026-07-30T16:00:00+00:00,220,600,36.6667,synthetic
mccomas,2026-07-30T16:15:00+00:00,214,600,35.6667,synthetic
mccomas,2026-07-30T16:30:00+00:00,226,600,37.6667,synthetic
mccomas,2026-07-30T16:45:00+00:00,227,600,37.8333,synthetic
mccomas,2026-07-30T17:00:00+00:00,219,600,36.5,synthetic
mccomas,2026-07-30T17:15:00+00:00,199,600,33.1667,synthetic
mccomas,2026-07-30T17:30:00+00:00,201,600,33.5,synthetic
mccomas,2026-07-30T17:45:00+00:00,185,600,30.8333,synthetic
mccomas,2026-07-30T18:00:00+00:00,182,600,30.3333,synthetic
mccomas,2026-07-30T18:15:00+00:00,173,600,28.8333,synthetic
mccomas,2026-07-30T18:30:00+00:00,179,600,29.8333,synthetic
mccomas,2026-07-30T18:45:00+00:00,185,600,30.8333,synthetic
mccomas,2026-07-30T19:00:00+00:00,210,600,35.0,synthetic
mccomas,2026-07-30T19:15:00+00:00,228,600,38.0,synthetic
mccomas,2026-07-30T19:30:00+00:00,257,600,42.8333,synthetic
mccomas,2026-07-30T19:45:00+00:00,277,600,46.1667,synthetic
mccomas,2026-07-30T20:00:00+00:00,318,600,53.0,synthetic
mccomas,2026-07-30T20:15:00+00:00,356,600,59.3333,synthetic
mccomas,2026-07-30T20:30:00+00:00,395,600,65.8333,synthetic
mccomas,2026-07-30T20:45:00+00:00,417,600,69.5,synthetic
mccomas,2026-07-30T21:00:00+00:00,431,600,71.8333,synthetic
mccomas,2026-07-30T21:15:00+00:00,457,600,76.1667,synthetic
mccomas,2026-07-30T21:30:00+00:00,458,600,76.3333,synthetic
mccomas,2026-07-30T21:45:00+00:00,447,600,74.5,synthetic
mccomas,2026-07-30T22:00:00+00:00,411,600,68.5,synthetic
mccomas,2026-07-30T22:15:00+00:00,406,600,67.6667,synthetic
mccomas,2026-07-30T22:30:00+00:00,400,600,66.6667,synthetic
mccomas,2026-07-30T22:45:00+00:00,347,600,57.8333,synthetic
mccomas,2026-07-30T23:00:00+00:00,317,600,52.8333,synthetic
mccomas,2026-07-30T23:15:00+00:00,279,600,46.5,synthetic
mccomas,2026-07-30T23:30:00+00:00,238,600,39.6667,synthetic
mccomas,2026-07-30T23:45:00+00:00,212,600,35.3333,synthetic
mccomas,2026-07-31T00:00:00+00:00,178,600,29.6667,synthetic
mccomas,2026-07-31T00:15:00+00:00,147,600,24.5,synthetic
mccomas,2026-07-31T00:30:00+00:00,97,600,16.1667,synthetic
mccomas,2026-07-31T00:45:00+00:00,105,600,17.5,synthetic
mccomas,2026-07-31T01:00:00+00:00,75,600,12.5,synthetic
mccomas,2026-07-31T01:15:00+00:00,73,600,12.1667,synthetic
mccomas,2026-07-31T01:30:00+00:00,59,600,9.8333,synthetic
mccomas,2026-07-31T01:45:00+00:00,32,600,5.3333,synthetic
mccomas,2026-07-31T02:00:00+00:00,26,600,4.3333,synthetic
mccomas,2026-07-31T02:15:00+00:00,38,600,6.3333,synthetic
mccomas,2026-07-31T02:30:00+00:00,33,600,5.5,synthetic
mccomas,2026-07-31T02:45:00+00:00,27,600,4.5,synthetic
mccomas,2026-07-31T03:00:00+00:00,28,600,4.6667,synthetic
mccomas,2026-07-31T03:15:00+00:00,34,600,5.6667,synthetic
mccomas,2026-07-31T03:30:00+00:00,24,600,4.0,synthetic
mccomas,2026-07-31T03:45:00+00:00,14,600,2.3333,synthetic
war_memorial,2026-07-30T04:00:00+00:00,88,1200,7.3333,synthetic
war_memorial,2026-07-30T04:15:00+00:00,77,1200,6.4167,synthetic
war_memorial,2026-07-30T04:30:00+00:00,66,1200,5.5,synthetic
war_memorial,2026-07-30T04:45:00+00:00,98,1200,8.1667,synthetic
war_memorial,2026-07-30T05:00:00+00:00,88,1200,7.3333,synthetic
war_memorial,2026-07-30T05:15:00+00:00,80,1200,6.6667,synthetic
war_memorial,2026-07-30T05:30:00+00:00,73,1200,6.0833,synthetic
war_memorial,2026-07-30T05:45:00+00:00,59,1200,4.9167,synthetic
war_memorial,2026-07-30T06:00:00+00:00,56,1200,4.6667,synthetic
war_memorial,2026-07-30T06:15:00+00:00,46,1200,3.8333,synthetic
war_memorial,2026-07-30T06:30:00+00:00,64,1200,5.3333,synthetic
war_memorial,2026-07-30T06:45:00+00:00,61,1200,5.0833,synthetic
war_memorial,2026-07-30T07:00:00+00:00,84,1200,7.0,synthetic
war_memorial,2026-07-30T07:15:00+00:00,114,1200,9.5,synthetic
war_memorial,2026-07-30T07:30:00+00:00,117,1200,9.75,synthetic
war_memorial,2026-07-30T07:45:00+00:00,97,1200,8.0833,synthetic
war_memorial,2026-07-30T08:00:00+00:00,115,1200,9.5833,synthetic
war_memorial,2026-07-30T08:15:00+00:00,72,1200,6.0,synthetic
war_memorial,2026-07-30T08:30:00+00:00,81,1200,6.75,synthetic
war_memorial,2026-07-30T08:45:00+00:00,97,1200,8.0833,synthetic
war_memorial,2026-07-30T09:00:00+00:00,102,1200,8.5,synthetic
war_memorial,2026-07-30T09:15:00+00:00,114,1200,9.5,synthetic
war_memorial,2026-07-30T09:30:00+00:00,114,1200,9.5,synthetic
war_memorial,2026-07-30T09:45:00+00:00,96,1200,8.0,synthetic
war_memorial,2026-07-30T10:00:00+00:00,109,1200,9.0833,synthetic
war_memorial,2026-07-30T10:15:00+00:00,143,1200,11.9167,synthetic
war_memorial,2026-07-30T10:30:00+00:00,206,1200,17.1667,synthetic
war_memorial,2026-07-30T10:45:00+00:00,202,1200,16.8333,synthetic
war_memorial,2026-07-30T11:00:00+00:00,265,1200,22.0833,synthetic
war_memorial,2026-07-30T11:15:00+00:00,276,1200,23.0,synthetic
war_memorial,2026-07-30T11:30:00+00:00,330,1200,27.5,synthetic
war_memorial,2026-07-30T11:45:00+00:00,337,1200,28.0833,synthetic
war_memorial,2026-07-30T12:00:00+00:00,328,1200,27.3333,synthetic
war_memorial,2026-07-30T12:15:00+00:00,368,1200,30.6667,synthetic
war_memorial,2026-07-30T12:30:00+00:00,348,1200,29.0,synthetic
war_memorial,2026-07-30T12:45:00+00:00,318,1200,26.5,synthetic
war_memorial,2026-07-30T13:00:00+00:00,304,1200,25.3333,synthetic
war_memorial,2026-07-30T13:15:00+00:00,264,1200,22.0,synthetic
war_memorial,2026-07-30T13:30:00+00:00,276,1200,23.0,synthetic
war_memorial,2026-07-30T13:45:00+00:00,247,1200,20.5833,synthetic
war_memorial,2026-07-30T14:00:00+00:00,244,1200,20.3333,synthetic
war_memorial,2026-07-30T14:15:00+00:00,265,1200,22.0833,synthetic
war_memorial,2026-07-30T14:30:00+00:00,284,1200,23.6667,synthetic
war_memorial,2026-07-30T14:45:00+00:00,258,1200,21.5,synthetic
war_memorial,2026-07-30T15:00:00+00:00,305,1200,25.4167,synthetic
war_memorial,2026-07-30T15:15:00+00:00,367,1200,30.5833,synthetic
war_memorial,2026-07-30T15:30:00+00:00,411,1200,34.25,synthetic
war_memorial,2026-07-30T15:45:00+00:00,441,1200,36.75,synthetic
war_memorial,2026-07-30T16:00:00+00:00,440,1200,36.6667,synthetic
war_memorial,2026-07-30T16:15:00+00:00,428,1200,35.6667,synthetic
war_memorial,2026-07-30T16:30:00+00:00,450,1200,37.5,synthetic
war_memorial,2026-07-30T16:45:00+00:00,409,1200,34.0833,synthetic
war_memorial,2026-07-30T17:00:00+00:00,387,1200,32.25,synthetic
war_memorial,2026-07-30T17:15:00+00:00,386,1200,32.1667,synthetic
war_memorial,2026-07-30T17:30:00+00:00,361,1200,30.0833,synthetic
war_memorial,2026-07-30T17:45:00+00:00,294,1200,24.5,synthetic
war_memorial,2026-07-30T18:00:00+00:00,277,1200,23.0833,synthetic
war_memorial,2026-07-30T18:15:00+00:00,229,1200,19.0833,synthetic
war_memorial,2026-07-30T18:30:00+00:00,243,1200,20.25,synthetic
war_memorial,2026-07-30T18:45:00+00:00,241,1200,20.0833,synthetic
war_memorial,2026-07-30T19:00:00+00:00,225,1200,18.75,synthetic
war_memorial,2026-07-30T19:15:00+00:00,196,1200,16.3333,synthetic
war_memorial,2026-07-30T19:30:00+00:00,265,1200,22.0833,synthetic
war_memorial,2026-07-30T19:45:00+00:00,296,1200,24.6667,synthetic
war_memorial,2026-07-30T20:00:00+00:00,327,1200,27.25,synthetic
war_memorial,2026-07-30T20:15:00+00:00,362,1200,30.1667,synthetic
war_memorial,2026-07-30T20:30:00+00:00,439,1200,36.5833,synthetic
war_memorial,2026-07-30T20:45:00+00:00,520,1200,43.3333,synthetic
war_memorial,2026-07-30T21:00:00+00:00,578,1200,48.1667,synthetic
war_memorial,2026-07-30T21:15:00+00:00,607,1200,50.5833,synthetic
war_memorial,2026-07-30T21:30:00+00:00,698,1200,58.1667,synthetic
war_memorial,2026-07-30T21:45:00+00:00,742,1200,61.8333,synthetic
war_memorial,2026-07-30T22:00:00+00:00,783,1200,65.25,synthetic
war_memorial,2026-07-30T22:15:00+00:00,828,1200,69.0,synthetic
war_memorial,2026-07-30T22:30:00+00:00,827,1200,68.9167,synthetic
war_memorial,2026-07-30T22:45:00+00:00,836,1200,69.6667,synthetic
war_memorial,2026-07-30T23:00:00+00:00,807,1200,67.25,synthetic
war_memorial,2026-07-30T23:15:00+00:00,743,1200,61.9167,synthetic
war_memorial,2026-07-30T23:30:00+00:00,704,1200,58.6667,synthetic
war_memorial,2026-07-30T23:45:00+00:00,630,1200,52.5,synthetic
war_memorial,2026-07-31T00:00:00+00:00,558,1200,46.5,synthetic
war_memorial,2026-07-31T00:15:00+00:00,480,1200,40.0,synthetic
war_memorial,2026-07-31T00:30:00+00:00,447,1200,37.25,synthetic
war_memorial,2026-07-31T00:45:00+00:00,366,1200,30.5,synthetic
war_memorial,2026-07-31T01:00:00+00:00,314,1200,26.1667,synthetic
war_memorial,2026-07-31T01:15:00+00:00,242,1200,20.1667,synthetic
war_memorial,2026-07-31T01:30:00+00:00,200,1200,16.6667,synthetic
war_memorial,2026-07-31T01:45:00+00:00,179,1200,14.9167,synthetic
war_memorial,2026-07-31T02:00:00+00:00,180,1200,15.0,synthetic
war_memorial,2026-07-31T02:15:00+00:00,134,1200,11.1667,synthetic
war_memorial,2026-07-31T02:30:00+00:00,129,1200,10.75,synthetic
war_memorial,2026-07-31T02:45:00+00:00,95,1200,7.9167,synthetic
war_memorial,2026-07-31T03:00:00+00:00,96,1200,8.0,synthetic
war_memorial,2026-07-31T03:15:00+00:00,87,1200,7.25,synthetic
war_memorial,2026-07-31T03:30:00+00:00,70,1200,5.8333,synthetic
war_memorial,2026-07-31T03:45:00+00:00,73,1200,6.0833,synthetic
mccomas,2026-07-31T04:00:00+00:00,17,600,2.8333,synthetic
mccomas,2026-07-31T04:15:00+00:00,2,600,0.3333,synthetic
mccomas,2026-07-31T04:30:00+00:00,25,600,4.1667,synthetic
mccomas,2026-07-31T04:45:00+00:00,37,600,6.1667,synthetic
mccomas,2026-07-31T05:00:00+00:00,27,600,4.5,synthetic
mccomas,2026-07-31T05:15:00+00:00,19,600,3.1667,synthetic
mccomas,2026-07-31T05:30:00+00:00,6,600,1.0,synthetic
mccomas,2026-07-31T05:45:00+00:00,11,600,1.8333,synthetic
mccomas,2026-07-31T06:00:00+00:00,30,600,5.0,synthetic
mccomas,2026-07-31T06:15:00+00:00,10,600,1.6667,synthetic
mccomas,2026-07-31T06:30:00+00:00,9,600,1.5,synthetic
mccomas,2026-07-31T06:45:00+00:00,9,600,1.5,synthetic
mccomas,2026-07-31T07:00:00+00:00,14,600,2.3333,synthetic
mccomas,2026-07-31T07:15:00+00:00,24,600,4.0,synthetic
mccomas,2026-07-31T07:30:00+00:00,40,600,6.6667,synthetic
mccomas,2026-07-31T07:45:00+00:00,30,600,5.0,synthetic
mccomas,2026-07-31T08:00:00+00:00,13,600,2.1667,synthetic
mccomas,2026-07-31T08:15:00+00:00,34,600,5.6667,synthetic
mccomas,2026-07-31T08:30:00+00:00,24,600,4.0,synthetic
mccomas,2026-07-31T08:45:00+00:00,30,600,5.0,synthetic
mccomas,2026-07-31T09:00:00+00:00,28,600,4.6667,synthetic
mccomas,2026-07-31T09:15:00+00:00,20,600,3.3333,synthetic
mccomas,2026-07-31T09:30:00+00:00,28,600,4.6667,synthetic
mccomas,2026-07-31T09:45:00+00:00,45,600,7.5,synthetic
mccomas,2026-07-31T10:00:00+00:00,70,600,11.6667,synthetic
mccomas,2026-07-31T10:15:00+00:00,55,600,9.1667,synthetic
mccomas,2026-07-31T10:30:00+00:00,88,600,14.6667,synthetic
mccomas,2026-07-31T10:45:00+00:00,118,600,19.6667,synthetic
mccomas,2026-07-31T11:00:00+00:00,146,600,24.3333,synthetic
mccomas,2026-07-31T11:15:00+00:00,164,600,27.3333,synthetic
mccomas,2026-07-31T11:30:00+00:00,181,600,30.1667,synthetic
mccomas,2026-07-31T11:45:00+00:00,163,600,27.1667,synthetic
mccomas,2026-07-31T12:00:00+00:00,131,600,21.8333,synthetic
mccomas,2026-07-31T12:15:00+00:00,138,600,23.0,synthetic
mccomas,2026-07-31T12:30:00+00:00,113,600,18.8333,synthetic
mccomas,2026-07-31T12:45:00+00:00,103,600,17.1667,synthetic
mccomas,2026-07-31T13:00:00+00:00,93,600,15.5,synthetic
mccomas,2026-07-31T13:15:00+00:00,70,600,11.6667,synthetic
mccomas,2026-07-31T13:30:00+00:00,53,600,8.8333,synthetic
mccomas,2026-07-31T13:45:00+00:00,39,600,6.5,synthetic
mccomas,2026-07-31T14:00:00+00:00,44,600,7.3333,synthetic
mccomas,2026-07-31T14:15:00+00:00,62,600,10.3333,synthetic
mccomas,2026-07-31T14:30:00+00:00,67,600,11.1667,synthetic
mccomas,2026-07-31T14:45:00+00:00,85,600,14.1667,synthetic
mccomas,2026-07-31T15:00:00+00:00,114,600,19.0,synthetic
mccomas,2026-07-31T15:15:00+00:00,146,600,24.3333,synthetic
mccomas,2026-07-31T15:30:00+00:00,160,600,26.6667,synthetic
mccomas,2026-07-31T15:45:00+00:00,173,600,28.8333,synthetic
mccomas,2026-07-31T16:00:00+00:00,183,600,30.5,synthetic
mccomas,2026-07-31T16:15:00+00:00,189,600,31.5,synthetic
mccomas,2026-07-31T16:30:00+00:00,190,600,31.6667,synthetic
mccomas,2026-07-31T16:45:00+00:00,189,600,31.5,synthetic
mccomas,2026-07-31T17:00:00+00:00,207,600,34.5,synthetic
mccomas,2026-07-31T17:15:00+00:00,209,600,34.8333,synthetic
mccomas,2026-07-31T17:30:00+00:00,200,600,33.3333,synthetic
mccomas,2026-07-31T17:45:00+00:00,195,600,32.5,synthetic
mccomas,2026-07-31T18:00:00+00:00,185,600,30.8333,synthetic
mccomas,2026-07-31T18:15:00+00:00,184,600,30.6667,synthetic
mccomas,2026-07-31T18:30:00+00:00,183,600,30.5,synthetic
mccomas,2026-07-31T18:45:00+00:00,193,600,32.1667,synthetic
mccomas,2026-07-31T19:00:00+00:00,195,600,32.5,synthetic
mccomas,2026-07-31T19:15:00+00:00,238,600,39.6667,synthetic
mccomas,2026-07-31T19:30:00+00:00,264,600,44.0,synthetic
mccomas,2026-07-31T19:45:00+00:00,282,600,47.0,synthetic
mccomas,2026-07-31T20:00:00+00:00,314,600,52.3333,synthetic
mccomas,2026-07-31T20:15:00+00:00,356,600,59.3333,synthetic
mccomas,2026-07-31T20:30:00+00:00,388,600,64.6667,synthetic
mccomas,2026-07-31T20:45:00+00:00,420,600,70.0,synthetic
mccomas,2026-07-31T21:00:00+00:00,438,600,73.0,synthetic
mccomas,2026-07-31T21:15:00+00:00,446,600,74.3333,synthetic
mccomas,2026-07-31T21:30:00+00:00,459,600,76.5,synthetic
mccomas,2026-07-31T21:45:00+00:00,435,600,72.5,synthetic
mccomas,2026-07-31T22:00:00+00:00,429,600,71.5,synthetic
mccomas,2026-07-31T22:15:00+00:00,393,600,65.5,synthetic
mccomas,2026-07-31T22:30:00+00:00,360,600,60.0,synthetic
mccomas,2026-07-31T22:45:00+00:00,356,600,59.3333,synthetic
mccomas,2026-07-31T23:00:00+00:00,319,600,53.1667,synthetic
mccomas,2026-07-31T23:15:00+00:00,263,600,43.8333,synthetic
mccomas,2026-07-31T23:30:00+00:00,213,600,35.5,synthetic
mccomas,2026-07-31T23:45:00+00:00,177,600,29.5,synthetic
mccomas,2026-08-01T00:00:00+00:00,143,600,23.8333,synthetic
mccomas,2026-08-01T00:15:00+00:00,142,600,23.6667,synthetic
mccomas,2026-08-01T00:30:00+00:00,117,600,19.5,synthetic
mccomas,2026-08-01T00:45:00+00:00,89,600,14.8333,synthetic
mccomas,2026-08-01T01:00:00+00:00,74,600,12.3333,synthetic
mccomas,2026-08-01T01:15:00+00:00,71,600,11.8333,synthetic
mccomas,2026-08-01T01:30:00+00:00,42,600,7.0,synthetic
mccomas,2026-08-01T01:45:00+00:00,43,600,7.1667,synthetic
mccomas,2026-08-01T02:00:00+00:00,51,600,8.5,synthetic
mccomas,2026-08-01T02:15:00+00:00,27,600,4.5,synthetic
mccomas,2026-08-01T02:30:00+00:00,23,600,3.8333,synthetic
mccomas,2026-08-01T02:45:00+00:00,22,600,3.6667,synthetic
mccomas,2026-08-01T03:00:00+00:00,0,600,0.0,synthetic
mccomas,2026-08-01T03:15:00+00:00,2,600,0.3333,synthetic
mccomas,2026-08-01T03:30:00+00:00,8,600,1.3333,synthetic
mccomas,2026-08-01T03:45:00+00:00,12,600,2.0,synthetic
war_memorial,2026-07-31T04:00:00+00:00,53,1200,4.4167,synthetic
war_memorial,2026-07-31T04:15:00+00:00,48,1200,4.0,synthetic
war_memorial,2026-07-31T04:30:00+00:00,56,1200,4.6667,synthetic
war_memorial,2026-07-31T04:45:00+00:00,44,1200,3.6667,synthetic
war_memorial,2026-07-31T05:00:00+00:00,29,1200,2.4167,synthetic
war_memorial,2026-07-31T05:15:00+00:00,16,1200,1.3333,synthetic
war_memorial,2026-07-31T05:30:00+00:00,24,1200,2.0,synthetic
war_memorial,2026-07-31T05:45:00+00:00,43,1200,3.5833,synthetic
war_memorial,2026-07-31T06:00:00+00:00,52,1200,4.3333,synthetic
war_memorial,2026-07-31T06:15:00+00:00,36,1200,3.0,synthetic
war_memorial,2026-07-31T06:30:00+00:00,24,1200,2.0,synthetic
war_memorial,2026-07-31T06:45:00+00:00,9,1200,0.75,synthetic
war_memorial,2026-07-31T07:00:00+00:00,45,1200,3.75,synthetic
war_memorial,2026-07-31T07:15:00+00:00,22,1200,1.8333,synthetic
war_memorial,2026-07-31T07:30:00+00:00,14,1200,1.1667,synthetic
war_memorial,2026-07-31T07:45:00+00:00,0,1200,0.0,synthetic
war_memorial,2026-07-31T08:00:00+00:00,0,1200,0.0,synthetic
war_memorial,2026-07-31T08:15:00+00:00,0,1200,0.0,synthetic
war_memorial,2026-07-31T08:30:00+00:00,0,1200,0.0,synthetic
war_memorial,2026-07-31T08:45:00+00:00,30,1200,2.5,synthetic
war_memorial,2026-07-31T09:00:00+00:00,5,1200,0.4167,synthetic
war_memorial,2026-07-31T09:15:00+00:00,42,1200,3.5,synthetic
war_memorial,2026-07-31T09:30:00+00:00,41,1200,3.4167,synthetic
war_memorial,2026-07-31T09:45:00+00:00,47,1200,3.9167,synthetic
war_memorial,2026-07-31T10:00:00+00:00,100,1200,8.3333,synthetic
war_memorial,2026-07-31T10:15:00+00:00,122,1200,10.1667,synthetic
war_memorial,2026-07-31T10:30:00+00:00,130,1200,10.8333,synthetic
war_memorial,2026-07-31T10:45:00+00:00,205,1200,17.0833,synthetic
war_memorial,2026-07-31T11:00:00+00:00,239,1200,19.9167,synthetic
war_memorial,2026-07-31T11:15:00+00:00,253,1200,21.0833,synthetic
war_memorial,2026-07-31T11:30:00+00:00,277,1200,23.0833,synthetic
war_memorial,2026-07-31T11:45:00+00:00,302,1200,25.1667,synthetic
war_memorial,2026-07-31T12:00:00+00:00,325,1200,27.0833,synthetic
war_memorial,2026-07-31T12:15:00+00:00,293,1200,24.4167,synthetic
war_memorial,2026-07-31T12:30:00+00:00,314,1200,26.1667,synthetic
war_memorial,2026-07-31T12:45:00+00:00,288,1200,24.0,synthetic
war_memorial,2026-07-31T13:00:00+00:00,227,1200,18.9167,synthetic
war_memorial,2026-07-31T13:15:00+00:00,208,1200,17.3333,synthetic
war_memorial,2026-07-31T13:30:00+00:00,168,1200,14.0,synthetic
war_memorial,2026-07-31T13:45:00+00:00,184,1200,15.3333,synthetic
war_memorial,2026-07-31T14:00:00+00:00,204,1200,17.0,synthetic
war_memorial,2026-07-31T14:15:00+00:00,164,1200,13.6667,synthetic
war_memorial,2026-07-31T14:30:00+00:00,194,1200,16.1667,synthetic
war_memorial,2026-07-31T14:45:00+00:00,241,1200,20.0833,synthetic
war_memorial,2026-07-31T15:00:00+00:00,249,1200,20.75,synthetic
war_memorial,2026-07-31T15:15:00+00:00,293,1200,24.4167,synthetic
war_memorial,2026-07-31T15:30:00+00:00,329,1200,27.4167,synthetic
war_memorial,2026-07-31T15:45:00+00:00,321,1200,26.75,synthetic
war_memorial,2026-07-31T16:00:00+00:00,372,1200,31.0,synthetic
war_memorial,2026-07-31T16:15:00+00:00,379,1200,31.5833,synthetic
war_memorial,2026-07-31T16:30:00+00:00,391,1200,32.5833,synthetic
war_memorial,2026-07-31T16:45:00+00:00,391,1200,32.5833,synthetic
war_memorial,2026-07-31T17:00:00+00:00,369,1200,30.75,synthetic
war_memorial,2026-07-31T17:15:00+00:00,392,1200,32.6667,synthetic
war_memorial,2026-07-31T17:30:00+00:00,342,1200,28.5,synthetic
war_memorial,2026-07-31T17:45:00+00:00,282,1200,23.5,synthetic
war_memorial,2026-07-31T18:00:00+00:00,246,1200,20.5,synthetic
war_memorial,2026-07-31T18:15:00+00:00,259,1200,21.5833,synthetic
war_memorial,2026-07-31T18:30:00+00:00,225,1200,18.75,synthetic
war_memorial,2026-07-31T18:45:00+00:00,212,1200,17.6667,synthetic
war_memorial,2026-07-31T19:00:00+00:00,256,1200,21.3333,synthetic
war_memorial,2026-07-31T19:15:00+00:00,226,1200,18.8333,synthetic
war_memorial,2026-07-31T19:30:00+00:00,286,1200,23.8333,synthetic
war_memorial,2026-07-31T19:45:00+00:00,329,1200,27.4167,synthetic
war_memorial,2026-07-31T20:00:00+00:00,369,1200,30.75,synthetic
war_memorial,2026-07-31T20:15:00+00:00,432,1200,36.0,synthetic
war_memorial,2026-07-31T20:30:00+00:00,463,1200,38.5833,synthetic
war_memorial,2026-07-31T20:45:00+00:00,526,1200,43.8333,synthetic
war_memorial,2026-07-31T21:00:00+00:00,579,1200,48.25,synthetic
war_memorial,2026-07-31T21:15:00+00:00,663,1200,55.25,synthetic
war_memorial,2026-07-31T21:30:00+00:00,689,1200,57.4167,synthetic
war_memorial,2026-07-31T21:45:00+00:00,750,1200,62.5,synthetic
war_memorial,2026-07-31T22:00:00+00:00,809,1200,67.4167,synthetic
war_memorial,2026-07-31T22:15:00+00:00,846,1200,70.5,synthetic
war_memorial,2026-07-31T22:30:00+00:00,867,1200,72.25,synthetic
war_memorial,2026-07-31T22:45:00+00:00,831,1200,69.25,synthetic
war_memorial,2026-07-31T23:00:00+00:00,806,1200,67.1667,synthetic
war_memorial,2026-07-31T23:15:00+00:00,734,1200,61.1667,synthetic
war_memorial,2026-07-31T23:30:00+00:00,693,1200,57.75,synthetic
war_memorial,2026-07-31T23:45:00+00:00,614,1200,51.1667,synthetic
war_memorial,2026-08-01T00:00:00+00:00,561,1200,46.75,synthetic
war_memorial,2026-08-01T00:15:00+00:00,511,1200,42.5833,synthetic
war_memorial,2026-08-01T00:30:00+00:00,407,1200,33.9167,synthetic
war_memorial,2026-08-01T00:45:00+00:00,349,1200,29.0833,synthetic
war_memorial,2026-08-01T01:00:00+00:00,275,1200,22.9167,synthetic
war_memorial,2026-08-01T01:15:00+00:00,246,1200,20.5,synthetic
war_memorial,2026-08-01T01:30:00+00:00,201,1200,16.75,synthetic
war_memorial,2026-08-01T01:45:00+00:00,151,1200,12.5833,synthetic
war_memorial,2026-08-01T02:00:00+00:00,95,1200,7.9167,synthetic
war_memorial,2026-08-01T02:15:00+00:00,91,1200,7.5833,synthetic
war_memorial,2026-08-01T02:30:00+00:00,89,1200,7.4167,synthetic
war_memorial,2026-08-01T02:45:00+00:00,77,1200,6.4167,synthetic
war_memorial,2026-08-01T03:00:00+00:00,59,1200,4.9167,synthetic
war_memorial,2026-08-01T03:15:00+00:00,26,1200,2.1667,synthetic
war_memorial,2026-08-01T03:30:00+00:00,28,1200,2.3333,synthetic
war_memorial,2026-08-01T03:45:00+00:00,26,1200,2.1667,synthetic
mccomas,2026-08-01T04:00:00+00:00,0,600,0.0,synthetic
mccomas,2026-08-01T04:15:00+00:00,6,600,1.0,synthetic
mccomas,2026-08-01T04:30:00+00:00,16,600,2.6667,synthetic
mccomas,2026-08-01T04:45:00+00:00,20,600,3.3333,synthetic
mccomas,2026-08-01T05:00:00+00:00,8,600,1.3333,synthetic
mccomas,2026-08-01T05:15:00+00:00,0,600,0.0,synthetic
mccomas,2026-08-01T05:30:00+00:00,12,600,2.0,synthetic
mccomas,2026-08-01T05:45:00+00:00,9,600,1.5,synthetic
mccomas,2026-08-01T06:00:00+00:00,19,600,3.1667,synthetic
mccomas,2026-08-01T06:15:00+00:00,18,600,3.0,synthetic
mccomas,2026-08-01T06:30:00+00:00,16,600,2.6667,synthetic
mccomas,2026-08-01T06:45:00+00:00,0,600,0.0,synthetic
mccomas,2026-08-01T07:00:00+00:00,0,600,0.0,synthetic
mccomas,2026-08-01T07:15:00+00:00,13,600,2.1667,synthetic
mccomas,2026-08-01T07:30:00+00:00,18,600,3.0,synthetic
mccomas,2026-08-01T07:45:00+00:00,6,600,1.0,synthetic
mccomas,2026-08-01T08:00:00+00:00,11,600,1.8333,synthetic
mccomas,2026-08-01T08:15:00+00:00,4,600,0.6667,synthetic
mccomas,2026-08-01T08:30:00+00:00,27,600,4.5,synthetic
mccomas,2026-08-01T08:45:00+00:00,26,600,4.3333,synthetic
mccomas,2026-08-01T09:00:00+00:00,12,600,2.0,synthetic
mccomas,2026-08-01T09:15:00+00:00,14,600,2.3333,synthetic
mccomas,2026-08-01T09:30:00+00:00,4,600,0.6667,synthetic
mccomas,2026-08-01T09:45:00+00:00,0,600,0.0,synthetic
mccomas,2026-08-01T10:00:00+00:00,0,600,0.0,synthetic
mccomas,2026-08-01T10:15:00+00:00,0,600,0.0,synthetic
mccomas,2026-08-01T10:30:00+00:00,0,600,0.0,synthetic
mccomas,2026-08-01T10:45:00+00:00,0,600,0.0,synthetic
mccomas,2026-08-01T11:00:00+00:00,0,600,0.0,synthetic
mccomas,2026-08-01T11:15:00+00:00,0,600,0.0,synthetic
mccomas,2026-08-01T11:30:00+00:00,6,600,1.0,synthetic
mccomas,2026-08-01T11:45:00+00:00,23,600,3.8333,synthetic
mccomas,2026-08-01T12:00:00+00:00,34,600,5.6667,synthetic
mccomas,2026-08-01T12:15:00+00:00,55,600,9.1667,synthetic
mccomas,2026-08-01T12:30:00+00:00,63,600,10.5,synthetic
mccomas,2026-08-01T12:45:00+00:00,86,600,14.3333,synthetic
mccomas,2026-08-01T13:00:00+00:00,93,600,15.5,synthetic
mccomas,2026-08-01T13:15:00+00:00,107,600,17.8333,synthetic
mccomas,2026-08-01T13:30:00+00:00,110,600,18.3333,synthetic
mccomas,2026-08-01T13:45:00+00:00,132,600,22.0,synthetic
mccomas,2026-08-01T14:00:00+00:00,165,600,27.5,synthetic
mccomas,2026-08-01T14:15:00+00:00,182,600,30.3333,synthetic
mccomas,2026-08-01T14:30:00+00:00,229,600,38.1667,synthetic
mccomas,2026-08-01T14:45:00+00:00,236,600,39.3333,synthetic
mccomas,2026-08-01T15:00:00+00:00,254,600,42.3333,synthetic
mccomas,2026-08-01T15:15:00+00:00,255,600,42.5,synthetic
mccomas,2026-08-01T15:30:00+00:00,247,600,41.1667,synthetic
mccomas,2026-08-01T15:45:00+00:00,259,600,43.1667,synthetic
mccomas,2026-08-01T16:00:00+00:00,243,600,40.5,synthetic
mccomas,2026-08-01T16:15:00+00:00,234,600,39.0,synthetic
mccomas,2026-08-01T16:30:00+00:00,225,600,37.5,synthetic
mccomas,2026-08-01T16:45:00+00:00,232,600,38.6667,synthetic
mccomas,2026-08-01T17:00:00+00:00,178,600,29.6667,synthetic
mccomas,2026-08-01T17:15:00+00:00,165,600,27.5,synthetic
mccomas,2026-08-01T17:30:00+00:00,163,600,27.1667,synthetic
mccomas,2026-08-01T17:45:00+00:00,169,600,28.1667,synthetic
mccomas,2026-08-01T18:00:00+00:00,173,600,28.8333,synthetic
mccomas,2026-08-01T18:15:00+00:00,193,600,32.1667,synthetic
mccomas,2026-08-01T18:30:00+00:00,203,600,33.8333,synthetic
mccomas,2026-08-01T18:45:00+00:00,208,600,34.6667,synthetic
mccomas,2026-08-01T19:00:00+00:00,225,600,37.5,synthetic
mccomas,2026-08-01T19:15:00+00:00,257,600,42.8333,synthetic
mccomas,2026-08-01T19:30:00+00:00,267,600,44.5,synthetic
mccomas,2026-08-01T19:45:00+00:00,302,600,50.3333,synthetic
mccomas,2026-08-01T20:00:00+00:00,316,600,52.6667,synthetic
mccomas,2026-08-01T20:15:00+00:00,340,600,56.6667,synthetic
mccomas,2026-08-01T20:30:00+00:00,336,600,56.0,synthetic
mccomas,2026-08-01T20:45:00+00:00,324,600,54.0,synthetic
mccomas,2026-08-01T21:00:00+00:00,319,600,53.1667,synthetic
mccomas,2026-08-01T21:15:00+00:00,299,600,49.8333,synthetic
mccomas,2026-08-01T21:30:00+00:00,278,600,46.3333,synthetic
mccomas,2026-08-01T21:45:00+00:00,254,600,42.3333,synthetic
mccomas,2026-08-01T22:00:00+00:00,211,600,35.1667,synthetic
mccomas,2026-08-01T22:15:00+00:00,205,600,34.1667,synthetic
mccomas,2026-08-01T22:30:00+00:00,177,600,29.5,synthetic
mccomas,2026-08-01T22:45:00+00:00,133,600,22.1667,synthetic
mccomas,2026-08-01T23:00:00+00:00,89,600,14.8333,synthetic
mccomas,2026-08-01T23:15:00+00:00,81,600,13.5,synthetic
mccomas,2026-08-01T23:30:00+00:00,57,600,9.5,synthetic
mccomas,2026-08-01T23:45:00+00:00,44,600,7.3333,synthetic
mccomas,2026-08-02T00:00:00+00:00,51,600,8.5,synthetic
mccomas,2026-08-02T00:15:00+00:00,47,600,7.8333,synthetic
mccomas,2026-08-02T00:30:00+00:00,13,600,2.1667,synthetic
mccomas,2026-08-02T00:45:00+00:00,32,600,5.3333,synthetic
mccomas,2026-08-02T01:00:00+00:00,20,600,3.3333,synthetic
mccomas,2026-08-02T01:15:00+00:00,16,600,2.6667,synthetic
mccomas,2026-08-02T01:30:00+00:00,16,600,2.6667,synthetic
mccomas,2026-08-02T01:45:00+00:00,18,600,3.0,synthetic
mccomas,2026-08-02T02:00:00+00:00,25,600,4.1667,synthetic
mccomas,2026-08-02T02:15:00+00:00,8,600,1.3333,synthetic
mccomas,2026-08-02T02:30:00+00:00,6,600,1.0,synthetic
mccomas,2026-08-02T02:45:00+00:00,16,600,2.6667,synthetic
mccomas,2026-08-02T03:00:00+00:00,0,600,0.0,synthetic
mccomas,2026-08-02T03:15:00+00:00,8,600,1.3333,synthetic
mccomas,2026-08-02T03:30:00+00:00,0,600,0.0,synthetic
mccomas,2026-08-02T03:45:00+00:00,12,600,2.0,synthetic
war_memorial,2026-08-01T04:00:00+00:00,47,1200,3.9167,synthetic
war_memorial,2026-08-01T04:15:00+00:00,59,1200,4.9167,synthetic
war_memorial,2026-08-01T04:30:00+00:00,61,1200,5.0833,synthetic
war_memorial,2026-08-01T04:45:00+00:00,58,1200,4.8333,synthetic
war_memorial,2026-08-01T05:00:00+00:00,54,1200,4.5,synthetic
war_memorial,2026-08-01T05:15:00+00:00,45,1200,3.75,synthetic
war_memorial,2026-08-01T05:30:00+00:00,73,1200,6.0833,synthetic
war_memorial,2026-08-01T05:45:00+00:00,99,1200,8.25,synthetic
war_memorial,2026-08-01T06:00:00+00:00,106,1200,8.8333,synthetic
war_memorial,2026-08-01T06:15:00+00:00,81,1200,6.75,synthetic
war_memorial,2026-08-01T06:30:00+00:00,82,1200,6.8333,synthetic
war_memorial,2026-08-01T06:45:00+00:00,50,1200,4.1667,synthetic
war_memorial,2026-08-01T07:00:00+00:00,39,1200,3.25,synthetic
war_memorial,2026-08-01T07:15:00+00:00,65,1200,5.4167,synthetic
war_memorial,2026-08-01T07:30:00+00:00,61,1200,5.0833,synthetic
war_memorial,2026-08-01T07:45:00+00:00,57,1200,4.75,synthetic
war_memorial,2026-08-01T08:00:00+00:00,80,1200,6.6667,synthetic
war_memorial,2026-08-01T08:15:00+00:00,75,1200,6.25,synthetic
war_memorial,2026-08-01T08:30:00+00:00,59,1200,4.9167,synthetic
war_memorial,2026-08-01T08:45:00+00:00,84,1200,7.0,synthetic
war_memorial,2026-08-01T09:00:00+00:00,89,1200,7.4167,synthetic
war_memorial,2026-08-01T09:15:00+00:00,123,1200,10.25,synthetic
war_memorial,2026-08-01T09:30:00+00:00,103,1200,8.5833,synthetic
war_memorial,2026-08-01T09:45:00+00:00,118,1200,9.8333,synthetic
war_memorial,2026-08-01T10:00:00+00:00,110,1200,9.1667,synthetic
war_memorial,2026-08-01T10:15:00+00:00,76,1200,6.3333,synthetic
war_memorial,2026-08-01T10:30:00+00:00,70,1200,5.8333,synthetic
war_memorial,2026-08-01T10:45:00+00:00,70,1200,5.8333,synthetic
war_memorial,2026-08-01T11:00:00+00:00,55,1200,4.5833,synthetic
war_memorial,2026-08-01T11:15:00+00:00,48,1200,4.0,synthetic
war_memorial,2026-08-01T11:30:00+00:00,69,1200,5.75,synthetic
war_memorial,2026-08-01T11:45:00+00:00,65,1200,5.4167,synthetic
war_memorial,2026-08-01T12:00:00+00:00,103,1200,8.5833,synthetic
war_memorial,2026-08-01T12:15:00+00:00,89,1200,7.4167,synthetic
war_memorial,2026-08-01T12:30:00+00:00,97,1200,8.0833,synthetic
war_memorial,2026-08-01T12:45:00+00:00,103,1200,8.5833,synthetic
war_memorial,2026-08-01T13:00:00+00:00,127,1200,10.5833,synthetic
war_memorial,2026-08-01T13:15:00+00:00,148,1200,12.3333,synthetic
war_memorial,2026-08-01T13:30:00+00:00,199,1200,16.5833,synthetic
war_memorial,2026-08-01T13:45:00+00:00,238,1200,19.8333,synthetic
war_memorial,2026-08-01T14:00:00+00:00,255,1200,21.25,synthetic
war_memorial,2026-08-01T14:15:00+00:00,319,1200,26.5833,synthetic
war_memorial,2026-08-01T14:30:00+00:00,335,1200,27.9167,synthetic
war_memorial,2026-08-01T14:45:00+00:00,370,1200,30.8333,synthetic
war_memorial,2026-08-01T15:00:00+00:00,405,1200,33.75,synthetic
war_memorial,2026-08-01T15:15:00+00:00,499,1200,41.5833,synthetic
war_memorial,2026-08-01T15:30:00+00:00,530,1200,44.1667,synthetic
war_memorial,2026-08-01T15:45:00+00:00,591,1200,49.25,synthetic
war_memorial,2026-08-01T16:00:00+00:00,692,1200,57.6667,synthetic
war_memorial,2026-08-01T16:15:00+00:00,698,1200,58.1667,synthetic
war_memorial,2026-08-01T16:30:00+00:00,746,1200,62.1667,synthetic
war_memorial,2026-08-01T16:45:00+00:00,784,1200,65.3333,synthetic
war_memorial,2026-08-01T17:00:00+00:00,809,1200,67.4167,synthetic
war_memorial,2026-08-01T17:15:00+00:00,844,1200,70.3333,synthetic
war_memorial,2026-08-01T17:30:00+00:00,781,1200,65.0833,synthetic
war_memorial,2026-08-01T17:45:00+00:00,821,1200,68.4167,synthetic
war_memorial,2026-08-01T18:00:00+00:00,846,1200,70.5,synthetic
war_memorial,2026-08-01T18:15:00+00:00,839,1200,69.9167,synthetic
war_memorial,2026-08-01T18:30:00+00:00,826,1200,68.8333,synthetic
war_memorial,2026-08-01T18:45:00+00:00,842,1200,70.1667,synthetic
war_memorial,2026-08-01T19:00:00+00:00,833,1200,69.4167,synthetic
war_memorial,2026-08-01T19:15:00+00:00,839,1200,69.9167,synthetic
war_memorial,2026-08-01T19:30:00+00:00,810,1200,67.5,synthetic
war_memorial,2026-08-01T19:45:00+00:00,725,1200,60.4167,synthetic
war_memorial,2026-08-01T20:00:00+00:00,655,1200,54.5833,synthetic
war_memorial,2026-08-01T20:15:00+00:00,626,1200,52.1667,synthetic
war_memorial,2026-08-01T20:30:00+00:00,571,1200,47.5833,synthetic
war_memorial,2026-08-01T20:45:00+00:00,510,1200,42.5,synthetic
war_memorial,2026-08-01T21:00:00+00:00,473,1200,39.4167,synthetic
war_memorial,2026-08-01T21:15:00+00:00,399,1200,33.25,synthetic
war_memorial,2026-08-01T21:30:00+00:00,333,1200,27.75,synthetic
war_memorial,2026-08-01T21:45:00+00:00,297,1200,24.75,synthetic
war_memorial,2026-08-01T22:00:00+00:00,255,1200,21.25,synthetic
war_memorial,2026-08-01T22:15:00+00:00,205,1200,17.0833,synthetic
war_memorial,2026-08-01T22:30:00+00:00,177,1200,14.75,synthetic
war_memorial,2026-08-01T22:45:00+00:00,166,1200,13.8333,synthetic
war_memorial,2026-08-01T23:00:00+00:00,156,1200,13.0,synthetic
war_memorial,2026-08-01T23:15:00+00:00,155,1200,12.9167,synthetic
war_memorial,2026-08-01T23:30:00+00:00,139,1200,11.5833,synthetic
war_memorial,2026-08-01T23:45:00+00:00,117,1200,9.75,synthetic
war_memorial,2026-08-02T00:00:00+00:00,103,1200,8.5833,synthetic
war_memorial,2026-08-02T00:15:00+00:00,82,1200,6.8333,synthetic
war_memorial,2026-08-02T00:30:00+00:00,85,1200,7.0833,synthetic
war_memorial,2026-08-02T00:45:00+00:00,117,1200,9.75,synthetic
war_memorial,2026-08-02T01:00:00+00:00,93,1200,7.75,synthetic
war_memorial,2026-08-02T01:15:00+00:00,115,1200,9.5833,synthetic
war_memorial,2026-08-02T01:30:00+00:00,71,1200,5.9167,synthetic
war_memorial,2026-08-02T01:45:00+00:00,56,1200,4.6667,synthetic
war_memorial,2026-08-02T02:00:00+00:00,74,1200,6.1667,synthetic
war_memorial,2026-08-02T02:15:00+00:00,50,1200,4.1667,synthetic
war_memorial,2026-08-02T02:30:00+00:00,45,1200,3.75,synthetic
war_memorial,2026-08-02T02:45:00+00:00,54,1200,4.5,synthetic
war_memorial,2026-08-02T03:00:00+00:00,23,1200,1.9167,synthetic
war_memorial,2026-08-02T03:15:00+00:00,40,1200,3.3333,synthetic
war_memorial,2026-08-02T03:30:00+00:00,28,1200,2.3333,synthetic
war_memorial,2026-08-02T03:45:00+00:00,60,1200,5.0,synthetic
mccomas,2026-08-02T04:00:00+00:00,35,600,5.8333,synthetic
mccomas,2026-08-02T04:15:00+00:00,50,600,8.3333,synthetic
mccomas,2026-08-02T04:30:00+00:00,56,600,9.3333,synthetic
mccomas,2026-08-02T04:45:00+00:00,39,600,6.5,synthetic
mccomas,2026-08-02T05:00:00+00:00,17,600,2.8333,synthetic
mccomas,2026-08-02T05:15:00+00:00,17,600,2.8333,synthetic
mccomas,2026-08-02T05:30:00+00:00,32,600,5.3333,synthetic
mccomas,2026-08-02T05:45:00+00:00,32,600,5.3333,synthetic
mccomas,2026-08-02T06:00:00+00:00,41,600,6.8333,synthetic
mccomas,2026-08-02T06:15:00+00:00,40,600,6.6667,synthetic
mccomas,2026-08-02T06:30:00+00:00,48,600,8.0,synthetic
mccomas,2026-08-02T06:45:00+00:00,44,600,7.3333,synthetic
mccomas,2026-08-02T07:00:00+00:00,38,600,6.3333,synthetic
mccomas,2026-08-02T07:15:00+00:00,50,600,8.3333,synthetic
mccomas,2026-08-02T07:30:00+00:00,59,600,9.8333,synthetic
mccomas,2026-08-02T07:45:00+00:00,62,600,10.3333,synthetic
mccomas,2026-08-02T08:00:00+00:00,51,600,8.5,synthetic
mccomas,2026-08-02T08:15:00+00:00,54,600,9.0,synthetic
mccomas,2026-08-02T08:30:00+00:00,69,600,11.5,synthetic
mccomas,2026-08-02T08:45:00+00:00,63,600,10.5,synthetic
mccomas,2026-08-02T09:00:00+00:00,47,600,7.8333,synthetic
mccomas,2026-08-02T09:15:00+00:00,44,600,7.3333,synthetic
mccomas,2026-08-02T09:30:00+00:00,46,600,7.6667,synthetic
mccomas,2026-08-02T09:45:00+00:00,41,600,6.8333,synthetic
mccomas,2026-08-02T10:00:00+00:00,24,600,4.0,synthetic
mccomas,2026-08-02T10:15:00+00:00,24,600,4.0,synthetic
mccomas,2026-08-02T10:30:00+00:00,19,600,3.1667,synthetic
mccomas,2026-08-02T10:45:00+00:00,43,600,7.1667,synthetic
mccomas,2026-08-02T11:00:00+00:00,57,600,9.5,synthetic
mccomas,2026-08-02T11:15:00+00:00,74,600,12.3333,synthetic
mccomas,2026-08-02T11:30:00+00:00,69,600,11.5,synthetic
mccomas,2026-08-02T11:45:00+00:00,84,600,14.0,synthetic
mccomas,2026-08-02T12:00:00+00:00,79,600,13.1667,synthetic
mccomas,2026-08-02T12:15:00+00:00,84,600,14.0,synthetic
mccomas,2026-08-02T12:30:00+00:00,80,600,13.3333,synthetic
mccomas,2026-08-02T12:45:00+00:00,95,600,15.8333,synthetic
mccomas,2026-08-02T13:00:00+00:00,127,600,21.1667,synthetic
mccomas,2026-08-02T13:15:00+00:00,150,600,25.0,synthetic
mccomas,2026-08-02T13:30:00+00:00,172,600,28.6667,synthetic
mccomas,2026-08-02T13:45:00+00:00,198,600,33.0,synthetic
mccomas,2026-08-02T14:00:00+00:00,213,600,35.5,synthetic
mccomas,2026-08-02T14:15:00+00:00,239,600,39.8333,synthetic
mccomas,2026-08-02T14:30:00+00:00,257,600,42.8333,synthetic
mccomas,2026-08-02T14:45:00+00:00,278,600,46.3333,synthetic
mccomas,2026-08-02T15:00:00+00:00,290,600,48.3333,synthetic
mccomas,2026-08-02T15:15:00+00:00,307,600,51.1667,synthetic
mccomas,2026-08-02T15:30:00+00:00,310,600,51.6667,synthetic
mccomas,2026-08-02T15:45:00+00:00,293,600,48.8333,synthetic
mccomas,2026-08-02T16:00:00+00:00,290,600,48.3333,synthetic
mccomas,2026-08-02T16:15:00+00:00,283,600,47.1667,synthetic
mccomas,2026-08-02T16:30:00+00:00,270,600,45.0,synthetic
mccomas,2026-08-02T16:45:00+00:00,245,600,40.8333,synthetic
mccomas,2026-08-02T17:00:00+00:00,258,600,43.0,synthetic
mccomas,2026-08-02T17:15:00+00:00,232,600,38.6667,synthetic
mccomas,2026-08-02T17:30:00+00:00,235,600,39.1667,synthetic
mccomas,2026-08-02T17:45:00+00:00,221,600,36.8333,synthetic
mccomas,2026-08-02T18:00:00+00:00,225,600,37.5,synthetic
mccomas,2026-08-02T18:15:00+00:00,241,600,40.1667,synthetic
mccomas,2026-08-02T18:30:00+00:00,241,600,40.1667,synthetic
mccomas,2026-08-02T18:45:00+00:00,257,600,42.8333,synthetic
mccomas,2026-08-02T19:00:00+00:00,286,600,47.6667,synthetic
mccomas,2026-08-02T19:15:00+00:00,299,600,49.8333,synthetic
mccomas,2026-08-02T19:30:00+00:00,317,600,52.8333,synthetic
mccomas,2026-08-02T19:45:00+00:00,352,600,58.6667,synthetic
mccomas,2026-08-02T20:00:00+00:00,336,600,56.0,synthetic
mccomas,2026-08-02T20:15:00+00:00,356,600,59.3333,synthetic
mccomas,2026-08-02T20:30:00+00:00,358,600,59.6667,synthetic
mccomas,2026-08-02T20:45:00+00:00,362,600,60.3333,synthetic
mccomas,2026-08-02T21:00:00+00:00,341,600,56.8333,synthetic
mccomas,2026-08-02T21:15:00+00:00,331,600,55.1667,synthetic
mccomas,2026-08-02T21:30:00+00:00,328,600,54.6667,synthetic
mccomas,2026-08-02T21:45:00+00:00,287,600,47.8333,synthetic
mccomas,2026-08-02T22:00:00+00:00,251,600,41.8333,synthetic
mccomas,2026-08-02T22:15:00+00:00,225,600,37.5,synthetic
mccomas,2026-08-02T22:30:00+00:00,212,600,35.3333,synthetic
mccomas,2026-08-02T22:45:00+00:00,179,600,29.8333,synthetic
mccomas,2026-08-02T23:00:00+00:00,155,600,25.8333,synthetic
mccomas,2026-08-02T23:15:00+00:00,122,600,20.3333,synthetic
mccomas,2026-08-02T23:30:00+00:00,107,600,17.8333,synthetic
mccomas,2026-08-02T23:45:00+00:00,104,600,17.3333,synthetic
mccomas,2026-08-03T00:00:00+00:00,96,600,16.0,synthetic
mccomas,2026-08-03T00:15:00+00:00,72,600,12.0,synthetic
mccomas,2026-08-03T00:30:00+00:00,80,600,13.3333,synthetic
mccomas,2026-08-03T00:45:00+00:00,60,600,10.0,synthetic
mccomas,2026-08-03T01:00:00+00:00,59,600,9.8333,synthetic
mccomas,2026-08-03T01:15:00+00:00,60,600,10.0,synthetic
mccomas,2026-08-03T01:30:00+00:00,53,600,8.8333,synthetic
mccomas,2026-08-03T01:45:00+00:00,36,600,6.0,synthetic
mccomas,2026-08-03T02:00:00+00:00,52,600,8.6667,synthetic
mccomas,2026-08-03T02:15:00+00:00,52,600,8.6667,synthetic
mccomas,2026-08-03T02:30:00+00:00,47,600,7.8333,synthetic
mccomas,2026-08-03T02:45:00+00:00,35,600,5.8333,synthetic
mccomas,2026-08-03T03:00:00+00:00,37,600,6.1667,synthetic
mccomas,2026-08-03T03:15:00+00:00,39,600,6.5,synthetic
mccomas,2026-08-03T03:30:00+00:00,33,600,5.5,synthetic
mccomas,2026-08-03T03:45:00+00:00,32,600,5.3333,synthetic
war_memorial,2026-08-02T04:00:00+00:00,72,1200,6.0,synthetic
war_memorial,2026-08-02T04:15:00+00:00,100,1200,8.3333,synthetic
war_memorial,2026-08-02T04:30:00+00:00,93,1200,7.75,synthetic
war_memorial,2026-08-02T04:45:00+00:00,139,1200,11.5833,synthetic
war_memorial,2026-08-02T05:00:00+00:00,135,1200,11.25,synthetic
war_memorial,2026-08-02T05:15:00+00:00,124,1200,10.3333,synthetic
war_memorial,2026-08-02T05:30:00+00:00,111,1200,9.25,synthetic
war_memorial,2026-08-02T05:45:00+00:00,135,1200,11.25,synthetic
war_memorial,2026-08-02T06:00:00+00:00,119,1200,9.9167,synthetic
war_memorial,2026-08-02T06:15:00+00:00,76,1200,6.3333,synthetic
war_memorial,2026-08-02T06:30:00+00:00,81,1200,6.75,synthetic
war_memorial,2026-08-02T06:45:00+00:00,70,1200,5.8333,synthetic
war_memorial,2026-08-02T07:00:00+00:00,86,1200,7.1667,synthetic
war_memorial,2026-08-02T07:15:00+00:00,116,1200,9.6667,synthetic
war_memorial,2026-08-02T07:30:00+00:00,69,1200,5.75,synthetic
war_memorial,2026-08-02T07:45:00+00:00,126,1200,10.5,synthetic
war_memorial,2026-08-02T08:00:00+00:00,148,1200,12.3333,synthetic
war_memorial,2026-08-02T08:15:00+00:00,142,1200,11.8333,synthetic
war_memorial,2026-08-02T08:30:00+00:00,155,1200,12.9167,synthetic
war_memorial,2026-08-02T08:45:00+00:00,132,1200,11.0,synthetic
war_memorial,2026-08-02T09:00:00+00:00,97,1200,8.0833,synthetic
war_memorial,2026-08-02T09:15:00+00:00,155,1200,12.9167,synthetic
war_memorial,2026-08-02T09:30:00+00:00,141,1200,11.75,synthetic
war_memorial,2026-08-02T09:45:00+00:00,110,1200,9.1667,synthetic
war_memorial,2026-08-02T10:00:00+00:00,86,1200,7.1667,synthetic
war_memorial,2026-08-02T10:15:00+00:00,60,1200,5.0,synthetic
war_memorial,2026-08-02T10:30:00+00:00,71,1200,5.9167,synthetic
war_memorial,2026-08-02T10:45:00+00:00,71,1200,5.9167,synthetic
war_memorial,2026-08-02T11:00:00+00:00,74,1200,6.1667,synthetic
war_memorial,2026-08-02T11:15:00+00:00,86,1200,7.1667,synthetic
war_memorial,2026-08-02T11:30:00+00:00,107,1200,8.9167,synthetic
war_memorial,2026-08-02T11:45:00+00:00,104,1200,8.6667,synthetic
war_memorial,2026-08-02T12:00:00+00:00,110,1200,9.1667,synthetic
war_memorial,2026-08-02T12:15:00+00:00,93,1200,7.75,synthetic
war_memorial,2026-08-02T12:30:00+00:00,92,1200,7.6667,synthetic
war_memorial,2026-08-02T12:45:00+00:00,132,1200,11.0,synthetic
war_memorial,2026-08-02T13:00:00+00:00,149,1200,12.4167,synthetic
war_memorial,2026-08-02T13:15:00+00:00,199,1200,16.5833,synthetic
war_memorial,2026-08-02T13:30:00+00:00,253,1200,21.0833,synthetic
war_memorial,2026-08-02T13:45:00+00:00,276,1200,23.0,synthetic
war_memorial,2026-08-02T14:00:00+00:00,320,1200,26.6667,synthetic
war_memorial,2026-08-02T14:15:00+00:00,378,1200,31.5,synthetic
war_memorial,2026-08-02T14:30:00+00:00,433,1200,36.0833,synthetic
war_memorial,2026-08-02T14:45:00+00:00,434,1200,36.1667,synthetic
war_memorial,2026-08-02T15:00:00+00:00,528,1200,44.0,synthetic
war_memorial,2026-08-02T15:15:00+00:00,577,1200,48.0833,synthetic
war_memorial,2026-08-02T15:30:00+00:00,644,1200,53.6667,synthetic
war_memorial,2026-08-02T15:45:00+00:00,653,1200,54.4167,synthetic
war_memorial,2026-08-02T16:00:00+00:00,726,1200,60.5,synthetic
war_memorial,2026-08-02T16:15:00+00:00,794,1200,66.1667,synthetic
war_memorial,2026-08-02T16:30:00+00:00,815,1200,67.9167,synthetic
war_memorial,2026-08-02T16:45:00+00:00,833,1200,69.4167,synthetic
war_memorial,2026-08-02T17:00:00+00:00,862,1200,71.8333,synthetic
war_memorial,2026-08-02T17:15:00+00:00,909,1200,75.75,synthetic
war_memorial,2026-08-02T17:30:00+00:00,896,1200,74.6667,synthetic
war_memorial,2026-08-02T17:45:00+00:00,906,1200,75.5,synthetic
war_memorial,2026-08-02T18:00:00+00:00,890,1200,74.1667,synthetic
war_memorial,2026-08-02T18:15:00+00:00,888,1200,74.0,synthetic
war_memorial,2026-08-02T18:30:00+00:00,892,1200,74.3333,synthetic
war_memorial,2026-08-02T18:45:00+00:00,915,1200,76.25,synthetic
war_memorial,2026-08-02T19:00:00+00:00,894,1200,74.5,synthetic
war_memorial,2026-08-02T19:15:00+00:00,890,1200,74.1667,synthetic
war_memorial,2026-08-02T19:30:00+00:00,903,1200,75.25,synthetic
war_memorial,2026-08-02T19:45:00+00:00,872,1200,72.6667,synthetic
war_memorial,2026-08-02T20:00:00+00:00,855,1200,71.25,synthetic
war_memorial,2026-08-02T20:15:00+00:00,782,1200,65.1667,synthetic
war_memorial,2026-08-02T20:30:00+00:00,739,1200,61.5833,synthetic
war_memorial,2026-08-02T20:45:00+00:00,696,1200,58.0,synthetic
war_memorial,2026-08-02T21:00:00+00:00,600,1200,50.0,synthetic
war_memorial,2026-08-02T21:15:00+00:00,548,1200,45.6667,synthetic
war_memorial,2026-08-02T21:30:00+00:00,452,1200,37.6667,synthetic
war_memorial,2026-08-02T21:45:00+00:00,379,1200,31.5833,synthetic
war_memorial,2026-08-02T22:00:00+00:00,342,1200,28.5,synthetic
war_memorial,2026-08-02T22:15:00+00:00,265,1200,22.0833,synthetic
war_memorial,2026-08-02T22:30:00+00:00,268,1200,22.3333,synthetic
war_memorial,2026-08-02T22:45:00+00:00,208,1200,17.3333,synthetic
war_memorial,2026-08-02T23:00:00+00:00,211,1200,17.5833,synthetic
war_memorial,2026-08-02T23:15:00+00:00,235,1200,19.5833,synthetic
war_memorial,2026-08-02T23:30:00+00:00,226,1200,18.8333,synthetic
war_memorial,2026-08-02T23:45:00+00:00,185,1200,15.4167,synthetic
war_memorial,2026-08-03T00:00:00+00:00,175,1200,14.5833,synthetic
war_memorial,2026-08-03T00:15:00+00:00,195,1200,16.25,synthetic
war_memorial,2026-08-03T00:30:00+00:00,192,1200,16.0,synthetic
war_memorial,2026-08-03T00:45:00+00:00,167,1200,13.9167,synthetic
war_memorial,2026-08-03T01:00:00+00:00,130,1200,10.8333,synthetic
war_memorial,2026-08-03T01:15:00+00:00,116,1200,9.6667,synthetic
war_memorial,2026-08-03T01:30:00+00:00,139,1200,11.5833,synthetic
war_memorial,2026-08-03T01:45:00+00:00,108,1200,9.0,synthetic
war_memorial,2026-08-03T02:00:00+00:00,89,1200,7.4167,synthetic
war_memorial,2026-08-03T02:15:00+00:00,118,1200,9.8333,synthetic
war_memorial,2026-08-03T02:30:00+00:00,129,1200,10.75,synthetic
war_memorial,2026-08-03T02:45:00+00:00,98,1200,8.1667,synthetic
war_memorial,2026-08-03T03:00:00+00:00,111,1200,9.25,synthetic
war_memorial,2026-08-03T03:15:00+00:00,146,1200,12.1667,synthetic
war_memorial,2026-08-03T03:30:00+00:00,98,1200,8.1667,synthetic
war_memorial,2026-08-03T03:45:00+00:00,121,1200,10.0833,synthetic
mccomas,2026-08-03T04:00:00+00:00,43,600,7.1667,synthetic
mccomas,2026-08-03T04:15:00+00:00,24,600,4.0,synthetic
mccomas,2026-08-03T04:30:00+00:00,38,600,6.3333,synthetic
mccomas,2026-08-03T04:45:00+00:00,28,600,4.6667,synthetic
mccomas,2026-08-03T05:00:00+00:00,27,600,4.5,synthetic
mccomas,2026-08-03T05:15:00+00:00,26,600,4.3333,synthetic
mccomas,2026-08-03T05:30:00+00:00,34,600,5.6667,synthetic
mccomas,2026-08-03T05:45:00+00:00,31,600,5.1667,synthetic
mccomas,2026-08-03T06:00:00+00:00,12,600,2.0,synthetic
mccomas,2026-08-03T06:15:00+00:00,16,600,2.6667,synthetic
mccomas,2026-08-03T06:30:00+00:00,24,600,4.0,synthetic
mccomas,2026-08-03T06:45:00+00:00,4,600,0.6667,synthetic
mccomas,2026-08-03T07:00:00+00:00,16,600,2.6667,synthetic
mccomas,2026-08-03T07:15:00+00:00,6,600,1.0,synthetic
mccomas,2026-08-03T07:30:00+00:00,4,600,0.6667,synthetic
mccomas,2026-08-03T07:45:00+00:00,11,600,1.8333,synthetic
mccomas,2026-08-03T08:00:00+00:00,5,600,0.8333,synthetic
mccomas,2026-08-03T08:15:00+00:00,8,600,1.3333,synthetic
mccomas,2026-08-03T08:30:00+00:00,11,600,1.8333,synthetic
mccomas,2026-08-03T08:45:00+00:00,22,600,3.6667,synthetic
mccomas,2026-08-03T09:00:00+00:00,29,600,4.8333,synthetic
mccomas,2026-08-03T09:15:00+00:00,38,600,6.3333,synthetic
mccomas,2026-08-03T09:30:00+00:00,54,600,9.0,synthetic
mccomas,2026-08-03T09:45:00+00:00,66,600,11.0,synthetic
mccomas,2026-08-03T10:00:00+00:00,87,600,14.5,synthetic
mccomas,2026-08-03T10:15:00+00:00,124,600,20.6667,synthetic
mccomas,2026-08-03T10:30:00+00:00,142,600,23.6667,synthetic
mccomas,2026-08-03T10:45:00+00:00,158,600,26.3333,synthetic
mccomas,2026-08-03T11:00:00+00:00,157,600,26.1667,synthetic
mccomas,2026-08-03T11:15:00+00:00,164,600,27.3333,synthetic
mccomas,2026-08-03T11:30:00+00:00,158,600,26.3333,synthetic
mccomas,2026-08-03T11:45:00+00:00,148,600,24.6667,synthetic
mccomas,2026-08-03T12:00:00+00:00,134,600,22.3333,synthetic
mccomas,2026-08-03T12:15:00+00:00,131,600,21.8333,synthetic
mccomas,2026-08-03T12:30:00+00:00,119,600,19.8333,synthetic
mccomas,2026-08-03T12:45:00+00:00,97,600,16.1667,synthetic
mccomas,2026-08-03T13:00:00+00:00,68,600,11.3333,synthetic
mccomas,2026-08-03T13:15:00+00:00,61,600,10.1667,synthetic
mccomas,2026-08-03T13:30:00+00:00,75,600,12.5,synthetic
mccomas,2026-08-03T13:45:00+00:00,75,600,12.5,synthetic
mccomas,2026-08-03T14:00:00+00:00,69,600,11.5,synthetic
mccomas,2026-08-03T14:15:00+00:00,88,600,14.6667,synthetic
mccomas,2026-08-03T14:30:00+00:00,81,600,13.5,synthetic
mccomas,2026-08-03T14:45:00+00:00,107,600,17.8333,synthetic
mccomas,2026-08-03T15:00:00+00:00,135,600,22.5,synthetic
mccomas,2026-08-03T15:15:00+00:00,139,600,23.1667,synthetic
mccomas,2026-08-03T15:30:00+00:00,169,600,28.1667,synthetic
mccomas,2026-08-03T15:45:00+00:00,190,600,31.6667,synthetic
mccomas,2026-08-03T16:00:00+00:00,199,600,33.1667,synthetic
mccomas,2026-08-03T16:15:00+00:00,191,600,31.8333,synthetic
mccomas,2026-08-03T16:30:00+00:00,203,600,33.8333,synthetic
mccomas,2026-08-03T16:45:00+00:00,195,600,32.5,synthetic
mccomas,2026-08-03T17:00:00+00:00,184,600,30.6667,synthetic
mccomas,2026-08-03T17:15:00+00:00,177,600,29.5,synthetic
mccomas,2026-08-03T17:30:00+00:00,172,600,28.6667,synthetic
mccomas,2026-08-03T17:45:00+00:00,176,600,29.3333,synthetic
mccomas,2026-08-03T18:00:00+00:00,186,600,31.0,synthetic
mccomas,2026-08-03T18:15:00+00:00,174,600,29.0,synthetic
mccomas,2026-08-03T18:30:00+00:00,185,600,30.8333,synthetic
mccomas,2026-08-03T18:45:00+00:00,212,600,35.3333,synthetic
mccomas,2026-08-03T19:00:00+00:00,207,600,34.5,synthetic
mccomas,2026-08-03T19:15:00+00:00,227,600,37.8333,synthetic
mccomas,2026-08-03T19:30:00+00:00,260,600,43.3333,synthetic
mccomas,2026-08-03T19:45:00+00:00,290,600,48.3333,synthetic
mccomas,2026-08-03T20:00:00+00:00,324,600,54.0,synthetic
mccomas,2026-08-03T20:15:00+00:00,356,600,59.3333,synthetic
mccomas,2026-08-03T20:30:00+00:00,395,600,65.8333,synthetic
mccomas,2026-08-03T20:45:00+00:00,423,600,70.5,synthetic
mccomas,2026-08-03T21:00:00+00:00,434,600,72.3333,synthetic
mccomas,2026-08-03T21:15:00+00:00,447,600,74.5,synthetic
mccomas,2026-08-03T21:30:00+00:00,472,600,78.6667,synthetic
mccomas,2026-08-03T21:45:00+00:00,449,600,74.8333,synthetic
mccomas,2026-08-03T22:00:00+00:00,436,600,72.6667,synthetic
mccomas,2026-08-03T22:15:00+00:00,417,600,69.5,synthetic
mccomas,2026-08-03T22:30:00+00:00,392,600,65.3333,synthetic
mccomas,2026-08-03T22:45:00+00:00,348,600,58.0,synthetic
mccomas,2026-08-03T23:00:00+00:00,296,600,49.3333,synthetic
mccomas,2026-08-03T23:15:00+00:00,272,600,45.3333,synthetic
mccomas,2026-08-03T23:30:00+00:00,225,600,37.5,synthetic
mccomas,2026-08-03T23:45:00+00:00,182,600,30.3333,synthetic
mccomas,2026-08-04T00:00:00+00:00,150,600,25.0,synthetic
mccomas,2026-08-04T00:15:00+00:00,120,600,20.0,synthetic
mccomas,2026-08-04T00:30:00+00:00,97,600,16.1667,synthetic
mccomas,2026-08-04T00:45:00+00:00,70,600,11.6667,synthetic
mccomas,2026-08-04T01:00:00+00:00,47,600,7.8333,synthetic
mccomas,2026-08-04T01:15:00+00:00,31,600,5.1667,synthetic
mccomas,2026-08-04T01:30:00+00:00,25,600,4.1667,synthetic
mccomas,2026-08-04T01:45:00+00:00,34,600,5.6667,synthetic
mccomas,2026-08-04T02:00:00+00:00,36,600,6.0,synthetic
mccomas,2026-08-04T02:15:00+00:00,27,600,4.5,synthetic
mccomas,2026-08-04T02:30:00+00:00,24,600,4.0,synthetic
mccomas,2026-08-04T02:45:00+00:00,23,600,3.8333,synthetic
mccomas,2026-08-04T03:00:00+00:00,14,600,2.3333,synthetic
mccomas,2026-08-04T03:15:00+00:00,15,600,2.5,synthetic
mccomas,2026-08-04T03:30:00+00:00,6,600,1.0,synthetic
mccomas,2026-08-04T03:45:00+00:00,0,600,0.0,synthetic
war_memorial,2026-08-03T04:00:00+00:00,59,1200,4.9167,synthetic
war_memorial,2026-08-03T04:15:00+00:00,54,1200,4.5,synthetic
war_memorial,2026-08-03T04:30:00+00:00,80,1200,6.6667,synthetic
war_memorial,2026-08-03T04:45:00+00:00,85,1200,7.0833,synthetic
war_memorial,2026-08-03T05:00:00+00:00,117,1200,9.75,synthetic
war_memorial,2026-08-03T05:15:00+00:00,103,1200,8.5833,synthetic
war_memorial,2026-08-03T05:30:00+00:00,130,1200,10.8333,synthetic
war_memorial,2026-08-03T05:45:00+00:00,112,1200,9.3333,synthetic
war_memorial,2026-08-03T06:00:00+00:00,89,1200,7.4167,synthetic
war_memorial,2026-08-03T06:15:00+00:00,79,1200,6.5833,synthetic
war_memorial,2026-08-03T06:30:00+00:00,74,1200,6.1667,synthetic
war_memorial,2026-08-03T06:45:00+00:00,95,1200,7.9167,synthetic
war_memorial,2026-08-03T07:00:00+00:00,76,1200,6.3333,synthetic
war_memorial,2026-08-03T07:15:00+00:00,75,1200,6.25,synthetic
war_memorial,2026-08-03T07:30:00+00:00,100,1200,8.3333,synthetic
war_memorial,2026-08-03T07:45:00+00:00,100,1200,8.3333,synthetic
war_memorial,2026-08-03T08:00:00+00:00,70,1200,5.8333,synthetic
war_memorial,2026-08-03T08:15:00+00:00,84,1200,7.0,synthetic
war_memorial,2026-08-03T08:30:00+00:00,71,1200,5.9167,synthetic
war_memorial,2026-08-03T08:45:00+00:00,110,1200,9.1667,synthetic
war_memorial,2026-08-03T09:00:00+00:00,72,1200,6.0,synthetic
war_memorial,2026-08-03T09:15:00+00:00,73,1200,6.0833,synthetic
war_memorial,2026-08-03T09:30:00+00:00,90,1200,7.5,synthetic
war_memorial,2026-08-03T09:45:00+00:00,127,1200,10.5833,synthetic
war_memorial,2026-08-03T10:00:00+00:00,149,1200,12.4167,synthetic
war_memorial,2026-08-03T10:15:00+00:00,146,1200,12.1667,synthetic
war_memorial,2026-08-03T10:30:00+00:00,167,1200,13.9167,synthetic
war_memorial,2026-08-03T10:45:00+00:00,233,1200,19.4167,synthetic
war_memorial,2026-08-03T11:00:00+00:00,248,1200,20.6667,synthetic
war_memorial,2026-08-03T11:15:00+00:00,302,1200,25.1667,synthetic
war_memorial,2026-08-03T11:30:00+00:00,328,1200,27.3333,synthetic
war_memorial,2026-08-03T11:45:00+00:00,337,1200,28.0833,synthetic
war_memorial,2026-08-03T12:00:00+00:00,339,1200,28.25,synthetic
war_memorial,2026-08-03T12:15:00+00:00,357,1200,29.75,synthetic
war_memorial,2026-08-03T12:30:00+00:00,324,1200,27.0,synthetic
war_memorial,2026-08-03T12:45:00+00:00,331,1200,27.5833,synthetic
war_memorial,2026-08-03T13:00:00+00:00,269,1200,22.4167,synthetic
war_memorial,2026-08-03T13:15:00+00:00,223,1200,18.5833,synthetic
war_memorial,2026-08-03T13:30:00+00:00,199,1200,16.5833,synthetic
war_memorial,2026-08-03T13:45:00+00:00,195,1200,16.25,synthetic
war_memorial,2026-08-03T14:00:00+00:00,144,1200,12.0,synthetic
war_memorial,2026-08-03T14:15:00+00:00,157,1200,13.0833,synthetic
war_memorial,2026-08-03T14:30:00+00:00,189,1200,15.75,synthetic
war_memorial,2026-08-03T14:45:00+00:00,231,1200,19.25,synthetic
war_memorial,2026-08-03T15:00:00+00:00,237,1200,19.75,synthetic
war_memorial,2026-08-03T15:15:00+00:00,290,1200,24.1667,synthetic
war_memorial,2026-08-03T15:30:00+00:00,310,1200,25.8333,synthetic
war_memorial,2026-08-03T15:45:00+00:00,345,1200,28.75,synthetic
war_memorial,2026-08-03T16:00:00+00:00,342,1200,28.5,synthetic
war_memorial,2026-08-03T16:15:00+00:00,329,1200,27.4167,synthetic
war_memorial,2026-08-03T16:30:00+00:00,357,1200,29.75,synthetic
war_memorial,2026-08-03T16:45:00+00:00,367,1200,30.5833,synthetic
war_memorial,2026-08-03T17:00:00+00:00,353,1200,29.4167,synthetic
war_memorial,2026-08-03T17:15:00+00:00,326,1200,27.1667,synthetic
war_memorial,2026-08-03T17:30:00+00:00,355,1200,29.5833,synthetic
war_memorial,2026-08-03T17:45:00+00:00,299,1200,24.9167,synthetic
war_memorial,2026-08-03T18:00:00+00:00,260,1200,21.6667,synthetic
war_memorial,2026-08-03T18:15:00+00:00,230,1200,19.1667,synthetic
war_memorial,2026-08-03T18:30:00+00:00,224,1200,18.6667,synthetic
war_memorial,2026-08-03T18:45:00+00:00,205,1200,17.0833,synthetic
war_memorial,2026-08-03T19:00:00+00:00,245,1200,20.4167,synthetic
war_memorial,2026-08-03T19:15:00+00:00,240,1200,20.0,synthetic
war_memorial,2026-08-03T19:30:00+00:00,266,1200,22.1667,synthetic
war_memorial,2026-08-03T19:45:00+00:00,329,1200,27.4167,synthetic
war_memorial,2026-08-03T20:00:00+00:00,356,1200,29.6667,synthetic
war_memorial,2026-08-03T20:15:00+00:00,404,1200,33.6667,synthetic
war_memorial,2026-08-03T20:30:00+00:00,425,1200,35.4167,synthetic
war_memorial,2026-08-03T20:45:00+00:00,539,1200,44.9167,synthetic
war_memorial,2026-08-03T21:00:00+00:00,630,1200,52.5,synthetic
war_memorial,2026-08-03T21:15:00+00:00,688,1200,57.3333,synthetic
war_memorial,2026-08-03T21:30:00+00:00,726,1200,60.5,synthetic
war_memorial,2026-08-03T21:45:00+00:00,776,1200,64.6667,synthetic
war_memorial,2026-08-03T22:00:00+00:00,802,1200,66.8333,synthetic
war_memorial,2026-08-03T22:15:00+00:00,813,1200,67.75,synthetic
war_memorial,2026-08-03T22:30:00+00:00,818,1200,68.1667,synthetic
war_memorial,2026-08-03T22:45:00+00:00,825,1200,68.75,synthetic
war_memorial,2026-08-03T23:00:00+00:00,804,1200,67.0,synthetic
war_memorial,2026-08-03T23:15:00+00:00,790,1200,65.8333,synthetic
war_memorial,2026-08-03T23:30:00+00:00,742,1200,61.8333,synthetic
war_memorial,2026-08-03T23:45:00+00:00,670,1200,55.8333,synthetic
war_memorial,2026-08-04T00:00:00+00:00,592,1200,49.3333,synthetic
war_memorial,2026-08-04T00:15:00+00:00,484,1200,40.3333,synthetic
war_memorial,2026-08-04T00:30:00+00:00,431,1200,35.9167,synthetic
war_memorial,2026-08-04T00:45:00+00:00,348,1200,29.0,synthetic
war_memorial,2026-08-04T01:00:00+00:00,290,1200,24.1667,synthetic
war_memorial,2026-08-04T01:15:00+00:00,239,1200,19.9167,synthetic
war_memorial,2026-08-04T01:30:00+00:00,206,1200,17.1667,synthetic
war_memorial,2026-08-04T01:45:00+00:00,186,1200,15.5,synthetic
war_memorial,2026-08-04T02:00:00+00:00,165,1200,13.75,synthetic
war_memorial,2026-08-04T02:15:00+00:00,127,1200,10.5833,synthetic
war_memorial,2026-08-04T02:30:00+00:00,118,1200,9.8333,synthetic
war_memorial,2026-08-04T02:45:00+00:00,85,1200,7.0833,synthetic
war_memorial,2026-08-04T03:00:00+00:00,115,1200,9.5833,synthetic
war_memorial,2026-08-04T03:15:00+00:00,96,1200,8.0,synthetic
war_memorial,2026-08-04T03:30:00+00:00,61,1200,5.0833,synthetic
war_memorial,2026-08-04T03:45:00+00:00,76,1200,6.3333,synthetic
mccomas,2026-08-04T04:00:00+00:00,7,600,1.1667,synthetic
mccomas,2026-08-04T04:15:00+00:00,7,600,1.1667,synthetic
mccomas,2026-08-04T04:30:00+00:00,0,600,0.0,synthetic
mccomas,2026-08-04T04:45:00+00:00,11,600,1.8333,synthetic
mccomas,2026-08-04T05:00:00+00:00,9,600,1.5,synthetic
mccomas,2026-08-04T05:15:00+00:00,25,600,4.1667,synthetic
mccomas,2026-08-04T05:30:00+00:00,23,600,3.8333,synthetic
mccomas,2026-08-04T05:45:00+00:00,14,600,2.3333,synthetic
mccomas,2026-08-04T06:00:00+00:00,9,600,1.5,synthetic
mccomas,2026-08-04T06:15:00+00:00,17,600,2.8333,synthetic
mccomas,2026-08-04T06:30:00+00:00,13,600,2.1667,synthetic
mccomas,2026-08-04T06:45:00+00:00,1,600,0.1667,synthetic
mccomas,2026-08-04T07:00:00+00:00,7,600,1.1667,synthetic
mccomas,2026-08-04T07:15:00+00:00,0,600,0.0,synthetic
mccomas,2026-08-04T07:30:00+00:00,2,600,0.3333,synthetic
mccomas,2026-08-04T07:45:00+00:00,15,600,2.5,synthetic
mccomas,2026-08-04T08:00:00+00:00,0,600,0.0,synthetic
mccomas,2026-08-04T08:15:00+00:00,16,600,2.6667,synthetic
mccomas,2026-08-04T08:30:00+00:00,18,600,3.0,synthetic
mccomas,2026-08-04T08:45:00+00:00,26,600,4.3333,synthetic
mccomas,2026-08-04T09:00:00+00:00,33,600,5.5,synthetic
mccomas,2026-08-04T09:15:00+00:00,3,600,0.5,synthetic
mccomas,2026-08-04T09:30:00+00:00,34,600,5.6667,synthetic
mccomas,2026-08-04T09:45:00+00:00,46,600,7.6667,synthetic
mccomas,2026-08-04T10:00:00+00:00,81,600,13.5,synthetic
mccomas,2026-08-04T10:15:00+00:00,84,600,14.0,synthetic
mccomas,2026-08-04T10:30:00+00:00,106,600,17.6667,synthetic
mccomas,2026-08-04T10:45:00+00:00,130,600,21.6667,synthetic
mccomas,2026-08-04T11:00:00+00:00,134,600,22.3333,synthetic
mccomas,2026-08-04T11:15:00+00:00,145,600,24.1667,synthetic
mccomas,2026-08-04T11:30:00+00:00,149,600,24.8333,synthetic
mccomas,2026-08-04T11:45:00+00:00,155,600,25.8333,synthetic
mccomas,2026-08-04T12:00:00+00:00,161,600,26.8333,synthetic
mccomas,2026-08-04T12:15:00+00:00,135,600,22.5,synthetic
mccomas,2026-08-04T12:30:00+00:00,124,600,20.6667,synthetic
mccomas,2026-08-04T12:45:00+00:00,105,600,17.5,synthetic
mccomas,2026-08-04T13:00:00+00:00,67,600,11.1667,synthetic
mccomas,2026-08-04T13:15:00+00:00,68,600,11.3333,synthetic
mccomas,2026-08-04T13:30:00+00:00,66,600,11.0,synthetic
mccomas,2026-08-04T13:45:00+00:00,40,600,6.6667,synthetic
mccomas,2026-08-04T14:00:00+00:00,60,600,10.0,synthetic
mccomas,2026-08-04T14:15:00+00:00,69,600,11.5,synthetic
mccomas,2026-08-04T14:30:00+00:00,81,600,13.5,synthetic
mccomas,2026-08-04T14:45:00+00:00,103,600,17.1667,synthetic
mccomas,2026-08-04T15:00:00+00:00,115,600,19.1667,synthetic
mccomas,2026-08-04T15:15:00+00:00,116,600,19.3333,synthetic
mccomas,2026-08-04T15:30:00+00:00,131,600,21.8333,synthetic
mccomas,2026-08-04T15:45:00+00:00,137,600,22.8333,synthetic
mccomas,2026-08-04T16:00:00+00:00,148,600,24.6667,synthetic
mccomas,2026-08-04T16:15:00+00:00,172,600,28.6667,synthetic
mccomas,2026-08-04T16:30:00+00:00,176,600,29.3333,synthetic
mccomas,2026-08-04T16:45:00+00:00,151,600,25.1667,synthetic
mccomas,2026-08-04T17:00:00+00:00,161,600,26.8333,synthetic
mccomas,2026-08-04T17:15:00+00:00,163,600,27.1667,synthetic
mccomas,2026-08-04T17:30:00+00:00,161,600,26.8333,synthetic
mccomas,2026-08-04T17:45:00+00:00,164,600,27.3333,synthetic
mccomas,2026-08-04T18:00:00+00:00,139,600,23.1667,synthetic
mccomas,2026-08-04T18:15:00+00:00,137,600,22.8333,synthetic
mccomas,2026-08-04T18:30:00+00:00,137,600,22.8333,synthetic
mccomas,2026-08-04T18:45:00+00:00,145,600,24.1667,synthetic
mccomas,2026-08-04T19:00:00+00:00,174,600,29.0,synthetic
mccomas,2026-08-04T19:15:00+00:00,193,600,32.1667,synthetic
mccomas,2026-08-04T19:30:00+00:00,233,600,38.8333,synthetic
mccomas,2026-08-04T19:45:00+00:00,249,600,41.5,synthetic
mccomas,2026-08-04T20:00:00+00:00,285,600,47.5,synthetic
mccomas,2026-08-04T20:15:00+00:00,329,600,54.8333,synthetic
mccomas,2026-08-04T20:30:00+00:00,365,600,60.8333,synthetic
mccomas,2026-08-04T20:45:00+00:00,392,600,65.3333,synthetic
mccomas,2026-08-04T21:00:00+00:00,403,600,67.1667,synthetic
mccomas,2026-08-04T21:15:00+00:00,433,600,72.1667,synthetic
mccomas,2026-08-04T21:30:00+00:00,426,600,71.0,synthetic
mccomas,2026-08-04T21:45:00+00:00,424,600,70.6667,synthetic
mccomas,2026-08-04T22:00:00+00:00,388,600,64.6667,synthetic
mccomas,2026-08-04T22:15:00+00:00,392,600,65.3333,synthetic
mccomas,2026-08-04T22:30:00+00:00,356,600,59.3333,synthetic
mccomas,2026-08-04T22:45:00+00:00,318,600,53.0,synthetic
mccomas,2026-08-04T23:00:00+00:00,291,600,48.5,synthetic
mccomas,2026-08-04T23:15:00+00:00,258,600,43.0,synthetic
mccomas,2026-08-04T23:30:00+00:00,236,600,39.3333,synthetic
mccomas,2026-08-04T23:45:00+00:00,206,600,34.3333,synthetic
mccomas,2026-08-05T00:00:00+00:00,162,600,27.0,synthetic
mccomas,2026-08-05T00:15:00+00:00,142,600,23.6667,synthetic
mccomas,2026-08-05T00:30:00+00:00,145,600,24.1667,synthetic
mccomas,2026-08-05T00:45:00+00:00,90,600,15.0,synthetic
mccomas,2026-08-05T01:00:00+00:00,55,600,9.1667,synthetic
mccomas,2026-08-05T01:15:00+00:00,70,600,11.6667,synthetic
mccomas,2026-08-05T01:30:00+00:00,49,600,8.1667,synthetic
mccomas,2026-08-05T01:45:00+00:00,61,600,10.1667,synthetic
mccomas,2026-08-05T02:00:00+00:00,30,600,5.0,synthetic
mccomas,2026-08-05T02:15:00+00:00,29,600,4.8333,synthetic
mccomas,2026-08-05T02:30:00+00:00,33,600,5.5,synthetic
mccomas,2026-08-05T02:45:00+00:00,44,600,7.3333,synthetic
mccomas,2026-08-05T03:00:00+00:00,38,600,6.3333,synthetic
mccomas,2026-08-05T03:15:00+00:00,26,600,4.3333,synthetic
mccomas,2026-08-05T03:30:00+00:00,17,600,2.8333,synthetic
mccomas,2026-08-05T03:45:00+00:00,23,600,3.8333,synthetic
war_memorial,2026-08-04T04:00:00+00:00,134,1200,11.1667,synthetic
war_memorial,2026-08-04T04:15:00+00:00,131,1200,10.9167,synthetic
war_memorial,2026-08-04T04:30:00+00:00,126,1200,10.5,synthetic
war_memorial,2026-08-04T04:45:00+00:00,153,1200,12.75,synthetic
war_memorial,2026-08-04T05:00:00+00:00,76,1200,6.3333,synthetic
war_memorial,2026-08-04T05:15:00+00:00,62,1200,5.1667,synthetic
war_memorial,2026-08-04T05:30:00+00:00,73,1200,6.0833,synthetic
war_memorial,2026-08-04T05:45:00+00:00,72,1200,6.0,synthetic
war_memorial,2026-08-04T06:00:00+00:00,81,1200,6.75,synthetic
war_memorial,2026-08-04T06:15:00+00:00,100,1200,8.3333,synthetic
war_memorial,2026-08-04T06:30:00+00:00,120,1200,10.0,synthetic
war_memorial,2026-08-04T06:45:00+00:00,98,1200,8.1667,synthetic
war_memorial,2026-08-04T07:00:00+00:00,116,1200,9.6667,synthetic
war_memorial,2026-08-04T07:15:00+00:00,61,1200,5.0833,synthetic
war_memorial,2026-08-04T07:30:00+00:00,76,1200,6.3333,synthetic
war_memorial,2026-08-04T07:45:00+00:00,69,1200,5.75,synthetic
war_memorial,2026-08-04T08:00:00+00:00,90,1200,7.5,synthetic
war_memorial,2026-08-04T08:15:00+00:00,83,1200,6.9167,synthetic
war_memorial,2026-08-04T08:30:00+00:00,98,1200,8.1667,synthetic
war_memorial,2026-08-04T08:45:00+00:00,107,1200,8.9167,synthetic
war_memorial,2026-08-04T09:00:00+00:00,130,1200,10.8333,synthetic
war_memorial,2026-08-04T09:15:00+00:00,107,1200,8.9167,synthetic
war_memorial,2026-08-04T09:30:00+00:00,175,1200,14.5833,synthetic
war_memorial,2026-08-04T09:45:00+00:00,165,1200,13.75,synthetic
war_memorial,2026-08-04T10:00:00+00:00,216,1200,18.0,synthetic
war_memorial,2026-08-04T10:15:00+00:00,202,1200,16.8333,synthetic
war_memorial,2026-08-04T10:30:00+00:00,200,1200,16.6667,synthetic
war_memorial,2026-08-04T10:45:00+00:00,238,1200,19.8333,synthetic
war_memorial,2026-08-04T11:00:00+00:00,310,1200,25.8333,synthetic
war_memorial,2026-08-04T11:15:00+00:00,351,1200,29.25,synthetic
war_memorial,2026-08-04T11:30:00+00:00,414,1200,34.5,synthetic
war_memorial,2026-08-04T11:45:00+00:00,454,1200,37.8333,synthetic
war_memorial,2026-08-04T12:00:00+00:00,449,1200,37.4167,synthetic
war_memorial,2026-08-04T12:15:00+00:00,446,1200,37.1667,synthetic
war_memorial,2026-08-04T12:30:00+00:00,424,1200,35.3333,synthetic
war_memorial,2026-08-04T12:45:00+00:00,432,1200,36.0,synthetic
war_memorial,2026-08-04T13:00:00+00:00,377,1200,31.4167,synthetic
war_memorial,2026-08-04T13:15:00+00:00,302,1200,25.1667,synthetic
war_memorial,2026-08-04T13:30:00+00:00,306,1200,25.5,synthetic
war_memorial,2026-08-04T13:45:00+00:00,277,1200,23.0833,synthetic
war_memorial,2026-08-04T14:00:00+00:00,287,1200,23.9167,synthetic
war_memorial,2026-08-04T14:15:00+00:00,307,1200,25.5833,synthetic
war_memorial,2026-08-04T14:30:00+00:00,294,1200,24.5,synthetic
war_memorial,2026-08-04T14:45:00+00:00,315,1200,26.25,synthetic
war_memorial,2026-08-04T15:00:00+00:00,363,1200,30.25,synthetic
war_memorial,2026-08-04T15:15:00+00:00,390,1200,32.5,synthetic
war_memorial,2026-08-04T15:30:00+00:00,425,1200,35.4167,synthetic
war_memorial,2026-08-04T15:45:00+00:00,409,1200,34.0833,synthetic
war_memorial,2026-08-04T16:00:00+00:00,445,1200,37.0833,synthetic
war_memorial,2026-08-04T16:15:00+00:00,461,1200,38.4167,synthetic
war_memorial,2026-08-04T16:30:00+00:00,450,1200,37.5,synthetic
war_memorial,2026-08-04T16:45:00+00:00,429,1200,35.75,synthetic
war_memorial,2026-08-04T17:00:00+00:00,416,1200,34.6667,synthetic
war_memorial,2026-08-04T17:15:00+00:00,371,1200,30.9167,synthetic
war_memorial,2026-08-04T17:30:00+00:00,355,1200,29.5833,synthetic
war_memorial,2026-08-04T17:45:00+00:00,338,1200,28.1667,synthetic
war_memorial,2026-08-04T18:00:00+00:00,291,1200,24.25,synthetic
war_memorial,2026-08-04T18:15:00+00:00,284,1200,23.6667,synthetic
war_memorial,2026-08-04T18:30:00+00:00,251,1200,20.9167,synthetic
war_memorial,2026-08-04T18:45:00+00:00,277,1200,23.0833,synthetic
war_memorial,2026-08-04T19:00:00+00:00,274,1200,22.8333,synthetic
war_memorial,2026-08-04T19:15:00+00:00,295,1200,24.5833,synthetic
war_memorial,2026-08-04T19:30:00+00:00,300,1200,25.0,synthetic
war_memorial,2026-08-04T19:45:00+00:00,341,1200,28.4167,synthetic
war_memorial,2026-08-04T20:00:00+00:00,391,1200,32.5833,synthetic
war_memorial,2026-08-04T20:15:00+00:00,437,1200,36.4167,synthetic
war_memorial,2026-08-04T20:30:00+00:00,501,1200,41.75,synthetic
war_memorial,2026-08-04T20:45:00+00:00,571,1200,47.5833,synthetic
war_memorial,2026-08-04T21:00:00+00:00,637,1200,53.0833,synthetic
war_memorial,2026-08-04T21:15:00+00:00,732,1200,61.0,synthetic
war_memorial,2026-08-04T21:30:00+00:00,766,1200,63.8333,synthetic
war_memorial,2026-08-04T21:45:00+00:00,844,1200,70.3333,synthetic
war_memorial,2026-08-04T22:00:00+00:00,871,1200,72.5833,synthetic
war_memorial,2026-08-04T22:15:00+00:00,872,1200,72.6667,synthetic
war_memorial,2026-08-04T22:30:00+00:00,908,1200,75.6667,synthetic
war_memorial,2026-08-04T22:45:00+00:00,893,1200,74.4167,synthetic
war_memorial,2026-08-04T23:00:00+00:00,891,1200,74.25,synthetic
war_memorial,2026-08-04T23:15:00+00:00,852,1200,71.0,synthetic
war_memorial,2026-08-04T23:30:00+00:00,799,1200,66.5833,synthetic
war_memorial,2026-08-04T23:45:00+00:00,751,1200,62.5833,synthetic
war_memorial,2026-08-05T00:00:00+00:00,681,1200,56.75,synthetic
war_memorial,2026-08-05T00:15:00+00:00,586,1200,48.8333,synthetic
war_memorial,2026-08-05T00:30:00+00:00,514,1200,42.8333,synthetic
war_memorial,2026-08-05T00:45:00+00:00,442,1200,36.8333,synthetic
war_memorial,2026-08-05T01:00:00+00:00,379,1200,31.5833,synthetic
war_memorial,2026-08-05T01:15:00+00:00,345,1200,28.75,synthetic
war_memorial,2026-08-05T01:30:00+00:00,293,1200,24.4167,synthetic
war_memorial,2026-08-05T01:45:00+00:00,239,1200,19.9167,synthetic
war_memorial,2026-08-05T02:00:00+00:00,205,1200,17.0833,synthetic
war_memorial,2026-08-05T02:15:00+00:00,127,1200,10.5833,synthetic
war_memorial,2026-08-05T02:30:00+00:00,135,1200,11.25,synthetic
war_memorial,2026-08-05T02:45:00+00:00,134,1200,11.1667,synthetic
war_memorial,2026-08-05T03:00:00+00:00,137,1200,11.4167,synthetic
war_memorial,2026-08-05T03:15:00+00:00,153,1200,12.75,synthetic
war_memorial,2026-08-05T03:30:00+00:00,117,1200,9.75,synthetic
war_memorial,2026-08-05T03:45:00+00:00,145,1200,12.0833,synthetic
mccomas,2026-08-05T04:00:00+00:00,31,600,5.1667,synthetic
mccomas,2026-08-05T04:15:00+00:00,42,600,7.0,synthetic
mccomas,2026-08-05T04:30:00+00:00,35,600,5.8333,synthetic
mccomas,2026-08-05T04:45:00+00:00,43,600,7.1667,synthetic
mccomas,2026-08-05T05:00:00+00:00,33,600,5.5,synthetic
mccomas,2026-08-05T05:15:00+00:00,47,600,7.8333,synthetic
mccomas,2026-08-05T05:30:00+00:00,52,600,8.6667,synthetic
mccomas,2026-08-05T05:45:00+00:00,26,600,4.3333,synthetic
mccomas,2026-08-05T06:00:00+00:00,38,600,6.3333,synthetic
mccomas,2026-08-05T06:15:00+00:00,48,600,8.0,synthetic
mccomas,2026-08-05T06:30:00+00:00,48,600,8.0,synthetic
mccomas,2026-08-05T06:45:00+00:00,25,600,4.1667,synthetic
mccomas,2026-08-05T07:00:00+00:00,31,600,5.1667,synthetic
mccomas,2026-08-05T07:15:00+00:00,24,600,4.0,synthetic
mccomas,2026-08-05T07:30:00+00:00,14,600,2.3333,synthetic
mccomas,2026-08-05T07:45:00+00:00,26,600,4.3333,synthetic
mccomas,2026-08-05T08:00:00+00:00,38,600,6.3333,synthetic
mccomas,2026-08-05T08:15:00+00:00,59,600,9.8333,synthetic
mccomas,2026-08-05T08:30:00+00:00,52,600,8.6667,synthetic
mccomas,2026-08-05T08:45:00+00:00,35,600,5.8333,synthetic
mccomas,2026-08-05T09:00:00+00:00,73,600,12.1667,synthetic
mccomas,2026-08-05T09:15:00+00:00,71,600,11.8333,synthetic
mccomas,2026-08-05T09:30:00+00:00,83,600,13.8333,synthetic
mccomas,2026-08-05T09:45:00+00:00,96,600,16.0,synthetic
mccomas,2026-08-05T10:00:00+00:00,114,600,19.0,synthetic
mccomas,2026-08-05T10:15:00+00:00,140,600,23.3333,synthetic
mccomas,2026-08-05T10:30:00+00:00,169,600,28.1667,synthetic
mccomas,2026-08-05T10:45:00+00:00,194,600,32.3333,synthetic
mccomas,2026-08-05T11:00:00+00:00,184,600,30.6667,synthetic
mccomas,2026-08-05T11:15:00+00:00,182,600,30.3333,synthetic
mccomas,2026-08-05T11:30:00+00:00,196,600,32.6667,synthetic
mccomas,2026-08-05T11:45:00+00:00,189,600,31.5,synthetic
mccomas,2026-08-05T12:00:00+00:00,201,600,33.5,synthetic
mccomas,2026-08-05T12:15:00+00:00,175,600,29.1667,synthetic
mccomas,2026-08-05T12:30:00+00:00,148,600,24.6667,synthetic
mccomas,2026-08-05T12:45:00+00:00,141,600,23.5,synthetic
mccomas,2026-08-05T13:00:00+00:00,118,600,19.6667,synthetic
mccomas,2026-08-05T13:15:00+00:00,106,600,17.6667,synthetic
mccomas,2026-08-05T13:30:00+00:00,115,600,19.1667,synthetic
mccomas,2026-08-05T13:45:00+00:00,122,600,20.3333,synthetic
mccomas,2026-08-05T14:00:00+00:00,97,600,16.1667,synthetic
mccomas,2026-08-05T14:15:00+00:00,95,600,15.8333,synthetic
mccomas,2026-08-05T14:30:00+00:00,101,600,16.8333,synthetic
mccomas,2026-08-05T14:45:00+00:00,114,600,19.0,synthetic
mccomas,2026-08-05T15:00:00+00:00,129,600,21.5,synthetic
mccomas,2026-08-05T15:15:00+00:00,138,600,23.0,synthetic
mccomas,2026-08-05T15:30:00+00:00,155,600,25.8333,synthetic
mccomas,2026-08-05T15:45:00+00:00,180,600,30.0,synthetic
mccomas,2026-08-05T16:00:00+00:00,199,600,33.1667,synthetic
mccomas,2026-08-05T16:15:00+00:00,209,600,34.8333,synthetic
mccomas,2026-08-05T16:30:00+00:00,211,600,35.1667,synthetic
mccomas,2026-08-05T16:45:00+00:00,213,600,35.5,synthetic
mccomas,2026-08-05T17:00:00+00:00,228,600,38.0,synthetic
mccomas,2026-08-05T17:15:00+00:00,220,600,36.6667,synthetic
mccomas,2026-08-05T17:30:00+00:00,191,600,31.8333,synthetic
mccomas,2026-08-05T17:45:00+00:00,192,600,32.0,synthetic
mccomas,2026-08-05T18:00:00+00:00,201,600,33.5,synthetic
mccomas,2026-08-05T18:15:00+00:00,178,600,29.6667,synthetic
mccomas,2026-08-05T18:30:00+00:00,186,600,31.0,synthetic
mccomas,2026-08-05T18:45:00+00:00,223,600,37.1667,synthetic
mccomas,2026-08-05T19:00:00+00:00,222,600,37.0,synthetic
mccomas,2026-08-05T19:15:00+00:00,261,600,43.5,synthetic
mccomas,2026-08-05T19:30:00+00:00,272,600,45.3333,synthetic
mccomas,2026-08-05T19:45:00+00:00,293,600,48.8333,synthetic
mccomas,2026-08-05T20:00:00+00:00,321,600,53.5,synthetic
mccomas,2026-08-05T20:15:00+00:00,367,600,61.1667,synthetic
mccomas,2026-08-05T20:30:00+00:00,398,600,66.3333,synthetic
mccomas,2026-08-05T20:45:00+00:00,417,600,69.5,synthetic
mccomas,2026-08-05T21:00:00+00:00,447,600,74.5,synthetic
mccomas,2026-08-05T21:15:00+00:00,481,600,80.1667,synthetic
mccomas,2026-08-05T21:30:00+00:00,491,600,81.8333,synthetic
mccomas,2026-08-05T21:45:00+00:00,477,600,79.5,synthetic
mccomas,2026-08-05T22:00:00+00:00,451,600,75.1667,synthetic
mccomas,2026-08-05T22:15:00+00:00,442,600,73.6667,synthetic
mccomas,2026-08-05T22:30:00+00:00,406,600,67.6667,synthetic
mccomas,2026-08-05T22:45:00+00:00,377,600,62.8333,synthetic
mccomas,2026-08-05T23:00:00+00:00,349,600,58.1667,synthetic
mccomas,2026-08-05T23:15:00+00:00,311,600,51.8333,synthetic
mccomas,2026-08-05T23:30:00+00:00,269,600,44.8333,synthetic
mccomas,2026-08-05T23:45:00+00:00,247,600,41.1667,synthetic
mccomas,2026-08-06T00:00:00+00:00,219,600,36.5,synthetic
mccomas,2026-08-06T00:15:00+00:00,173,600,28.8333,synthetic
mccomas,2026-08-06T00:30:00+00:00,149,600,24.8333,synthetic
mccomas,2026-08-06T00:45:00+00:00,121,600,20.1667,synthetic
mccomas,2026-08-06T01:00:00+00:00,122,600,20.3333,synthetic
mccomas,2026-08-06T01:15:00+00:00,113,600,18.8333,synthetic
mccomas,2026-08-06T01:30:00+00:00,90,600,15.0,synthetic
mccomas,2026-08-06T01:45:00+00:00,74,600,12.3333,synthetic
mccomas,2026-08-06T02:00:00+00:00,48,600,8.0,synthetic
mccomas,2026-08-06T02:15:00+00:00,57,600,9.5,synthetic
mccomas,2026-08-06T02:30:00+00:00,46,600,7.6667,synthetic
mccomas,2026-08-06T02:45:00+00:00,46,600,7.6667,synthetic
mccomas,2026-08-06T03:00:00+00:00,53,600,8.8333,synthetic
mccomas,2026-08-06T03:15:00+00:00,54,600,9.0,synthetic
mccomas,2026-08-06T03:30:00+00:00,40,600,6.6667,synthetic
mccomas,2026-08-06T03:45:00+00:00,47,600,7.8333,synthetic
war_memorial,2026-08-05T04:00:00+00:00,89,1200,7.4167,synthetic
war_memorial,2026-08-05T04:15:00+00:00,71,1200,5.9167,synthetic
war_memorial,2026-08-05T04:30:00+00:00,56,1200,4.6667,synthetic
war_memorial,2026-08-05T04:45:00+00:00,67,1200,5.5833,synthetic
war_memorial,2026-08-05T05:00:00+00:00,67,1200,5.5833,synthetic
war_memorial,2026-08-05T05:15:00+00:00,101,1200,8.4167,synthetic
war_memorial,2026-08-05T05:30:00+00:00,107,1200,8.9167,synthetic
war_memorial,2026-08-05T05:45:00+00:00,90,1200,7.5,synthetic
war_memorial,2026-08-05T06:00:00+00:00,70,1200,5.8333,synthetic
war_memorial,2026-08-05T06:15:00+00:00,69,1200,5.75,synthetic
war_memorial,2026-08-05T06:30:00+00:00,77,1200,6.4167,synthetic
war_memorial,2026-08-05T06:45:00+00:00,72,1200,6.0,synthetic
war_memorial,2026-08-05T07:00:00+00:00,92,1200,7.6667,synthetic
war_memorial,2026-08-05T07:15:00+00:00,69,1200,5.75,synthetic
war_memorial,2026-08-05T07:30:00+00:00,93,1200,7.75,synthetic
war_memorial,2026-08-05T07:45:00+00:00,75,1200,6.25,synthetic
war_memorial,2026-08-05T08:00:00+00:00,66,1200,5.5,synthetic
war_memorial,2026-08-05T08:15:00+00:00,49,1200,4.0833,synthetic
war_memorial,2026-08-05T08:30:00+00:00,65,1200,5.4167,synthetic
war_memorial,2026-08-05T08:45:00+00:00,34,1200,2.8333,synthetic
war_memorial,2026-08-05T09:00:00+00:00,52,1200,4.3333,synthetic
war_memorial,2026-08-05T09:15:00+00:00,81,1200,6.75,synthetic
war_memorial,2026-08-05T09:30:00+00:00,114,1200,9.5,synthetic
war_memorial,2026-08-05T09:45:00+00:00,122,1200,10.1667,synthetic
war_memorial,2026-08-05T10:00:00+00:00,97,1200,8.0833,synthetic
war_memorial,2026-08-05T10:15:00+00:00,142,1200,11.8333,synthetic
war_memorial,2026-08-05T10:30:00+00:00,235,1200,19.5833,synthetic
war_memorial,2026-08-05T10:45:00+00:00,252,1200,21.0,synthetic
war_memorial,2026-08-05T11:00:00+00:00,271,1200,22.5833,synthetic
war_memorial,2026-08-05T11:15:00+00:00,311,1200,25.9167,synthetic
war_memorial,2026-08-05T11:30:00+00:00,340,1200,28.3333,synthetic
war_memorial,2026-08-05T11:45:00+00:00,356,1200,29.6667,synthetic
war_memorial,2026-08-05T12:00:00+00:00,393,1200,32.75,synthetic
war_memorial,2026-08-05T12:15:00+00:00,365,1200,30.4167,synthetic
war_memorial,2026-08-05T12:30:00+00:00,338,1200,28.1667,synthetic
war_memorial,2026-08-05T12:45:00+00:00,322,1200,26.8333,synthetic
war_memorial,2026-08-05T13:00:00+00:00,300,1200,25.0,synthetic
war_memorial,2026-08-05T13:15:00+00:00,249,1200,20.75,synthetic
war_memorial,2026-08-05T13:30:00+00:00,218,1200,18.1667,synthetic
war_memorial,2026-08-05T13:45:00+00:00,187,1200,15.5833,synthetic
war_memorial,2026-08-05T14:00:00+00:00,189,1200,15.75,synthetic
war_memorial,2026-08-05T14:15:00+00:00,239,1200,19.9167,synthetic
war_memorial,2026-08-05T14:30:00+00:00,259,1200,21.5833,synthetic
war_memorial,2026-08-05T14:45:00+00:00,266,1200,22.1667,synthetic
war_memorial,2026-08-05T15:00:00+00:00,284,1200,23.6667,synthetic
war_memorial,2026-08-05T15:15:00+00:00,341,1200,28.4167,synthetic
war_memorial,2026-08-05T15:30:00+00:00,335,1200,27.9167,synthetic
war_memorial,2026-08-05T15:45:00+00:00,387,1200,32.25,synthetic
war_memorial,2026-08-05T16:00:00+00:00,403,1200,33.5833,synthetic
war_memorial,2026-08-05T16:15:00+00:00,402,1200,33.5,synthetic
war_memorial,2026-08-05T16:30:00+00:00,388,1200,32.3333,synthetic
war_memorial,2026-08-05T16:45:00+00:00,398,1200,33.1667,synthetic
war_memorial,2026-08-05T17:00:00+00:00,371,1200,30.9167,synthetic
war_memorial,2026-08-05T17:15:00+00:00,378,1200,31.5,synthetic
war_memorial,2026-08-05T17:30:00+00:00,323,1200,26.9167,synthetic
war_memorial,2026-08-05T17:45:00+00:00,342,1200,28.5,synthetic
war_memorial,2026-08-05T18:00:00+00:00,332,1200,27.6667,synthetic
war_memorial,2026-08-05T18:15:00+00:00,287,1200,23.9167,synthetic
war_memorial,2026-08-05T18:30:00+00:00,306,1200,25.5,synthetic
war_memorial,2026-08-05T18:45:00+00:00,268,1200,22.3333,synthetic
war_memorial,2026-08-05T19:00:00+00:00,268,1200,22.3333,synthetic
war_memorial,2026-08-05T19:15:00+00:00,279,1200,23.25,synthetic
war_memorial,2026-08-05T19:30:00+00:00,303,1200,25.25,synthetic
war_memorial,2026-08-05T19:45:00+00:00,318,1200,26.5,synthetic
war_memorial,2026-08-05T20:00:00+00:00,338,1200,28.1667,synthetic
war_memorial,2026-08-05T20:15:00+00:00,378,1200,31.5,synthetic
war_memorial,2026-08-05T20:30:00+00:00,454,1200,37.8333,synthetic
war_memorial,2026-08-05T20:45:00+00:00,539,1200,44.9167,synthetic
war_memorial,2026-08-05T21:00:00+00:00,565,1200,47.0833,synthetic
war_memorial,2026-08-05T21:15:00+00:00,651,1200,54.25,synthetic
war_memorial,2026-08-05T21:30:00+00:00,709,1200,59.0833,synthetic
war_memorial,2026-08-05T21:45:00+00:00,753,1200,62.75,synthetic
war_memorial,2026-08-05T22:00:00+00:00,806,1200,67.1667,synthetic
war_memorial,2026-08-05T22:15:00+00:00,855,1200,71.25,synthetic
war_memorial,2026-08-05T22:30:00+00:00,888,1200,74.0,synthetic
war_memorial,2026-08-05T22:45:00+00:00,876,1200,73.0,synthetic
war_memorial,2026-08-05T23:00:00+00:00,852,1200,71.0,synthetic
war_memorial,2026-08-05T23:15:00+00:00,792,1200,66.0,synthetic
war_memorial,2026-08-05T23:30:00+00:00,681,1200,56.75,synthetic
war_memorial,2026-08-05T23:45:00+00:00,653,1200,54.4167,synthetic
war_memorial,2026-08-06T00:00:00+00:00,586,1200,48.8333,synthetic
war_memorial,2026-08-06T00:15:00+00:00,521,1200,43.4167,synthetic
war_memorial,2026-08-06T00:30:00+00:00,461,1200,38.4167,synthetic
war_memorial,2026-08-06T00:45:00+00:00,392,1200,32.6667,synthetic
war_memorial,2026-08-06T01:00:00+00:00,369,1200,30.75,synthetic
war_memorial,2026-08-06T01:15:00+00:00,283,1200,23.5833,synthetic
war_memorial,2026-08-06T01:30:00+00:00,226,1200,18.8333,synthetic
war_memorial,2026-08-06T01:45:00+00:00,218,1200,18.1667,synthetic
war_memorial,2026-08-06T02:00:00+00:00,183,1200,15.25,synthetic
war_memorial,2026-08-06T02:15:00+00:00,161,1200,13.4167,synthetic
war_memorial,2026-08-06T02:30:00+00:00,155,1200,12.9167,synthetic
war_memorial,2026-08-06T02:45:00+00:00,106,1200,8.8333,synthetic
war_memorial,2026-08-06T03:00:00+00:00,76,1200,6.3333,synthetic
war_memorial,2026-08-06T03:15:00+00:00,74,1200,6.1667,synthetic
war_memorial,2026-08-06T03:30:00+00:00,126,1200,10.5,synthetic
war_memorial,2026-08-06T03:45:00+00:00,119,1200,9.9167,synthetic
mccomas,2026-08-06T04:00:00+00:00,41,600,6.8333,synthetic
mccomas,2026-08-06T04:15:00+00:00,54,600,9.0,synthetic
mccomas,2026-08-06T04:30:00+00:00,34,600,5.6667,synthetic
mccomas,2026-08-06T04:45:00+00:00,26,600,4.3333,synthetic
mccomas,2026-08-06T05:00:00+00:00,48,600,8.0,synthetic
mccomas,2026-08-06T05:15:00+00:00,36,600,6.0,synthetic
mccomas,2026-08-06T05:30:00+00:00,54,600,9.0,synthetic
mccomas,2026-08-06T05:45:00+00:00,54,600,9.0,synthetic
mccomas,2026-08-06T06:00:00+00:00,55,600,9.1667,synthetic
mccomas,2026-08-06T06:15:00+00:00,56,600,9.3333,synthetic
mccomas,2026-08-06T06:30:00+00:00,44,600,7.3333,synthetic
mccomas,2026-08-06T06:45:00+00:00,43,600,7.1667,synthetic
mccomas,2026-08-06T07:00:00+00:00,27,600,4.5,synthetic
mccomas,2026-08-06T07:15:00+00:00,27,600,4.5,synthetic
mccomas,2026-08-06T07:30:00+00:00,13,600,2.1667,synthetic
mccomas,2026-08-06T07:45:00+00:00,37,600,6.1667,synthetic
mccomas,2026-08-06T08:00:00+00:00,29,600,4.8333,synthetic
mccomas,2026-08-06T08:15:00+00:00,48,600,8.0,synthetic
mccomas,2026-08-06T08:30:00+00:00,44,600,7.3333,synthetic
mccomas,2026-08-06T08:45:00+00:00,59,600,9.8333,synthetic
mccomas,2026-08-06T09:00:00+00:00,72,600,12.0,synthetic
mccomas,2026-08-06T09:15:00+00:00,79,600,13.1667,synthetic
mccomas,2026-08-06T09:30:00+00:00,104,600,17.3333,synthetic
mccomas,2026-08-06T09:45:00+00:00,87,600,14.5,synthetic
mccomas,2026-08-06T10:00:00+00:00,100,600,16.6667,synthetic
mccomas,2026-08-06T10:15:00+00:00,112,600,18.6667,synthetic
mccomas,2026-08-06T10:30:00+00:00,124,600,20.6667,synthetic
mccomas,2026-08-06T10:45:00+00:00,135,600,22.5,synthetic
mccomas,2026-08-06T11:00:00+00:00,175,600,29.1667,synthetic
mccomas,2026-08-06T11:15:00+00:00,191,600,31.8333,synthetic
mccomas,2026-08-06T11:30:00+00:00,169,600,28.1667,synthetic
mccomas,2026-08-06T11:45:00+00:00,164,600,27.3333,synthetic
mccomas,2026-08-06T12:00:00+00:00,170,600,28.3333,synthetic
mccomas,2026-08-06T12:15:00+00:00,144,600,24.0,synthetic
mccomas,2026-08-06T12:30:00+00:00,123,600,20.5,synthetic
mccomas,2026-08-06T12:45:00+00:00,125,600,20.8333,synthetic
mccomas,2026-08-06T13:00:00+00:00,110,600,18.3333,synthetic
mccomas,2026-08-06T13:15:00+00:00,85,600,14.1667,synthetic
mccomas,2026-08-06T13:30:00+00:00,98,600,16.3333,synthetic
mccomas,2026-08-06T13:45:00+00:00,95,600,15.8333,synthetic
mccomas,2026-08-06T14:00:00+00:00,102,600,17.0,synthetic
mccomas,2026-08-06T14:15:00+00:00,105,600,17.5,synthetic
mccomas,2026-08-06T14:30:00+00:00,112,600,18.6667,synthetic
mccomas,2026-08-06T14:45:00+00:00,116,600,19.3333,synthetic
mccomas,2026-08-06T15:00:00+00:00,133,600,22.1667,synthetic
mccomas,2026-08-06T15:15:00+00:00,149,600,24.8333,synthetic
mccomas,2026-08-06T15:30:00+00:00,156,600,26.0,synthetic
mccomas,2026-08-06T15:45:00+00:00,188,600,31.3333,synthetic
mccomas,2026-08-06T16:00:00+00:00,219,600,36.5,synthetic
mccomas,2026-08-06T16:15:00+00:00,223,600,37.1667,synthetic
mccomas,2026-08-06T16:30:00+00:00,235,600,39.1667,synthetic
mccomas,2026-08-06T16:45:00+00:00,240,600,40.0,synthetic
mccomas,2026-08-06T17:00:00+00:00,211,600,35.1667,synthetic
mccomas,2026-08-06T17:15:00+00:00,207,600,34.5,synthetic
mccomas,2026-08-06T17:30:00+00:00,208,600,34.6667,synthetic
mccomas,2026-08-06T17:45:00+00:00,211,600,35.1667,synthetic
mccomas,2026-08-06T18:00:00+00:00,202,600,33.6667,synthetic
mccomas,2026-08-06T18:15:00+00:00,190,600,31.6667,synthetic
mccomas,2026-08-06T18:30:00+00:00,213,600,35.5,synthetic
mccomas,2026-08-06T18:45:00+00:00,233,600,38.8333,synthetic
mccomas,2026-08-06T19:00:00+00:00,238,600,39.6667,synthetic
mccomas,2026-08-06T19:15:00+00:00,235,600,39.1667,synthetic
mccomas,2026-08-06T19:30:00+00:00,270,600,45.0,synthetic
mccomas,2026-08-06T19:45:00+00:00,300,600,50.0,synthetic
mccomas,2026-08-06T20:00:00+00:00,340,600,56.6667,synthetic
mccomas,2026-08-06T20:15:00+00:00,386,600,64.3333,synthetic
mccomas,2026-08-06T20:30:00+00:00,415,600,69.1667,synthetic
mccomas,2026-08-06T20:45:00+00:00,425,600,70.8333,synthetic
mccomas,2026-08-06T21:00:00+00:00,451,600,75.1667,synthetic
mccomas,2026-08-06T21:15:00+00:00,467,600,77.8333,synthetic
mccomas,2026-08-06T21:30:00+00:00,467,600,77.8333,synthetic
mccomas,2026-08-06T21:45:00+00:00,467,600,77.8333,synthetic
mccomas,2026-08-06T22:00:00+00:00,454,600,75.6667,synthetic
mccomas,2026-08-06T22:15:00+00:00,441,600,73.5,synthetic
mccomas,2026-08-06T22:30:00+00:00,409,600,68.1667,synthetic
mccomas,2026-08-06T22:45:00+00:00,386,600,64.3333,synthetic
mccomas,2026-08-06T23:00:00+00:00,358,600,59.6667,synthetic
mccomas,2026-08-06T23:15:00+00:00,313,600,52.1667,synthetic
mccomas,2026-08-06T23:30:00+00:00,270,600,45.0,synthetic
mccomas,2026-08-06T23:45:00+00:00,233,600,38.8333,synthetic
mccomas,2026-08-07T00:00:00+00:00,211,600,35.1667,synthetic
mccomas,2026-08-07T00:15:00+00:00,189,600,31.5,synthetic
mccomas,2026-08-07T00:30:00+00:00,161,600,26.8333,synthetic
mccomas,2026-08-07T00:45:00+00:00,135,600,22.5,synthetic
mccomas,2026-08-07T01:00:00+00:00,106,600,17.6667,synthetic
mccomas,2026-08-07T01:15:00+00:00,68,600,11.3333,synthetic
mccomas,2026-08-07T01:30:00+00:00,62,600,10.3333,synthetic
mccomas,2026-08-07T01:45:00+00:00,59,600,9.8333,synthetic
mccomas,2026-08-07T02:00:00+00:00,63,600,10.5,synthetic
mccomas,2026-08-07T02:15:00+00:00,52,600,8.6667,synthetic
mccomas,2026-08-07T02:30:00+00:00,41,600,6.8333,synthetic
mccomas,2026-08-07T02:45:00+00:00,46,600,7.6667,synthetic
mccomas,2026-08-07T03:00:00+00:00,45,600,7.5,synthetic
mccomas,2026-08-07T03:15:00+00:00,46,600,7.6667,synthetic
mccomas,2026-08-07T03:30:00+00:00,37,600,6.1667,synthetic
mccomas,2026-08-07T03:45:00+00:00,59,600,9.8333,synthetic
war_memorial,2026-08-06T04:00:00+00:00,58,1200,4.8333,synthetic
war_memorial,2026-08-06T04:15:00+00:00,33,1200,2.75,synthetic
war_memorial,2026-08-06T04:30:00+00:00,56,1200,4.6667,synthetic
war_memorial,2026-08-06T04:45:00+00:00,81,1200,6.75,synthetic
war_memorial,2026-08-06T05:00:00+00:00,72,1200,6.0,synthetic
war_memorial,2026-08-06T05:15:00+00:00,51,1200,4.25,synthetic
war_memorial,2026-08-06T05:30:00+00:00,69,1200,5.75,synthetic
war_memorial,2026-08-06T05:45:00+00:00,74,1200,6.1667,synthetic
war_memorial,2026-08-06T06:00:00+00:00,33,1200,2.75,synthetic
war_memorial,2026-08-06T06:15:00+00:00,46,1200,3.8333,synthetic
war_memorial,2026-08-06T06:30:00+00:00,32,1200,2.6667,synthetic
war_memorial,2026-08-06T06:45:00+00:00,33,1200,2.75,synthetic
war_memorial,2026-08-06T07:00:00+00:00,70,1200,5.8333,synthetic
war_memorial,2026-08-06T07:15:00+00:00,56,1200,4.6667,synthetic
war_memorial,2026-08-06T07:30:00+00:00,34,1200,2.8333,synthetic
war_memorial,2026-08-06T07:45:00+00:00,21,1200,1.75,synthetic
war_memorial,2026-08-06T08:00:00+00:00,58,1200,4.8333,synthetic
war_memorial,2026-08-06T08:15:00+00:00,53,1200,4.4167,synthetic
war_memorial,2026-08-06T08:30:00+00:00,118,1200,9.8333,synthetic
war_memorial,2026-08-06T08:45:00+00:00,117,1200,9.75,synthetic
war_memorial,2026-08-06T09:00:00+00:00,94,1200,7.8333,synthetic
war_memorial,2026-08-06T09:15:00+00:00,69,1200,5.75,synthetic
war_memorial,2026-08-06T09:30:00+00:00,85,1200,7.0833,synthetic
war_memorial,2026-08-06T09:45:00+00:00,113,1200,9.4167,synthetic
war_memorial,2026-08-06T10:00:00+00:00,160,1200,13.3333,synthetic
war_memorial,2026-08-06T10:15:00+00:00,173,1200,14.4167,synthetic
war_memorial,2026-08-06T10:30:00+00:00,198,1200,16.5,synthetic
war_memorial,2026-08-06T10:45:00+00:00,242,1200,20.1667,synthetic
war_memorial,2026-08-06T11:00:00+00:00,289,1200,24.0833,synthetic
war_memorial,2026-08-06T11:15:00+00:00,336,1200,28.0,synthetic
war_memorial,2026-08-06T11:30:00+00:00,343,1200,28.5833,synthetic
war_memorial,2026-08-06T11:45:00+00:00,350,1200,29.1667,synthetic
war_memorial,2026-08-06T12:00:00+00:00,330,1200,27.5,synthetic
war_memorial,2026-08-06T12:15:00+00:00,354,1200,29.5,synthetic
war_memorial,2026-08-06T12:30:00+00:00,355,1200,29.5833,synthetic
war_memorial,2026-08-06T12:45:00+00:00,300,1200,25.0,synthetic
war_memorial,2026-08-06T13:00:00+00:00,290,1200,24.1667,synthetic
war_memorial,2026-08-06T13:15:00+00:00,267,1200,22.25,synthetic
war_memorial,2026-08-06T13:30:00+00:00,235,1200,19.5833,synthetic
war_memorial,2026-08-06T13:45:00+00:00,229,1200,19.0833,synthetic
war_memorial,2026-08-06T14:00:00+00:00,227,1200,18.9167,synthetic
war_memorial,2026-08-06T14:15:00+00:00,190,1200,15.8333,synthetic
war_memorial,2026-08-06T14:30:00+00:00,245,1200,20.4167,synthetic
war_memorial,2026-08-06T14:45:00+00:00,247,1200,20.5833,synthetic
war_memorial,2026-08-06T15:00:00+00:00,262,1200,21.8333,synthetic
war_memorial,2026-08-06T15:15:00+00:00,322,1200,26.8333,synthetic
war_memorial,2026-08-06T15:30:00+00:00,361,1200,30.0833,synthetic
war_memorial,2026-08-06T15:45:00+00:00,385,1200,32.0833,synthetic
war_memorial,2026-08-06T16:00:00+00:00,415,1200,34.5833,synthetic
war_memorial,2026-08-06T16:15:00+00:00,419,1200,34.9167,synthetic
war_memorial,2026-08-06T16:30:00+00:00,440,1200,36.6667,synthetic
war_memorial,2026-08-06T16:45:00+00:00,412,1200,34.3333,synthetic
war_memorial,2026-08-06T17:00:00+00:00,404,1200,33.6667,synthetic
war_memorial,2026-08-06T17:15:00+00:00,377,1200,31.4167,synthetic
war_memorial,2026-08-06T17:30:00+00:00,309,1200,25.75,synthetic
war_memorial,2026-08-06T17:45:00+00:00,295,1200,24.5833,synthetic
war_memorial,2026-08-06T18:00:00+00:00,261,1200,21.75,synthetic
war_memorial,2026-08-06T18:15:00+00:00,232,1200,19.3333,synthetic
war_memorial,2026-08-06T18:30:00+00:00,211,1200,17.5833,synthetic
war_memorial,2026-08-06T18:45:00+00:00,203,1200,16.9167,synthetic
war_memorial,2026-08-06T19:00:00+00:00,198,1200,16.5,synthetic
war_memorial,2026-08-06T19:15:00+00:00,198,1200,16.5,synthetic
war_memorial,2026-08-06T19:30:00+00:00,234,1200,19.5,synthetic
war_memorial,2026-08-06T19:45:00+00:00,280,1200,23.3333,synthetic
war_memorial,2026-08-06T20:00:00+00:00,326,1200,27.1667,synthetic
war_memorial,2026-08-06T20:15:00+00:00,382,1200,31.8333,synthetic
war_memorial,2026-08-06T20:30:00+00:00,432,1200,36.0,synthetic
war_memorial,2026-08-06T20:45:00+00:00,513,1200,42.75,synthetic
war_memorial,2026-08-06T21:00:00+00:00,555,1200,46.25,synthetic
war_memorial,2026-08-06T21:15:00+00:00,652,1200,54.3333,synthetic
war_memorial,2026-08-06T21:30:00+00:00,715,1200,59.5833,synthetic
war_memorial,2026-08-06T21:45:00+00:00,742,1200,61.8333,synthetic
war_memorial,2026-08-06T22:00:00+00:00,749,1200,62.4167,synthetic
war_memorial,2026-08-06T22:15:00+00:00,807,1200,67.25,synthetic
war_memorial,2026-08-06T22:30:00+00:00,793,1200,66.0833,synthetic
war_memorial,2026-08-06T22:45:00+00:00,863,1200,71.9167,synthetic
war_memorial,2026-08-06T23:00:00+00:00,843,1200,70.25,synthetic
war_memorial,2026-08-06T23:15:00+00:00,790,1200,65.8333,synthetic
war_memorial,2026-08-06T23:30:00+00:00,717,1200,59.75,synthetic
war_memorial,2026-08-06T23:45:00+00:00,643,1200,53.5833,synthetic
war_memorial,2026-08-07T00:00:00+00:00,597,1200,49.75,synthetic
war_memorial,2026-08-07T00:15:00+00:00,542,1200,45.1667,synthetic
war_memorial,2026-08-07T00:30:00+00:00,437,1200,36.4167,synthetic
war_memorial,2026-08-07T00:45:00+00:00,412,1200,34.3333,synthetic
war_memorial,2026-08-07T01:00:00+00:00,315,1200,26.25,synthetic
war_memorial,2026-08-07T01:15:00+00:00,300,1200,25.0,synthetic
war_memorial,2026-08-07T01:30:00+00:00,281,1200,23.4167,synthetic
war_memorial,2026-08-07T01:45:00+00:00,213,1200,17.75,synthetic
war_memorial,2026-08-07T02:00:00+00:00,190,1200,15.8333,synthetic
war_memorial,2026-08-07T02:15:00+00:00,134,1200,11.1667,synthetic
war_memorial,2026-08-07T02:30:00+00:00,116,1200,9.6667,synthetic
war_memorial,2026-08-07T02:45:00+00:00,60,1200,5.0,synthetic
war_memorial,2026-08-07T03:00:00+00:00,80,1200,6.6667,synthetic
war_memorial,2026-08-07T03:15:00+00:00,96,1200,8.0,synthetic
war_memorial,2026-08-07T03:30:00+00:00,57,1200,4.75,synthetic
war_memorial,2026-08-07T03:45:00+00:00,29,1200,2.4167,synthetic
mccomas,2026-08-07T04:00:00+00:00,20,600,3.3333,synthetic
mccomas,2026-08-07T04:15:00+00:00,29,600,4.8333,synthetic
mccomas,2026-08-07T04:30:00+00:00,50,600,8.3333,synthetic
mccomas,2026-08-07T04:45:00+00:00,33,600,5.5,synthetic
mccomas,2026-08-07T05:00:00+00:00,22,600,3.6667,synthetic
mccomas,2026-08-07T05:15:00+00:00,38,600,6.3333,synthetic
mccomas,2026-08-07T05:30:00+00:00,44,600,7.3333,synthetic
mccomas,2026-08-07T05:45:00+00:00,43,600,7.1667,synthetic
mccomas,2026-08-07T06:00:00+00:00,47,600,7.8333,synthetic
mccomas,2026-08-07T06:15:00+00:00,29,600,4.8333,synthetic
mccomas,2026-08-07T06:30:00+00:00,14,600,2.3333,synthetic
mccomas,2026-08-07T06:45:00+00:00,13,600,2.1667,synthetic
mccomas,2026-08-07T07:00:00+00:00,8,600,1.3333,synthetic
mccomas,2026-08-07T07:15:00+00:00,10,600,1.6667,synthetic
mccomas,2026-08-07T07:30:00+00:00,0,600,0.0,synthetic
mccomas,2026-08-07T07:45:00+00:00,0,600,0.0,synthetic
mccomas,2026-08-07T08:00:00+00:00,6,600,1.0,synthetic
mccomas,2026-08-07T08:15:00+00:00,14,600,2.3333,synthetic
mccomas,2026-08-07T08:30:00+00:00,19,600,3.1667,synthetic
mccomas,2026-08-07T08:45:00+00:00,24,600,4.0,synthetic
mccomas,2026-08-07T09:00:00+00:00,27,600,4.5,synthetic
mccomas,2026-08-07T09:15:00+00:00,43,600,7.1667,synthetic
mccomas,2026-08-07T09:30:00+00:00,57,600,9.5,synthetic
mccomas,2026-08-07T09:45:00+00:00,81,600,13.5,synthetic
mccomas,2026-08-07T10:00:00+00:00,98,600,16.3333,synthetic
mccomas,2026-08-07T10:15:00+00:00,89,600,14.8333,synthetic
mccomas,2026-08-07T10:30:00+00:00,107,600,17.8333,synthetic
mccomas,2026-08-07T10:45:00+00:00,125,600,20.8333,synthetic
mccomas,2026-08-07T11:00:00+00:00,141,600,23.5,synthetic
mccomas,2026-08-07T11:15:00+00:00,154,600,25.6667,synthetic
mccomas,2026-08-07T11:30:00+00:00,167,600,27.8333,synthetic
mccomas,2026-08-07T11:45:00+00:00,150,600,25.0,synthetic
mccomas,2026-08-07T12:00:00+00:00,157,600,26.1667,synthetic
mccomas,2026-08-07T12:15:00+00:00,131,600,21.8333,synthetic
mccomas,2026-08-07T12:30:00+00:00,130,600,21.6667,synthetic
mccomas,2026-08-07T12:45:00+00:00,102,600,17.0,synthetic
mccomas,2026-08-07T13:00:00+00:00,91,600,15.1667,synthetic
mccomas,2026-08-07T13:15:00+00:00,91,600,15.1667,synthetic
mccomas,2026-08-07T13:30:00+00:00,76,600,12.6667,synthetic
mccomas,2026-08-07T13:45:00+00:00,88,600,14.6667,synthetic
mccomas,2026-08-07T14:00:00+00:00,89,600,14.8333,synthetic
mccomas,2026-08-07T14:15:00+00:00,93,600,15.5,synthetic
mccomas,2026-08-07T14:30:00+00:00,92,600,15.3333,synthetic
mccomas,2026-08-07T14:45:00+00:00,116,600,19.3333,synthetic
mccomas,2026-08-07T15:00:00+00:00,121,600,20.1667,synthetic
mccomas,2026-08-07T15:15:00+00:00,127,600,21.1667,synthetic
mccomas,2026-08-07T15:30:00+00:00,150,600,25.0,synthetic
mccomas,2026-08-07T15:45:00+00:00,162,600,27.0,synthetic
mccomas,2026-08-07T16:00:00+00:00,159,600,26.5,synthetic
mccomas,2026-08-07T16:15:00+00:00,165,600,27.5,synthetic
mccomas,2026-08-07T16:30:00+00:00,183,600,30.5,synthetic
mccomas,2026-08-07T16:45:00+00:00,191,600,31.8333,synthetic
mccomas,2026-08-07T17:00:00+00:00,197,600,32.8333,synthetic
mccomas,2026-08-07T17:15:00+00:00,198,600,33.0,synthetic
mccomas,2026-08-07T17:30:00+00:00,195,600,32.5,synthetic
mccomas,2026-08-07T17:45:00+00:00,186,600,31.0,synthetic
mccomas,2026-08-07T18:00:00+00:00,181,600,30.1667,synthetic
mccomas,2026-08-07T18:15:00+00:00,182,600,30.3333,synthetic
mccomas,2026-08-07T18:30:00+00:00,200,600,33.3333,synthetic
mccomas,2026-08-07T18:45:00+00:00,193,600,32.1667,synthetic
mccomas,2026-08-07T19:00:00+00:00,225,600,37.5,synthetic
mccomas,2026-08-07T19:15:00+00:00,247,600,41.1667,synthetic
mccomas,2026-08-07T19:30:00+00:00,277,600,46.1667,synthetic
mccomas,2026-08-07T19:45:00+00:00,309,600,51.5,synthetic
mccomas,2026-08-07T20:00:00+00:00,344,600,57.3333,synthetic
mccomas,2026-08-07T20:15:00+00:00,375,600,62.5,synthetic
mccomas,2026-08-07T20:30:00+00:00,398,600,66.3333,synthetic
mccomas,2026-08-07T20:45:00+00:00,417,600,69.5,synthetic
mccomas,2026-08-07T21:00:00+00:00,437,600,72.8333,synthetic
mccomas,2026-08-07T21:15:00+00:00,442,600,73.6667,synthetic
mccomas,2026-08-07T21:30:00+00:00,457,600,76.1667,synthetic
mccomas,2026-08-07T21:45:00+00:00,472,600,78.6667,synthetic
mccomas,2026-08-07T22:00:00+00:00,438,600,73.0,synthetic
mccomas,2026-08-07T22:15:00+00:00,429,600,71.5,synthetic
mccomas,2026-08-07T22:30:00+00:00,404,600,67.3333,synthetic
mccomas,2026-08-07T22:45:00+00:00,367,600,61.1667,synthetic
mccomas,2026-08-07T23:00:00+00:00,329,600,54.8333,synthetic
mccomas,2026-08-07T23:15:00+00:00,300,600,50.0,synthetic
mccomas,2026-08-07T23:30:00+00:00,249,600,41.5,synthetic
mccomas,2026-08-07T23:45:00+00:00,205,600,34.1667,synthetic
mccomas,2026-08-08T00:00:00+00:00,162,600,27.0,synthetic
mccomas,2026-08-08T00:15:00+00:00,141,600,23.5,synthetic
mccomas,2026-08-08T00:30:00+00:00,112,600,18.6667,synthetic
mccomas,2026-08-08T00:45:00+00:00,80,600,13.3333,synthetic
mccomas,2026-08-08T01:00:00+00:00,80,600,13.3333,synthetic
mccomas,2026-08-08T01:15:00+00:00,55,600,9.1667,synthetic
mccomas,2026-08-08T01:30:00+00:00,45,600,7.5,synthetic
mccomas,2026-08-08T01:45:00+00:00,43,600,7.1667,synthetic
mccomas,2026-08-08T02:00:00+00:00,56,600,9.3333,synthetic
mccomas,2026-08-08T02:15:00+00:00,35,600,5.8333,synthetic
mccomas,2026-08-08T02:30:00+00:00,37,600,6.1667,synthetic
mccomas,2026-08-08T02:45:00+00:00,28,600,4.6667,synthetic
mccomas,2026-08-08T03:00:00+00:00,30,600,5.0,synthetic
mccomas,2026-08-08T03:15:00+00:00,23,600,3.8333,synthetic
mccomas,2026-08-08T03:30:00+00:00,26,600,4.3333,synthetic
mccomas,2026-08-08T03:45:00+00:00,20,600,3.3333,synthetic
war_memorial,2026-08-07T04:00:00+00:00,46,1200,3.8333,synthetic
war_memorial,2026-08-07T04:15:00+00:00,43,1200,3.5833,synthetic
war_memorial,2026-08-07T04:30:00+00:00,32,1200,2.6667,synthetic
war_memorial,2026-08-07T04:45:00+00:00,36,1200,3.0,synthetic
war_memorial,2026-08-07T05:00:00+00:00,36,1200,3.0,synthetic
war_memorial,2026-08-07T05:15:00+00:00,42,1200,3.5,synthetic
war_memorial,2026-08-07T05:30:00+00:00,43,1200,3.5833,synthetic
war_memorial,2026-08-07T05:45:00+00:00,75,1200,6.25,synthetic
war_memorial,2026-08-07T06:00:00+00:00,88,1200,7.3333,synthetic
war_memorial,2026-08-07T06:15:00+00:00,63,1200,5.25,synthetic
war_memorial,2026-08-07T06:30:00+00:00,110,1200,9.1667,synthetic
war_memorial,2026-08-07T06:45:00+00:00,74,1200,6.1667,synthetic
war_memorial,2026-08-07T07:00:00+00:00,80,1200,6.6667,synthetic
war_memorial,2026-08-07T07:15:00+00:00,86,1200,7.1667,synthetic
war_memorial,2026-08-07T07:30:00+00:00,88,1200,7.3333,synthetic
war_memorial,2026-08-07T07:45:00+00:00,51,1200,4.25,synthetic
war_memorial,2026-08-07T08:00:00+00:00,75,1200,6.25,synthetic
war_memorial,2026-08-07T08:15:00+00:00,53,1200,4.4167,synthetic
war_memorial,2026-08-07T08:30:00+00:00,70,1200,5.8333,synthetic
war_memorial,2026-08-07T08:45:00+00:00,67,1200,5.5833,synthetic
war_memorial,2026-08-07T09:00:00+00:00,0,1200,0.0,synthetic
war_memorial,2026-08-07T09:15:00+00:00,24,1200,2.0,synthetic
war_memorial,2026-08-07T09:30:00+00:00,29,1200,2.4167,synthetic
war_memorial,2026-08-07T09:45:00+00:00,75,1200,6.25,synthetic
war_memorial,2026-08-07T10:00:00+00:00,75,1200,6.25,synthetic
war_memorial,2026-08-07T10:15:00+00:00,80,1200,6.6667,synthetic
war_memorial,2026-08-07T10:30:00+00:00,126,1200,10.5,synthetic
war_memorial,2026-08-07T10:45:00+00:00,144,1200,12.0,synthetic
war_memorial,2026-08-07T11:00:00+00:00,183,1200,15.25,synthetic
war_memorial,2026-08-07T11:15:00+00:00,235,1200,19.5833,synthetic
war_memorial,2026-08-07T11:30:00+00:00,285,1200,23.75,synthetic
war_memorial,2026-08-07T11:45:00+00:00,306,1200,25.5,synthetic
war_memorial,2026-08-07T12:00:00+00:00,332,1200,27.6667,synthetic
war_memorial,2026-08-07T12:15:00+00:00,351,1200,29.25,synthetic
war_memorial,2026-08-07T12:30:00+00:00,360,1200,30.0,synthetic
war_memorial,2026-08-07T12:45:00+00:00,315,1200,26.25,synthetic
war_memorial,2026-08-07T13:00:00+00:00,208,1200,17.3333,synthetic
war_memorial,2026-08-07T13:15:00+00:00,233,1200,19.4167,synthetic
war_memorial,2026-08-07T13:30:00+00:00,232,1200,19.3333,synthetic
war_memorial,2026-08-07T13:45:00+00:00,211,1200,17.5833,synthetic
war_memorial,2026-08-07T14:00:00+00:00,186,1200,15.5,synthetic
war_memorial,2026-08-07T14:15:00+00:00,180,1200,15.0,synthetic
war_memorial,2026-08-07T14:30:00+00:00,178,1200,14.8333,synthetic
war_memorial,2026-08-07T14:45:00+00:00,218,1200,18.1667,synthetic
war_memorial,2026-08-07T15:00:00+00:00,232,1200,19.3333,synthetic
war_memorial,2026-08-07T15:15:00+00:00,243,1200,20.25,synthetic
war_memorial,2026-08-07T15:30:00+00:00,294,1200,24.5,synthetic
war_memorial,2026-08-07T15:45:00+00:00,323,1200,26.9167,synthetic
war_memorial,2026-08-07T16:00:00+00:00,356,1200,29.6667,synthetic
war_memorial,2026-08-07T16:15:00+00:00,374,1200,31.1667,synthetic
war_memorial,2026-08-07T16:30:00+00:00,391,1200,32.5833,synthetic
war_memorial,2026-08-07T16:45:00+00:00,387,1200,32.25,synthetic
war_memorial,2026-08-07T17:00:00+00:00,381,1200,31.75,synthetic
war_memorial,2026-08-07T17:15:00+00:00,395,1200,32.9167,synthetic
war_memorial,2026-08-07T17:30:00+00:00,386,1200,32.1667,synthetic
war_memorial,2026-08-07T17:45:00+00:00,330,1200,27.5,synthetic
war_memorial,2026-08-07T18:00:00+00:00,321,1200,26.75,synthetic
war_memorial,2026-08-07T18:15:00+00:00,312,1200,26.0,synthetic
war_memorial,2026-08-07T18:30:00+00:00,284,1200,23.6667,synthetic
war_memorial,2026-08-07T18:45:00+00:00,302,1200,25.1667,synthetic
war_memorial,2026-08-07T19:00:00+00:00,208,1200,17.3333,synthetic
war_memorial,2026-08-07T19:15:00+00:00,209,1200,17.4167,synthetic
war_memorial,2026-08-07T19:30:00+00:00,266,1200,22.1667,synthetic
war_memorial,2026-08-07T19:45:00+00:00,273,1200,22.75,synthetic
war_memorial,2026-08-07T20:00:00+00:00,320,1200,26.6667,synthetic
war_memorial,2026-08-07T20:15:00+00:00,367,1200,30.5833,synthetic
war_memorial,2026-08-07T20:30:00+00:00,416,1200,34.6667,synthetic
war_memorial,2026-08-07T20:45:00+00:00,437,1200,36.4167,synthetic
war_memorial,2026-08-07T21:00:00+00:00,503,1200,41.9167,synthetic
war_memorial,2026-08-07T21:15:00+00:00,572,1200,47.6667,synthetic
war_memorial,2026-08-07T21:30:00+00:00,659,1200,54.9167,synthetic
war_memorial,2026-08-07T21:45:00+00:00,707,1200,58.9167,synthetic
war_memorial,2026-08-07T22:00:00+00:00,762,1200,63.5,synthetic
war_memorial,2026-08-07T22:15:00+00:00,757,1200,63.0833,synthetic
war_memorial,2026-08-07T22:30:00+00:00,784,1200,65.3333,synthetic
war_memorial,2026-08-07T22:45:00+00:00,756,1200,63.0,synthetic
war_memorial,2026-08-07T23:00:00+00:00,730,1200,60.8333,synthetic
war_memorial,2026-08-07T23:15:00+00:00,670,1200,55.8333,synthetic
war_memorial,2026-08-07T23:30:00+00:00,664,1200,55.3333,synthetic
war_memorial,2026-08-07T23:45:00+00:00,577,1200,48.0833,synthetic
war_memorial,2026-08-08T00:00:00+00:00,518,1200,43.1667,synthetic
war_memorial,2026-08-08T00:15:00+00:00,491,1200,40.9167,synthetic
war_memorial,2026-08-08T00:30:00+00:00,392,1200,32.6667,synthetic
war_memorial,2026-08-08T00:45:00+00:00,339,1200,28.25,synthetic
war_memorial,2026-08-08T01:00:00+00:00,271,1200,22.5833,synthetic
war_memorial,2026-08-08T01:15:00+00:00,240,1200,20.0,synthetic
war_memorial,2026-08-08T01:30:00+00:00,209,1200,17.4167,synthetic
war_memorial,2026-08-08T01:45:00+00:00,168,1200,14.0,synthetic
war_memorial,2026-08-08T02:00:00+00:00,133,1200,11.0833,synthetic
war_memorial,2026-08-08T02:15:00+00:00,101,1200,8.4167,synthetic
war_memorial,2026-08-08T02:30:00+00:00,73,1200,6.0833,synthetic
war_memorial,2026-08-08T02:45:00+00:00,57,1200,4.75,synthetic
war_memorial,2026-08-08T03:00:00+00:00,36,1200,3.0,synthetic
war_memorial,2026-08-08T03:15:00+00:00,69,1200,5.75,synthetic
war_memorial,2026-08-08T03:30:00+00:00,59,1200,4.9167,synthetic
war_memorial,2026-08-08T03:45:00+00:00,50,1200,4.1667,synthetic
mccomas,2026-08-08T04:00:00+00:00,45,600,7.5,synthetic
mccomas,2026-08-08T04:15:00+00:00,40,600,6.6667,synthetic
mccomas,2026-08-08T04:30:00+00:00,49,600,8.1667,synthetic
mccomas,2026-08-08T04:45:00+00:00,22,600,3.6667,synthetic
mccomas,2026-08-08T05:00:00+00:00,17,600,2.8333,synthetic
mccomas,2026-08-08T05:15:00+00:00,27,600,4.5,synthetic
mccomas,2026-08-08T05:30:00+00:00,16,600,2.6667,synthetic
mccomas,2026-08-08T05:45:00+00:00,2,600,0.3333,synthetic
mccomas,2026-08-08T06:00:00+00:00,22,600,3.6667,synthetic
mccomas,2026-08-08T06:15:00+00:00,6,600,1.0,synthetic
mccomas,2026-08-08T06:30:00+00:00,23,600,3.8333,synthetic
mccomas,2026-08-08T06:45:00+00:00,14,600,2.3333,synthetic
mccomas,2026-08-08T07:00:00+00:00,13,600,2.1667,synthetic
mccomas,2026-08-08T07:15:00+00:00,31,600,5.1667,synthetic
mccomas,2026-08-08T07:30:00+00:00,31,600,5.1667,synthetic
mccomas,2026-08-08T07:45:00+00:00,25,600,4.1667,synthetic
mccomas,2026-08-08T08:00:00+00:00,35,600,5.8333,synthetic
mccomas,2026-08-08T08:15:00+00:00,12,600,2.0,synthetic
mccomas,2026-08-08T08:30:00+00:00,32,600,5.3333,synthetic
mccomas,2026-08-08T08:45:00+00:00,38,600,6.3333,synthetic
mccomas,2026-08-08T09:00:00+00:00,25,600,4.1667,synthetic
mccomas,2026-08-08T09:15:00+00:00,32,600,5.3333,synthetic
mccomas,2026-08-08T09:30:00+00:00,25,600,4.1667,synthetic
mccomas,2026-08-08T09:45:00+00:00,15,600,2.5,synthetic
mccomas,2026-08-08T10:00:00+00:00,33,600,5.5,synthetic
mccomas,2026-08-08T10:15:00+00:00,40,600,6.6667,synthetic
mccomas,2026-08-08T10:30:00+00:00,40,600,6.6667,synthetic
mccomas,2026-08-08T10:45:00+00:00,35,600,5.8333,synthetic
mccomas,2026-08-08T11:00:00+00:00,42,600,7.0,synthetic
mccomas,2026-08-08T11:15:00+00:00,44,600,7.3333,synthetic
mccomas,2026-08-08T11:30:00+00:00,39,600,6.5,synthetic
mccomas,2026-08-08T11:45:00+00:00,65,600,10.8333,synthetic
mccomas,2026-08-08T12:00:00+00:00,63,600,10.5,synthetic
mccomas,2026-08-08T12:15:00+00:00,76,600,12.6667,synthetic
mccomas,2026-08-08T12:30:00+00:00,82,600,13.6667,synthetic
mccomas,2026-08-08T12:45:00+00:00,99,600,16.5,synthetic
mccomas,2026-08-08T13:00:00+00:00,101,600,16.8333,synthetic
mccomas,2026-08-08T13:15:00+00:00,127,600,21.1667,synthetic
mccomas,2026-08-08T13:30:00+00:00,127,600,21.1667,synthetic
mccomas,2026-08-08T13:45:00+00:00,161,600,26.8333,synthetic
mccomas,2026-08-08T14:00:00+00:00,169,600,28.1667,synthetic
mccomas,2026-08-08T14:15:00+00:00,201,600,33.5,synthetic
mccomas,2026-08-08T14:30:00+00:00,253,600,42.1667,synthetic
mccomas,2026-08-08T14:45:00+00:00,268,600,44.6667,synthetic
mccomas,2026-08-08T15:00:00+00:00,272,600,45.3333,synthetic
mccomas,2026-08-08T15:15:00+00:00,297,600,49.5,synthetic
mccomas,2026-08-08T15:30:00+00:00,314,600,52.3333,synthetic
mccomas,2026-08-08T15:45:00+00:00,324,600,54.0,synthetic
mccomas,2026-08-08T16:00:00+00:00,315,600,52.5,synthetic
mccomas,2026-08-08T16:15:00+00:00,306,600,51.0,synthetic
mccomas,2026-08-08T16:30:00+00:00,292,600,48.6667,synthetic
mccomas,2026-08-08T16:45:00+00:00,274,600,45.6667,synthetic
mccomas,2026-08-08T17:00:00+00:00,255,600,42.5,synthetic
mccomas,2026-08-08T17:15:00+00:00,247,600,41.1667,synthetic
mccomas,2026-08-08T17:30:00+00:00,223,600,37.1667,synthetic
mccomas,2026-08-08T17:45:00+00:00,216,600,36.0,synthetic
mccomas,2026-08-08T18:00:00+00:00,230,600,38.3333,synthetic
mccomas,2026-08-08T18:15:00+00:00,215,600,35.8333,synthetic
mccomas,2026-08-08T18:30:00+00:00,232,600,38.6667,synthetic
mccomas,2026-08-08T18:45:00+00:00,259,600,43.1667,synthetic
mccomas,2026-08-08T19:00:00+00:00,302,600,50.3333,synthetic
mccomas,2026-08-08T19:15:00+00:00,303,600,50.5,synthetic
mccomas,2026-08-08T19:30:00+00:00,309,600,51.5,synthetic
mccomas,2026-08-08T19:45:00+00:00,336,600,56.0,synthetic
mccomas,2026-08-08T20:00:00+00:00,340,600,56.6667,synthetic
mccomas,2026-08-08T20:15:00+00:00,364,600,60.6667,synthetic
mccomas,2026-08-08T20:30:00+00:00,357,600,59.5,synthetic
mccomas,2026-08-08T20:45:00+00:00,361,600,60.1667,synthetic
mccomas,2026-08-08T21:00:00+00:00,347,600,57.8333,synthetic
mccomas,2026-08-08T21:15:00+00:00,332,600,55.3333,synthetic
mccomas,2026-08-08T21:30:00+00:00,317,600,52.8333,synthetic
mccomas,2026-08-08T21:45:00+00:00,291,600,48.5,synthetic
mccomas,2026-08-08T22:00:00+00:00,255,600,42.5,synthetic
mccomas,2026-08-08T22:15:00+00:00,246,600,41.0,synthetic
mccomas,2026-08-08T22:30:00+00:00,199,600,33.1667,synthetic
mccomas,2026-08-08T22:45:00+00:00,180,600,30.0,synthetic
mccomas,2026-08-08T23:00:00+00:00,155,600,25.8333,synthetic
mccomas,2026-08-08T23:15:00+00:00,129,600,21.5,synthetic
mccomas,2026-08-08T23:30:00+00:00,93,600,15.5,synthetic
mccomas,2026-08-08T23:45:00+00:00,87,600,14.5,synthetic
mccomas,2026-08-09T00:00:00+00:00,67,600,11.1667,synthetic
mccomas,2026-08-09T00:15:00+00:00,68,600,11.3333,synthetic
mccomas,2026-08-09T00:30:00+00:00,47,600,7.8333,synthetic
mccomas,2026-08-09T00:45:00+00:00,35,600,5.8333,synthetic
mccomas,2026-08-09T01:00:00+00:00,32,600,5.3333,synthetic
mccomas,2026-08-09T01:15:00+00:00,31,600,5.1667,synthetic
mccomas,2026-08-09T01:30:00+00:00,26,600,4.3333,synthetic
mccomas,2026-08-09T01:45:00+00:00,45,600,7.5,synthetic
mccomas,2026-08-09T02:00:00+00:00,12,600,2.0,synthetic
mccomas,2026-08-09T02:15:00+00:00,39,600,6.5,synthetic
mccomas,2026-08-09T02:30:00+00:00,13,600,2.1667,synthetic
mccomas,2026-08-09T02:45:00+00:00,49,600,8.1667,synthetic
mccomas,2026-08-09T03:00:00+00:00,60,600,10.0,synthetic
mccomas,2026-08-09T03:15:00+00:00,55,600,9.1667,synthetic
mccomas,2026-08-09T03:30:00+00:00,40,600,6.6667,synthetic
mccomas,2026-08-09T03:45:00+00:00,38,600,6.3333,synthetic
war_memorial,2026-08-08T04:00:00+00:00,104,1200,8.6667,synthetic
war_memorial,2026-08-08T04:15:00+00:00,80,1200,6.6667,synthetic
war_memorial,2026-08-08T04:30:00+00:00,124,1200,10.3333,synthetic
war_memorial,2026-08-08T04:45:00+00:00,63,1200,5.25,synthetic
war_memorial,2026-08-08T05:00:00+00:00,98,1200,8.1667,synthetic
war_memorial,2026-08-08T05:15:00+00:00,76,1200,6.3333,synthetic
war_memorial,2026-08-08T05:30:00+00:00,98,1200,8.1667,synthetic
war_memorial,2026-08-08T05:45:00+00:00,53,1200,4.4167,synthetic
war_memorial,2026-08-08T06:00:00+00:00,79,1200,6.5833,synthetic
war_memorial,2026-08-08T06:15:00+00:00,58,1200,4.8333,synthetic
war_memorial,2026-08-08T06:30:00+00:00,64,1200,5.3333,synthetic
war_memorial,2026-08-08T06:45:00+00:00,76,1200,6.3333,synthetic
war_memorial,2026-08-08T07:00:00+00:00,46,1200,3.8333,synthetic
war_memorial,2026-08-08T07:15:00+00:00,72,1200,6.0,synthetic
war_memorial,2026-08-08T07:30:00+00:00,25,1200,2.0833,synthetic
war_memorial,2026-08-08T07:45:00+00:00,72,1200,6.0,synthetic
war_memorial,2026-08-08T08:00:00+00:00,89,1200,7.4167,synthetic
war_memorial,2026-08-08T08:15:00+00:00,99,1200,8.25,synthetic
war_memorial,2026-08-08T08:30:00+00:00,101,1200,8.4167,synthetic
war_memorial,2026-08-08T08:45:00+00:00,87,1200,7.25,synthetic
war_memorial,2026-08-08T09:00:00+00:00,67,1200,5.5833,synthetic
war_memorial,2026-08-08T09:15:00+00:00,38,1200,3.1667,synthetic
war_memorial,2026-08-08T09:30:00+00:00,54,1200,4.5,synthetic
war_memorial,2026-08-08T09:45:00+00:00,68,1200,5.6667,synthetic
war_memorial,2026-08-08T10:00:00+00:00,49,1200,4.0833,synthetic
war_memorial,2026-08-08T10:15:00+00:00,46,1200,3.8333,synthetic
war_memorial,2026-08-08T10:30:00+00:00,27,1200,2.25,synthetic
war_memorial,2026-08-08T10:45:00+00:00,33,1200,2.75,synthetic
war_memorial,2026-08-08T11:00:00+00:00,55,1200,4.5833,synthetic
war_memorial,2026-08-08T11:15:00+00:00,73,1200,6.0833,synthetic
war_memorial,2026-08-08T11:30:00+00:00,73,1200,6.0833,synthetic
war_memorial,2026-08-08T11:45:00+00:00,77,1200,6.4167,synthetic
war_memorial,2026-08-08T12:00:00+00:00,91,1200,7.5833,synthetic
war_memorial,2026-08-08T12:15:00+00:00,70,1200,5.8333,synthetic
war_memorial,2026-08-08T12:30:00+00:00,109,1200,9.0833,synthetic
war_memorial,2026-08-08T12:45:00+00:00,122,1200,10.1667,synthetic
war_memorial,2026-08-08T13:00:00+00:00,133,1200,11.0833,synthetic
war_memorial,2026-08-08T13:15:00+00:00,146,1200,12.1667,synthetic
war_memorial,2026-08-08T13:30:00+00:00,188,1200,15.6667,synthetic
war_memorial,2026-08-08T13:45:00+00:00,217,1200,18.0833,synthetic
war_memorial,2026-08-08T14:00:00+00:00,212,1200,17.6667,synthetic
war_memorial,2026-08-08T14:15:00+00:00,289,1200,24.0833,synthetic
war_memorial,2026-08-08T14:30:00+00:00,320,1200,26.6667,synthetic
war_memorial,2026-08-08T14:45:00+00:00,373,1200,31.0833,synthetic
war_memorial,2026-08-08T15:00:00+00:00,458,1200,38.1667,synthetic
war_memorial,2026-08-08T15:15:00+00:00,533,1200,44.4167,synthetic
war_memorial,2026-08-08T15:30:00+00:00,606,1200,50.5,synthetic
war_memorial,2026-08-08T15:45:00+00:00,621,1200,51.75,synthetic
war_memorial,2026-08-08T16:00:00+00:00,698,1200,58.1667,synthetic
war_memorial,2026-08-08T16:15:00+00:00,742,1200,61.8333,synthetic
war_memorial,2026-08-08T16:30:00+00:00,812,1200,67.6667,synthetic
war_memorial,2026-08-08T16:45:00+00:00,861,1200,71.75,synthetic
war_memorial,2026-08-08T17:00:00+00:00,860,1200,71.6667,synthetic
war_memorial,2026-08-08T17:15:00+00:00,876,1200,73.0,synthetic
war_memorial,2026-08-08T17:30:00+00:00,858,1200,71.5,synthetic
war_memorial,2026-08-08T17:45:00+00:00,868,1200,72.3333,synthetic
war_memorial,2026-08-08T18:00:00+00:00,895,1200,74.5833,synthetic
war_memorial,2026-08-08T18:15:00+00:00,875,1200,72.9167,synthetic
war_memorial,2026-08-08T18:30:00+00:00,886,1200,73.8333,synthetic
war_memorial,2026-08-08T18:45:00+00:00,862,1200,71.8333,synthetic
war_memorial,2026-08-08T19:00:00+00:00,862,1200,71.8333,synthetic
war_memorial,2026-08-08T19:15:00+00:00,808,1200,67.3333,synthetic
war_memorial,2026-08-08T19:30:00+00:00,788,1200,65.6667,synthetic
war_memorial,2026-08-08T19:45:00+00:00,806,1200,67.1667,synthetic
war_memorial,2026-08-08T20:00:00+00:00,774,1200,64.5,synthetic
war_memorial,2026-08-08T20:15:00+00:00,745,1200,62.0833,synthetic
war_memorial,2026-08-08T20:30:00+00:00,648,1200,54.0,synthetic
war_memorial,2026-08-08T20:45:00+00:00,578,1200,48.1667,synthetic
war_memorial,2026-08-08T21:00:00+00:00,514,1200,42.8333,synthetic
war_memorial,2026-08-08T21:15:00+00:00,463,1200,38.5833,synthetic
war_memorial,2026-08-08T21:30:00+00:00,381,1200,31.75,synthetic
war_memorial,2026-08-08T21:45:00+00:00,351,1200,29.25,synthetic
war_memorial,2026-08-08T22:00:00+00:00,324,1200,27.0,synthetic
war_memorial,2026-08-08T22:15:00+00:00,269,1200,22.4167,synthetic
war_memorial,2026-08-08T22:30:00+00:00,247,1200,20.5833,synthetic
war_memorial,2026-08-08T22:45:00+00:00,194,1200,16.1667,synthetic
war_memorial,2026-08-08T23:00:00+00:00,189,1200,15.75,synthetic
war_memorial,2026-08-08T23:15:00+00:00,185,1200,15.4167,synthetic
war_memorial,2026-08-08T23:30:00+00:00,146,1200,12.1667,synthetic
war_memorial,2026-08-08T23:45:00+00:00,135,1200,11.25,synthetic
war_memorial,2026-08-09T00:00:00+00:00,107,1200,8.9167,synthetic
war_memorial,2026-08-09T00:15:00+00:00,102,1200,8.5,synthetic
war_memorial,2026-08-09T00:30:00+00:00,62,1200,5.1667,synthetic
war_memorial,2026-08-09T00:45:00+00:00,83,1200,6.9167,synthetic
war_memorial,2026-08-09T01:00:00+00:00,75,1200,6.25,synthetic
war_memorial,2026-08-09T01:15:00+00:00,116,1200,9.6667,synthetic
war_memorial,2026-08-09T01:30:00+00:00,81,1200,6.75,synthetic
war_memorial,2026-08-09T01:45:00+00:00,112,1200,9.3333,synthetic
war_memorial,2026-08-09T02:00:00+00:00,103,1200,8.5833,synthetic
war_memorial,2026-08-09T02:15:00+00:00,69,1200,5.75,synthetic
war_memorial,2026-08-09T02:30:00+00:00,66,1200,5.5,synthetic
war_memorial,2026-08-09T02:45:00+00:00,61,1200,5.0833,synthetic
war_memorial,2026-08-09T03:00:00+00:00,84,1200,7.0,synthetic
war_memorial,2026-08-09T03:15:00+00:00,74,1200,6.1667,synthetic
war_memorial,2026-08-09T03:30:00+00:00,6,1200,0.5,synthetic
war_memorial,2026-08-09T03:45:00+00:00,68,1200,5.6667,synthetic
mccomas,2026-08-09T04:00:00+00:00,59,600,9.8333,synthetic
mccomas,2026-08-09T04:15:00+00:00,56,600,9.3333,synthetic
mccomas,2026-08-09T04:30:00+00:00,62,600,10.3333,synthetic
mccomas,2026-08-09T04:45:00+00:00,57,600,9.5,synthetic
mccomas,2026-08-09T05:00:00+00:00,41,600,6.8333,synthetic
mccomas,2026-08-09T05:15:00+00:00,52,600,8.6667,synthetic
mccomas,2026-08-09T05:30:00+00:00,59,600,9.8333,synthetic
mccomas,2026-08-09T05:45:00+00:00,51,600,8.5,synthetic
mccomas,2026-08-09T06:00:00+00:00,52,600,8.6667,synthetic
mccomas,2026-08-09T06:15:00+00:00,55,600,9.1667,synthetic
mccomas,2026-08-09T06:30:00+00:00,73,600,12.1667,synthetic
mccomas,2026-08-09T06:45:00+00:00,75,600,12.5,synthetic
mccomas,2026-08-09T07:00:00+00:00,63,600,10.5,synthetic
mccomas,2026-08-09T07:15:00+00:00,53,600,8.8333,synthetic
mccomas,2026-08-09T07:30:00+00:00,59,600,9.8333,synthetic
mccomas,2026-08-09T07:45:00+00:00,53,600,8.8333,synthetic
mccomas,2026-08-09T08:00:00+00:00,53,600,8.8333,synthetic
mccomas,2026-08-09T08:15:00+00:00,42,600,7.0,synthetic
mccomas,2026-08-09T08:30:00+00:00,60,600,10.0,synthetic
mccomas,2026-08-09T08:45:00+00:00,59,600,9.8333,synthetic
mccomas,2026-08-09T09:00:00+00:00,64,600,10.6667,synthetic
mccomas,2026-08-09T09:15:00+00:00,74,600,12.3333,synthetic
mccomas,2026-08-09T09:30:00+00:00,56,600,9.3333,synthetic
mccomas,2026-08-09T09:45:00+00:00,79,600,13.1667,synthetic
mccomas,2026-08-09T10:00:00+00:00,92,600,15.3333,synthetic
mccomas,2026-08-09T10:15:00+00:00,70,600,11.6667,synthetic
mccomas,2026-08-09T10:30:00+00:00,61,600,10.1667,synthetic
mccomas,2026-08-09T10:45:00+00:00,60,600,10.0,synthetic
mccomas,2026-08-09T11:00:00+00:00,75,600,12.5,synthetic
mccomas,2026-08-09T11:15:00+00:00,75,600,12.5,synthetic
mccomas,2026-08-09T11:30:00+00:00,73,600,12.1667,synthetic
mccomas,2026-08-09T11:45:00+00:00,73,600,12.1667,synthetic
mccomas,2026-08-09T12:00:00+00:00,83,600,13.8333,synthetic
mccomas,2026-08-09T12:15:00+00:00,78,600,13.0,synthetic
mccomas,2026-08-09T12:30:00+00:00,85,600,14.1667,synthetic
mccomas,2026-08-09T12:45:00+00:00,103,600,17.1667,synthetic
mccomas,2026-08-09T13:00:00+00:00,117,600,19.5,synthetic
mccomas,2026-08-09T13:15:00+00:00,135,600,22.5,synthetic
mccomas,2026-08-09T13:30:00+00:00,180,600,30.0,synthetic
mccomas,2026-08-09T13:45:00+00:00,198,600,33.0,synthetic
mccomas,2026-08-09T14:00:00+00:00,235,600,39.1667,synthetic
mccomas,2026-08-09T14:15:00+00:00,264,600,44.0,synthetic
mccomas,2026-08-09T14:30:00+00:00,267,600,44.5,synthetic
mccomas,2026-08-09T14:45:00+00:00,295,600,49.1667,synthetic
mccomas,2026-08-09T15:00:00+00:00,307,600,51.1667,synthetic
mccomas,2026-08-09T15:15:00+00:00,311,600,51.8333,synthetic
mccomas,2026-08-09T15:30:00+00:00,328,600,54.6667,synthetic
mccomas,2026-08-09T15:45:00+00:00,325,600,54.1667,synthetic
mccomas,2026-08-09T16:00:00+00:00,327,600,54.5,synthetic
mccomas,2026-08-09T16:15:00+00:00,305,600,50.8333,synthetic
mccomas,2026-08-09T16:30:00+00:00,304,600,50.6667,synthetic
mccomas,2026-08-09T16:45:00+00:00,281,600,46.8333,synthetic
mccomas,2026-08-09T17:00:00+00:00,255,600,42.5,synthetic
mccomas,2026-08-09T17:15:00+00:00,248,600,41.3333,synthetic
mccomas,2026-08-09T17:30:00+00:00,246,600,41.0,synthetic
mccomas,2026-08-09T17:45:00+00:00,244,600,40.6667,synthetic
mccomas,2026-08-09T18:00:00+00:00,241,600,40.1667,synthetic
mccomas,2026-08-09T18:15:00+00:00,247,600,41.1667,synthetic
mccomas,2026-08-09T18:30:00+00:00,238,600,39.6667,synthetic
mccomas,2026-08-09T18:45:00+00:00,269,600,44.8333,synthetic
mccomas,2026-08-09T19:00:00+00:00,272,600,45.3333,synthetic
mccomas,2026-08-09T19:15:00+00:00,319,600,53.1667,synthetic
mccomas,2026-08-09T19:30:00+00:00,335,600,55.8333,synthetic
mccomas,2026-08-09T19:45:00+00:00,354,600,59.0,synthetic
mccomas,2026-08-09T20:00:00+00:00,363,600,60.5,synthetic
mccomas,2026-08-09T20:15:00+00:00,385,600,64.1667,synthetic
mccomas,2026-08-09T20:30:00+00:00,389,600,64.8333,synthetic
mccomas,2026-08-09T20:45:00+00:00,366,600,61.0,synthetic
mccomas,2026-08-09T21:00:00+00:00,361,600,60.1667,synthetic
mccomas,2026-08-09T21:15:00+00:00,344,600,57.3333,synthetic
mccomas,2026-08-09T21:30:00+00:00,306,600,51.0,synthetic
mccomas,2026-08-09T21:45:00+00:00,277,600,46.1667,synthetic
mccomas,2026-08-09T22:00:00+00:00,234,600,39.0,synthetic
mccomas,2026-08-09T22:15:00+00:00,203,600,33.8333,synthetic
mccomas,2026-08-09T22:30:00+00:00,175,600,29.1667,synthetic
mccomas,2026-08-09T22:45:00+00:00,161,600,26.8333,synthetic
mccomas,2026-08-09T23:00:00+00:00,137,600,22.8333,synthetic
mccomas,2026-08-09T23:15:00+00:00,126,600,21.0,synthetic
mccomas,2026-08-09T23:30:00+00:00,122,600,20.3333,synthetic
mccomas,2026-08-09T23:45:00+00:00,103,600,17.1667,synthetic
mccomas,2026-08-10T00:00:00+00:00,92,600,15.3333,synthetic
mccomas,2026-08-10T00:15:00+00:00,83,600,13.8333,synthetic
mccomas,2026-08-10T00:30:00+00:00,96,600,16.0,synthetic
mccomas,2026-08-10T00:45:00+00:00,86,600,14.3333,synthetic
mccomas,2026-08-10T01:00:00+00:00,67,600,11.1667,synthetic
mccomas,2026-08-10T01:15:00+00:00,73,600,12.1667,synthetic
mccomas,2026-08-10T01:30:00+00:00,81,600,13.5,synthetic
mccomas,2026-08-10T01:45:00+00:00,76,600,12.6667,synthetic
mccomas,2026-08-10T02:00:00+00:00,57,600,9.5,synthetic
mccomas,2026-08-10T02:15:00+00:00,79,600,13.1667,synthetic
mccomas,2026-08-10T02:30:00+00:00,73,600,12.1667,synthetic
mccomas,2026-08-10T02:45:00+00:00,83,600,13.8333,synthetic
mccomas,2026-08-10T03:00:00+00:00,59,600,9.8333,synthetic
mccomas,2026-08-10T03:15:00+00:00,60,600,10.0,synthetic
mccomas,2026-08-10T03:30:00+00:00,52,600,8.6667,synthetic
mccomas,2026-08-10T03:45:00+00:00,53,600,8.8333,synthetic
war_memorial,2026-08-09T04:00:00+00:00,55,1200,4.5833,synthetic
war_memorial,2026-08-09T04:15:00+00:00,67,1200,5.5833,synthetic
war_memorial,2026-08-09T04:30:00+00:00,4,1200,0.3333,synthetic
war_memorial,2026-08-09T04:45:00+00:00,47,1200,3.9167,synthetic
war_memorial,2026-08-09T05:00:00+00:00,64,1200,5.3333,synthetic
war_memorial,2026-08-09T05:15:00+00:00,40,1200,3.3333,synthetic
war_memorial,2026-08-09T05:30:00+00:00,55,1200,4.5833,synthetic
war_memorial,2026-08-09T05:45:00+00:00,30,1200,2.5,synthetic
war_memorial,2026-08-09T06:00:00+00:00,51,1200,4.25,synthetic
war_memorial,2026-08-09T06:15:00+00:00,42,1200,3.5,synthetic
war_memorial,2026-08-09T06:30:00+00:00,61,1200,5.0833,synthetic
war_memorial,2026-08-09T06:45:00+00:00,6,1200,0.5,synthetic
war_memorial,2026-08-09T07:00:00+00:00,17,1200,1.4167,synthetic
war_memorial,2026-08-09T07:15:00+00:00,0,1200,0.0,synthetic
war_memorial,2026-08-09T07:30:00+00:00,0,1200,0.0,synthetic
war_memorial,2026-08-09T07:45:00+00:00,16,1200,1.3333,synthetic
war_memorial,2026-08-09T08:00:00+00:00,0,1200,0.0,synthetic
war_memorial,2026-08-09T08:15:00+00:00,19,1200,1.5833,synthetic
war_memorial,2026-08-09T08:30:00+00:00,54,1200,4.5,synthetic
war_memorial,2026-08-09T08:45:00+00:00,32,1200,2.6667,synthetic
war_memorial,2026-08-09T09:00:00+00:00,31,1200,2.5833,synthetic
war_memorial,2026-08-09T09:15:00+00:00,42,1200,3.5,synthetic
war_memorial,2026-08-09T09:30:00+00:00,1,1200,0.0833,synthetic
war_memorial,2026-08-09T09:45:00+00:00,7,1200,0.5833,synthetic
war_memorial,2026-08-09T10:00:00+00:00,50,1200,4.1667,synthetic
war_memorial,2026-08-09T10:15:00+00:00,9,1200,0.75,synthetic
war_memorial,2026-08-09T10:30:00+00:00,30,1200,2.5,synthetic
war_memorial,2026-08-09T10:45:00+00:00,17,1200,1.4167,synthetic
war_memorial,2026-08-09T11:00:00+00:00,25,1200,2.0833,synthetic
war_memorial,2026-08-09T11:15:00+00:00,18,1200,1.5,synthetic
war_memorial,2026-08-09T11:30:00+00:00,0,1200,0.0,synthetic
war_memorial,2026-08-09T11:45:00+00:00,15,1200,1.25,synthetic
war_memorial,2026-08-09T12:00:00+00:00,0,1200,0.0,synthetic
war_memorial,2026-08-09T12:15:00+00:00,11,1200,0.9167,synthetic
war_memorial,2026-08-09T12:30:00+00:00,27,1200,2.25,synthetic
war_memorial,2026-08-09T12:45:00+00:00,43,1200,3.5833,synthetic
war_memorial,2026-08-09T13:00:00+00:00,55,1200,4.5833,synthetic
war_memorial,2026-08-09T13:15:00+00:00,71,1200,5.9167,synthetic
war_memorial,2026-08-09T13:30:00+00:00,72,1200,6.0,synthetic
war_memorial,2026-08-09T13:45:00+00:00,136,1200,11.3333,synthetic
war_memorial,2026-08-09T14:00:00+00:00,178,1200,14.8333,synthetic
war_memorial,2026-08-09T14:15:00+00:00,235,1200,19.5833,synthetic
war_memorial,2026-08-09T14:30:00+00:00,305,1200,25.4167,synthetic
war_memorial,2026-08-09T14:45:00+00:00,337,1200,28.0833,synthetic
war_memorial,2026-08-09T15:00:00+00:00,405,1200,33.75,synthetic
war_memorial,2026-08-09T15:15:00+00:00,467,1200,38.9167,synthetic
war_memorial,2026-08-09T15:30:00+00:00,484,1200,40.3333,synthetic
war_memorial,2026-08-09T15:45:00+00:00,578,1200,48.1667,synthetic
war_memorial,2026-08-09T16:00:00+00:00,620,1200,51.6667,synthetic
war_memorial,2026-08-09T16:15:00+00:00,675,1200,56.25,synthetic
war_memorial,2026-08-09T16:30:00+00:00,738,1200,61.5,synthetic
war_memorial,2026-08-09T16:45:00+00:00,743,1200,61.9167,synthetic
war_memorial,2026-08-09T17:00:00+00:00,767,1200,63.9167,synthetic
war_memorial,2026-08-09T17:15:00+00:00,778,1200,64.8333,synthetic
war_memorial,2026-08-09T17:30:00+00:00,772,1200,64.3333,synthetic
war_memorial,2026-08-09T17:45:00+00:00,803,1200,66.9167,synthetic
war_memorial,2026-08-09T18:00:00+00:00,787,1200,65.5833,synthetic
war_memorial,2026-08-09T18:15:00+00:00,808,1200,67.3333,synthetic
war_memorial,2026-08-09T18:30:00+00:00,811,1200,67.5833,synthetic
war_memorial,2026-08-09T18:45:00+00:00,858,1200,71.5,synthetic
war_memorial,2026-08-09T19:00:00+00:00,823,1200,68.5833,synthetic
war_memorial,2026-08-09T19:15:00+00:00,809,1200,67.4167,synthetic
war_memorial,2026-08-09T19:30:00+00:00,756,1200,63.0,synthetic
war_memorial,2026-08-09T19:45:00+00:00,727,1200,60.5833,synthetic
war_memorial,2026-08-09T20:00:00+00:00,656,1200,54.6667,synthetic
war_memorial,2026-08-09T20:15:00+00:00,618,1200,51.5,synthetic
war_memorial,2026-08-09T20:30:00+00:00,582,1200,48.5,synthetic
war_memorial,2026-08-09T20:45:00+00:00,513,1200,42.75,synthetic
war_memorial,2026-08-09T21:00:00+00:00,446,1200,37.1667,synthetic
war_memorial,2026-08-09T21:15:00+00:00,395,1200,32.9167,synthetic
war_memorial,2026-08-09T21:30:00+00:00,327,1200,27.25,synthetic
war_memorial,2026-08-09T21:45:00+00:00,255,1200,21.25,synthetic
war_memorial,2026-08-09T22:00:00+00:00,243,1200,20.25,synthetic
war_memorial,2026-08-09T22:15:00+00:00,195,1200,16.25,synthetic
war_memorial,2026-08-09T22:30:00+00:00,129,1200,10.75,synthetic
war_memorial,2026-08-09T22:45:00+00:00,95,1200,7.9167,synthetic
war_memorial,2026-08-09T23:00:00+00:00,81,1200,6.75,synthetic
war_memorial,2026-08-09T23:15:00+00:00,45,1200,3.75,synthetic
war_memorial,2026-08-09T23:30:00+00:00,36,1200,3.0,synthetic
war_memorial,2026-08-09T23:45:00+00:00,0,1200,0.0,synthetic
war_memorial,2026-08-10T00:00:00+00:00,0,1200,0.0,synthetic
war_memorial,2026-08-10T00:15:00+00:00,0,1200,0.0,synthetic
war_memorial,2026-08-10T00:30:00+00:00,8,1200,0.6667,synthetic
war_memorial,2026-08-10T00:45:00+00:00,12,1200,1.0,synthetic
war_memorial,2026-08-10T01:00:00+00:00,0,1200,0.0,synthetic
war_memorial,2026-08-10T01:15:00+00:00,0,1200,0.0,synthetic
war_memorial,2026-08-10T01:30:00+00:00,0,1200,0.0,synthetic
war_memorial,2026-08-10T01:45:00+00:00,6,1200,0.5,synthetic
war_memorial,2026-08-10T02:00:00+00:00,12,1200,1.0,synthetic
war_memorial,2026-08-10T02:15:00+00:00,13,1200,1.0833,synthetic
war_memorial,2026-08-10T02:30:00+00:00,0,1200,0.0,synthetic
war_memorial,2026-08-10T02:45:00+00:00,0,1200,0.0,synthetic
war_memorial,2026-08-10T03:00:00+00:00,30,1200,2.5,synthetic
war_memorial,2026-08-10T03:15:00+00:00,15,1200,1.25,synthetic
war_memorial,2026-08-10T03:30:00+00:00,5,1200,0.4167,synthetic
war_memorial,2026-08-10T03:45:00+00:00,0,1200,0.0,synthetic
mccomas,2026-08-10T04:00:00+00:00,42,600,7.0,synthetic
mccomas,2026-08-10T04:15:00+00:00,28,600,4.6667,synthetic
mccomas,2026-08-10T04:30:00+00:00,31,600,5.1667,synthetic
mccomas,2026-08-10T04:45:00+00:00,31,600,5.1667,synthetic
mccomas,2026-08-10T05:00:00+00:00,28,600,4.6667,synthetic
mccomas,2026-08-10T05:15:00+00:00,49,600,8.1667,synthetic
mccomas,2026-08-10T05:30:00+00:00,48,600,8.0,synthetic
mccomas,2026-08-10T05:45:00+00:00,58,600,9.6667,synthetic
mccomas,2026-08-10T06:00:00+00:00,53,600,8.8333,synthetic
mccomas,2026-08-10T06:15:00+00:00,47,600,7.8333,synthetic
mccomas,2026-08-10T06:30:00+00:00,50,600,8.3333,synthetic
mccomas,2026-08-10T06:45:00+00:00,36,600,6.0,synthetic
mccomas,2026-08-10T07:00:00+00:00,38,600,6.3333,synthetic
mccomas,2026-08-10T07:15:00+00:00,45,600,7.5,synthetic
mccomas,2026-08-10T07:30:00+00:00,58,600,9.6667,synthetic
mccomas,2026-08-10T07:45:00+00:00,67,600,11.1667,synthetic
mccomas,2026-08-10T08:00:00+00:00,46,600,7.6667,synthetic
mccomas,2026-08-10T08:15:00+00:00,61,600,10.1667,synthetic
mccomas,2026-08-10T08:30:00+00:00,46,600,7.6667,synthetic
mccomas,2026-08-10T08:45:00+00:00,54,600,9.0,synthetic
mccomas,2026-08-10T09:00:00+00:00,61,600,10.1667,synthetic
mccomas,2026-08-10T09:15:00+00:00,71,600,11.8333,synthetic
mccomas,2026-08-10T09:30:00+00:00,67,600,11.1667,synthetic
mccomas,2026-08-10T09:45:00+00:00,92,600,15.3333,synthetic
mccomas,2026-08-10T10:00:00+00:00,114,600,19.0,synthetic
mccomas,2026-08-10T10:15:00+00:00,129,600,21.5,synthetic
mccomas,2026-08-10T10:30:00+00:00,137,600,22.8333,synthetic
mccomas,2026-08-10T10:45:00+00:00,145,600,24.1667,synthetic
mccomas,2026-08-10T11:00:00+00:00,172,600,28.6667,synthetic
mccomas,2026-08-10T11:15:00+00:00,193,600,32.1667,synthetic
mccomas,2026-08-10T11:30:00+00:00,195,600,32.5,synthetic
mccomas,2026-08-10T11:45:00+00:00,158,600,26.3333,synthetic
mccomas,2026-08-10T12:00:00+00:00,143,600,23.8333,synthetic
mccomas,2026-08-10T12:15:00+00:00,125,600,20.8333,synthetic
mccomas,2026-08-10T12:30:00+00:00,114,600,19.0,synthetic
mccomas,2026-08-10T12:45:00+00:00,97,600,16.1667,synthetic
mccomas,2026-08-10T13:00:00+00:00,86,600,14.3333,synthetic
mccomas,2026-08-10T13:15:00+00:00,71,600,11.8333,synthetic
mccomas,2026-08-10T13:30:00+00:00,55,600,9.1667,synthetic
mccomas,2026-08-10T13:45:00+00:00,48,600,8.0,synthetic
mccomas,2026-08-10T14:00:00+00:00,71,600,11.8333,synthetic
mccomas,2026-08-10T14:15:00+00:00,91,600,15.1667,synthetic
mccomas,2026-08-10T14:30:00+00:00,109,600,18.1667,synthetic
mccomas,2026-08-10T14:45:00+00:00,127,600,21.1667,synthetic
mccomas,2026-08-10T15:00:00+00:00,122,600,20.3333,synthetic
mccomas,2026-08-10T15:15:00+00:00,160,600,26.6667,synthetic
mccomas,2026-08-10T15:30:00+00:00,168,600,28.0,synthetic
mccomas,2026-08-10T15:45:00+00:00,187,600,31.1667,synthetic
mccomas,2026-08-10T16:00:00+00:00,201,600,33.5,synthetic
mccomas,2026-08-10T16:15:00+00:00,220,600,36.6667,synthetic
mccomas,2026-08-10T16:30:00+00:00,223,600,37.1667,synthetic
mccomas,2026-08-10T16:45:00+00:00,208,600,34.6667,synthetic
mccomas,2026-08-10T17:00:00+00:00,228,600,38.0,synthetic
mccomas,2026-08-10T17:15:00+00:00,210,600,35.0,synthetic
mccomas,2026-08-10T17:30:00+00:00,200,600,33.3333,synthetic
mccomas,2026-08-10T17:45:00+00:00,197,600,32.8333,synthetic
mccomas,2026-08-10T18:00:00+00:00,195,600,32.5,synthetic
mccomas,2026-08-10T18:15:00+00:00,221,600,36.8333,synthetic
mccomas,2026-08-10T18:30:00+00:00,204,600,34.0,synthetic
mccomas,2026-08-10T18:45:00+00:00,235,600,39.1667,synthetic
mccomas,2026-08-10T19:00:00+00:00,258,600,43.0,synthetic
mccomas,2026-08-10T19:15:00+00:00,294,600,49.0,synthetic
mccomas,2026-08-10T19:30:00+00:00,305,600,50.8333,synthetic
mccomas,2026-08-10T19:45:00+00:00,313,600,52.1667,synthetic
mccomas,2026-08-10T20:00:00+00:00,343,600,57.1667,synthetic
mccomas,2026-08-10T20:15:00+00:00,366,600,61.0,synthetic
mccomas,2026-08-10T20:30:00+00:00,421,600,70.1667,synthetic
mccomas,2026-08-10T20:45:00+00:00,431,600,71.8333,synthetic
mccomas,2026-08-10T21:00:00+00:00,445,600,74.1667,synthetic
mccomas,2026-08-10T21:15:00+00:00,448,600,74.6667,synthetic
mccomas,2026-08-10T21:30:00+00:00,463,600,77.1667,synthetic
mccomas,2026-08-10T21:45:00+00:00,454,600,75.6667,synthetic
mccomas,2026-08-10T22:00:00+00:00,456,600,76.0,synthetic
mccomas,2026-08-10T22:15:00+00:00,424,600,70.6667,synthetic
mccomas,2026-08-10T22:30:00+00:00,392,600,65.3333,synthetic
mccomas,2026-08-10T22:45:00+00:00,360,600,60.0,synthetic
mccomas,2026-08-10T23:00:00+00:00,320,600,53.3333,synthetic
mccomas,2026-08-10T23:15:00+00:00,282,600,47.0,synthetic
mccomas,2026-08-10T23:30:00+00:00,262,600,43.6667,synthetic
mccomas,2026-08-10T23:45:00+00:00,210,600,35.0,synthetic
mccomas,2026-08-11T00:00:00+00:00,172,600,28.6667,synthetic
mccomas,2026-08-11T00:15:00+00:00,162,600,27.0,synthetic
mccomas,2026-08-11T00:30:00+00:00,145,600,24.1667,synthetic
mccomas,2026-08-11T00:45:00+00:00,109,600,18.1667,synthetic
mccomas,2026-08-11T01:00:00+00:00,98,600,16.3333,synthetic
mccomas,2026-08-11T01:15:00+00:00,93,600,15.5,synthetic
mccomas,2026-08-11T01:30:00+00:00,71,600,11.8333,synthetic
mccomas,2026-08-11T01:45:00+00:00,66,600,11.0,synthetic
mccomas,2026-08-11T02:00:00+00:00,62,600,10.3333,synthetic
mccomas,2026-08-11T02:15:00+00:00,51,600,8.5,synthetic
mccomas,2026-08-11T02:30:00+00:00,40,600,6.6667,synthetic
mccomas,2026-08-11T02:45:00+00:00,54,600,9.0,synthetic
mccomas,2026-08-11T03:00:00+00:00,51,600,8.5,synthetic
mccomas,2026-08-11T03:15:00+00:00,51,600,8.5,synthetic
mccomas,2026-08-11T03:30:00+00:00,55,600,9.1667,synthetic
mccomas,2026-08-11T03:45:00+00:00,51,600,8.5,synthetic
war_memorial,2026-08-10T04:00:00+00:00,79,1200,6.5833,synthetic
war_memorial,2026-08-10T04:15:00+00:00,99,1200,8.25,synthetic
war_memorial,2026-08-10T04:30:00+00:00,106,1200,8.8333,synthetic
war_memorial,2026-08-10T04:45:00+00:00,107,1200,8.9167,synthetic
war_memorial,2026-08-10T05:00:00+00:00,92,1200,7.6667,synthetic
war_memorial,2026-08-10T05:15:00+00:00,132,1200,11.0,synthetic
war_memorial,2026-08-10T05:30:00+00:00,127,1200,10.5833,synthetic
war_memorial,2026-08-10T05:45:00+00:00,116,1200,9.6667,synthetic
war_memorial,2026-08-10T06:00:00+00:00,133,1200,11.0833,synthetic
war_memorial,2026-08-10T06:15:00+00:00,113,1200,9.4167,synthetic
war_memorial,2026-08-10T06:30:00+00:00,116,1200,9.6667,synthetic
war_memorial,2026-08-10T06:45:00+00:00,77,1200,6.4167,synthetic
war_memorial,2026-08-10T07:00:00+00:00,92,1200,7.6667,synthetic
war_memorial,2026-08-10T07:15:00+00:00,70,1200,5.8333,synthetic
war_memorial,2026-08-10T07:30:00+00:00,61,1200,5.0833,synthetic
war_memorial,2026-08-10T07:45:00+00:00,78,1200,6.5,synthetic
war_memorial,2026-08-10T08:00:00+00:00,68,1200,5.6667,synthetic
war_memorial,2026-08-10T08:15:00+00:00,49,1200,4.0833,synthetic
war_memorial,2026-08-10T08:30:00+00:00,40,1200,3.3333,synthetic
war_memorial,2026-08-10T08:45:00+00:00,20,1200,1.6667,synthetic
war_memorial,2026-08-10T09:00:00+00:00,44,1200,3.6667,synthetic
war_memorial,2026-08-10T09:15:00+00:00,36,1200,3.0,synthetic
war_memorial,2026-08-10T09:30:00+00:00,29,1200,2.4167,synthetic
war_memorial,2026-08-10T09:45:00+00:00,68,1200,5.6667,synthetic
war_memorial,2026-08-10T10:00:00+00:00,118,1200,9.8333,synthetic
war_memorial,2026-08-10T10:15:00+00:00,144,1200,12.0,synthetic
war_memorial,2026-08-10T10:30:00+00:00,155,1200,12.9167,synthetic
war_memorial,2026-08-10T10:45:00+00:00,199,1200,16.5833,synthetic
war_memorial,2026-08-10T11:00:00+00:00,210,1200,17.5,synthetic
war_memorial,2026-08-10T11:15:00+00:00,294,1200,24.5,synthetic
war_memorial,2026-08-10T11:30:00+00:00,319,1200,26.5833,synthetic
war_memorial,2026-08-10T11:45:00+00:00,354,1200,29.5,synthetic
war_memorial,2026-08-10T12:00:00+00:00,423,1200,35.25,synthetic
war_memorial,2026-08-10T12:15:00+00:00,338,1200,28.1667,synthetic
war_memorial,2026-08-10T12:30:00+00:00,344,1200,28.6667,synthetic
war_memorial,2026-08-10T12:45:00+00:00,323,1200,26.9167,synthetic
war_memorial,2026-08-10T13:00:00+00:00,301,1200,25.0833,synthetic
war_memorial,2026-08-10T13:15:00+00:00,242,1200,20.1667,synthetic
war_memorial,2026-08-10T13:30:00+00:00,215,1200,17.9167,synthetic
war_memorial,2026-08-10T13:45:00+00:00,199,1200,16.5833,synthetic
war_memorial,2026-08-10T14:00:00+00:00,180,1200,15.0,synthetic
war_memorial,2026-08-10T14:15:00+00:00,186,1200,15.5,synthetic
war_memorial,2026-08-10T14:30:00+00:00,225,1200,18.75,synthetic
war_memorial,2026-08-10T14:45:00+00:00,264,1200,22.0,synthetic
war_memorial,2026-08-10T15:00:00+00:00,299,1200,24.9167,synthetic
war_memorial,2026-08-10T15:15:00+00:00,302,1200,25.1667,synthetic
war_memorial,2026-08-10T15:30:00+00:00,338,1200,28.1667,synthetic
war_memorial,2026-08-10T15:45:00+00:00,344,1200,28.6667,synthetic
war_memorial,2026-08-10T16:00:00+00:00,372,1200,31.0,synthetic
war_memorial,2026-08-10T16:15:00+00:00,388,1200,32.3333,synthetic
war_memorial,2026-08-10T16:30:00+00:00,432,1200,36.0,synthetic
war_memorial,2026-08-10T16:45:00+00:00,414,1200,34.5,synthetic
war_memorial,2026-08-10T17:00:00+00:00,376,1200,31.3333,synthetic
war_memorial,2026-08-10T17:15:00+00:00,364,1200,30.3333,synthetic
war_memorial,2026-08-10T17:30:00+00:00,376,1200,31.3333,synthetic
war_memorial,2026-08-10T17:45:00+00:00,342,1200,28.5,synthetic
war_memorial,2026-08-10T18:00:00+00:00,303,1200,25.25,synthetic
war_memorial,2026-08-10T18:15:00+00:00,304,1200,25.3333,synthetic
war_memorial,2026-08-10T18:30:00+00:00,285,1200,23.75,synthetic
war_memorial,2026-08-10T18:45:00+00:00,277,1200,23.0833,synthetic
war_memorial,2026-08-10T19:00:00+00:00,297,1200,24.75,synthetic
war_memorial,2026-08-10T19:15:00+00:00,295,1200,24.5833,synthetic
war_memorial,2026-08-10T19:30:00+00:00,344,1200,28.6667,synthetic
war_memorial,2026-08-10T19:45:00+00:00,408,1200,34.0,synthetic
war_memorial,2026-08-10T20:00:00+00:00,431,1200,35.9167,synthetic
war_memorial,2026-08-10T20:15:00+00:00,450,1200,37.5,synthetic
war_memorial,2026-08-10T20:30:00+00:00,547,1200,45.5833,synthetic
war_memorial,2026-08-10T20:45:00+00:00,619,1200,51.5833,synthetic
war_memorial,2026-08-10T21:00:00+00:00,670,1200,55.8333,synthetic
war_memorial,2026-08-10T21:15:00+00:00,690,1200,57.5,synthetic
war_memorial,2026-08-10T21:30:00+00:00,739,1200,61.5833,synthetic
war_memorial,2026-08-10T21:45:00+00:00,802,1200,66.8333,synthetic
war_memorial,2026-08-10T22:00:00+00:00,798,1200,66.5,synthetic
war_memorial,2026-08-10T22:15:00+00:00,843,1200,70.25,synthetic
war_memorial,2026-08-10T22:30:00+00:00,865,1200,72.0833,synthetic
war_memorial,2026-08-10T22:45:00+00:00,815,1200,67.9167,synthetic
war_memorial,2026-08-10T23:00:00+00:00,803,1200,66.9167,synthetic
war_memorial,2026-08-10T23:15:00+00:00,788,1200,65.6667,synthetic
war_memorial,2026-08-10T23:30:00+00:00,730,1200,60.8333,synthetic
war_memorial,2026-08-10T23:45:00+00:00,633,1200,52.75,synthetic
war_memorial,2026-08-11T00:00:00+00:00,600,1200,50.0,synthetic
war_memorial,2026-08-11T00:15:00+00:00,517,1200,43.0833,synthetic
war_memorial,2026-08-11T00:30:00+00:00,498,1200,41.5,synthetic
war_memorial,2026-08-11T00:45:00+00:00,402,1200,33.5,synthetic
war_memorial,2026-08-11T01:00:00+00:00,335,1200,27.9167,synthetic
war_memorial,2026-08-11T01:15:00+00:00,259,1200,21.5833,synthetic
war_memorial,2026-08-11T01:30:00+00:00,255,1200,21.25,synthetic
war_memorial,2026-08-11T01:45:00+00:00,206,1200,17.1667,synthetic
war_memorial,2026-08-11T02:00:00+00:00,225,1200,18.75,synthetic
war_memorial,2026-08-11T02:15:00+00:00,187,1200,15.5833,synthetic
war_memorial,2026-08-11T02:30:00+00:00,140,1200,11.6667,synthetic
war_memorial,2026-08-11T02:45:00+00:00,103,1200,8.5833,synthetic
war_memorial,2026-08-11T03:00:00+00:00,152,1200,12.6667,synthetic
war_memorial,2026-08-11T03:15:00+00:00,81,1200,6.75,synthetic
war_memorial,2026-08-11T03:30:00+00:00,112,1200,9.3333,synthetic
war_memorial,2026-08-11T03:45:00+00:00,86,1200,7.1667,synthetic
mccomas,2026-08-11T04:00:00+00:00,38,600,6.3333,synthetic
mccomas,2026-08-11T04:15:00+00:00,21,600,3.5,synthetic
mccomas,2026-08-11T04:30:00+00:00,24,600,4.0,synthetic
mccomas,2026-08-11T04:45:00+00:00,32,600,5.3333,synthetic
mccomas,2026-08-11T05:00:00+00:00,20,600,3.3333,synthetic
mccomas,2026-08-11T05:15:00+00:00,31,600,5.1667,synthetic
mccomas,2026-08-11T05:30:00+00:00,25,600,4.1667,synthetic
mccomas,2026-08-11T05:45:00+00:00,37,600,6.1667,synthetic
mccomas,2026-08-11T06:00:00+00:00,32,600,5.3333,synthetic
mccomas,2026-08-11T06:15:00+00:00,32,600,5.3333,synthetic
mccomas,2026-08-11T06:30:00+00:00,28,600,4.6667,synthetic
mccomas,2026-08-11T06:45:00+00:00,22,600,3.6667,synthetic
mccomas,2026-08-11T07:00:00+00:00,34,600,5.6667,synthetic
mccomas,2026-08-11T07:15:00+00:00,19,600,3.1667,synthetic
mccomas,2026-08-11T07:30:00+00:00,43,600,7.1667,synthetic
mccomas,2026-08-11T07:45:00+00:00,25,600,4.1667,synthetic
mccomas,2026-08-11T08:00:00+00:00,27,600,4.5,synthetic
mccomas,2026-08-11T08:15:00+00:00,46,600,7.6667,synthetic
mccomas,2026-08-11T08:30:00+00:00,51,600,8.5,synthetic
mccomas,2026-08-11T08:45:00+00:00,46,600,7.6667,synthetic
mccomas,2026-08-11T09:00:00+00:00,43,600,7.1667,synthetic
mccomas,2026-08-11T09:15:00+00:00,65,600,10.8333,synthetic
mccomas,2026-08-11T09:30:00+00:00,71,600,11.8333,synthetic
mccomas,2026-08-11T09:45:00+00:00,61,600,10.1667,synthetic
mccomas,2026-08-11T10:00:00+00:00,72,600,12.0,synthetic
mccomas,2026-08-11T10:15:00+00:00,97,600,16.1667,synthetic
mccomas,2026-08-11T10:30:00+00:00,98,600,16.3333,synthetic
mccomas,2026-08-11T10:45:00+00:00,132,600,22.0,synthetic
mccomas,2026-08-11T11:00:00+00:00,152,600,25.3333,synthetic
mccomas,2026-08-11T11:15:00+00:00,145,600,24.1667,synthetic
mccomas,2026-08-11T11:30:00+00:00,165,600,27.5,synthetic
mccomas,2026-08-11T11:45:00+00:00,190,600,31.6667,synthetic
mccomas,2026-08-11T12:00:00+00:00,166,600,27.6667,synthetic
mccomas,2026-08-11T12:15:00+00:00,151,600,25.1667,synthetic
mccomas,2026-08-11T12:30:00+00:00,148,600,24.6667,synthetic
mccomas,2026-08-11T12:45:00+00:00,140,600,23.3333,synthetic
mccomas,2026-08-11T13:00:00+00:00,105,600,17.5,synthetic
mccomas,2026-08-11T13:15:00+00:00,91,600,15.1667,synthetic
mccomas,2026-08-11T13:30:00+00:00,98,600,16.3333,synthetic
mccomas,2026-08-11T13:45:00+00:00,98,600,16.3333,synthetic
mccomas,2026-08-11T14:00:00+00:00,114,600,19.0,synthetic
mccomas,2026-08-11T14:15:00+00:00,116,600,19.3333,synthetic
mccomas,2026-08-11T14:30:00+00:00,137,600,22.8333,synthetic
mccomas,2026-08-11T14:45:00+00:00,154,600,25.6667,synthetic
mccomas,2026-08-11T15:00:00+00:00,163,600,27.1667,synthetic
mccomas,2026-08-11T15:15:00+00:00,174,600,29.0,synthetic
mccomas,2026-08-11T15:30:00+00:00,175,600,29.1667,synthetic
mccomas,2026-08-11T15:45:00+00:00,198,600,33.0,synthetic
mccomas,2026-08-11T16:00:00+00:00,204,600,34.0,synthetic
mccomas,2026-08-11T16:15:00+00:00,202,600,33.6667,synthetic
mccomas,2026-08-11T16:30:00+00:00,216,600,36.0,synthetic
mccomas,2026-08-11T16:45:00+00:00,230,600,38.3333,synthetic
mccomas,2026-08-11T17:00:00+00:00,221,600,36.8333,synthetic
mccomas,2026-08-11T17:15:00+00:00,219,600,36.5,synthetic
mccomas,2026-08-11T17:30:00+00:00,216,600,36.0,synthetic
mccomas,2026-08-11T17:45:00+00:00,198,600,33.0,synthetic
mccomas,2026-08-11T18:00:00+00:00,172,600,28.6667,synthetic
mccomas,2026-08-11T18:15:00+00:00,188,600,31.3333,synthetic
mccomas,2026-08-11T18:30:00+00:00,224,600,37.3333,synthetic
mccomas,2026-08-11T18:45:00+00:00,232,600,38.6667,synthetic
mccomas,2026-08-11T19:00:00+00:00,266,600,44.3333,synthetic
mccomas,2026-08-11T19:15:00+00:00,275,600,45.8333,synthetic
mccomas,2026-08-11T19:30:00+00:00,302,600,50.3333,synthetic
mccomas,2026-08-11T19:45:00+00:00,340,600,56.6667,synthetic
mccomas,2026-08-11T20:00:00+00:00,366,600,61.0,synthetic
mccomas,2026-08-11T20:15:00+00:00,406,600,67.6667,synthetic
mccomas,2026-08-11T20:30:00+00:00,449,600,74.8333,synthetic
mccomas,2026-08-11T20:45:00+00:00,468,600,78.0,synthetic
mccomas,2026-08-11T21:00:00+00:00,482,600,80.3333,synthetic
mccomas,2026-08-11T21:15:00+00:00,462,600,77.0,synthetic
mccomas,2026-08-11T21:30:00+00:00,476,600,79.3333,synthetic
mccomas,2026-08-11T21:45:00+00:00,471,600,78.5,synthetic
mccomas,2026-08-11T22:00:00+00:00,442,600,73.6667,synthetic
mccomas,2026-08-11T22:15:00+00:00,440,600,73.3333,synthetic
mccomas,2026-08-11T22:30:00+00:00,427,600,71.1667,synthetic
mccomas,2026-08-11T22:45:00+00:00,381,600,63.5,synthetic
mccomas,2026-08-11T23:00:00+00:00,344,600,57.3333,synthetic
mccomas,2026-08-11T23:15:00+00:00,297,600,49.5,synthetic
mccomas,2026-08-11T23:30:00+00:00,258,600,43.0,synthetic
mccomas,2026-08-11T23:45:00+00:00,233,600,38.8333,synthetic
mccomas,2026-08-12T00:00:00+00:00,205,600,34.1667,synthetic
mccomas,2026-08-12T00:15:00+00:00,159,600,26.5,synthetic
mccomas,2026-08-12T00:30:00+00:00,142,600,23.6667,synthetic
mccomas,2026-08-12T00:45:00+00:00,122,600,20.3333,synthetic
mccomas,2026-08-12T01:00:00+00:00,118,600,19.6667,synthetic
mccomas,2026-08-12T01:15:00+00:00,94,600,15.6667,synthetic
mccomas,2026-08-12T01:30:00+00:00,88,600,14.6667,synthetic
mccomas,2026-08-12T01:45:00+00:00,56,600,9.3333,synthetic
mccomas,2026-08-12T02:00:00+00:00,61,600,10.1667,synthetic
mccomas,2026-08-12T02:15:00+00:00,66,600,11.0,synthetic
mccomas,2026-08-12T02:30:00+00:00,58,600,9.6667,synthetic
mccomas,2026-08-12T02:45:00+00:00,63,600,10.5,synthetic
mccomas,2026-08-12T03:00:00+00:00,53,600,8.8333,synthetic
mccomas,2026-08-12T03:15:00+00:00,56,600,9.3333,synthetic
mccomas,2026-08-12T03:30:00+00:00,56,600,9.3333,synthetic
mccomas,2026-08-12T03:45:00+00:00,37,600,6.1667,synthetic
war_memorial,2026-08-11T04:00:00+00:00,131,1200,10.9167,synthetic
war_memorial,2026-08-11T04:15:00+00:00,141,1200,11.75,synthetic
war_memorial,2026-08-11T04:30:00+00:00,176,1200,14.6667,synthetic
war_memorial,2026-08-11T04:45:00+00:00,150,1200,12.5,synthetic
war_memorial,2026-08-11T05:00:00+00:00,163,1200,13.5833,synthetic
war_memorial,2026-08-11T05:15:00+00:00,176,1200,14.6667,synthetic
war_memorial,2026-08-11T05:30:00+00:00,154,1200,12.8333,synthetic
war_memorial,2026-08-11T05:45:00+00:00,136,1200,11.3333,synthetic
war_memorial,2026-08-11T06:00:00+00:00,136,1200,11.3333,synthetic
war_memorial,2026-08-11T06:15:00+00:00,161,1200,13.4167,synthetic
war_memorial,2026-08-11T06:30:00+00:00,164,1200,13.6667,synthetic
war_memorial,2026-08-11T06:45:00+00:00,171,1200,14.25,synthetic
war_memorial,2026-08-11T07:00:00+00:00,169,1200,14.0833,synthetic
war_memorial,2026-08-11T07:15:00+00:00,172,1200,14.3333,synthetic
war_memorial,2026-08-11T07:30:00+00:00,171,1200,14.25,synthetic
war_memorial,2026-08-11T07:45:00+00:00,129,1200,10.75,synthetic
war_memorial,2026-08-11T08:00:00+00:00,166,1200,13.8333,synthetic
war_memorial,2026-08-11T08:15:00+00:00,169,1200,14.0833,synthetic
war_memorial,2026-08-11T08:30:00+00:00,180,1200,15.0,synthetic
war_memorial,2026-08-11T08:45:00+00:00,221,1200,18.4167,synthetic
war_memorial,2026-08-11T09:00:00+00:00,204,1200,17.0,synthetic
war_memorial,2026-08-11T09:15:00+00:00,165,1200,13.75,synthetic
war_memorial,2026-08-11T09:30:00+00:00,147,1200,12.25,synthetic
war_memorial,2026-08-11T09:45:00+00:00,182,1200,15.1667,synthetic
war_memorial,2026-08-11T10:00:00+00:00,191,1200,15.9167,synthetic
war_memorial,2026-08-11T10:15:00+00:00,209,1200,17.4167,synthetic
war_memorial,2026-08-11T10:30:00+00:00,265,1200,22.0833,synthetic
war_memorial,2026-08-11T10:45:00+00:00,284,1200,23.6667,synthetic
war_memorial,2026-08-11T11:00:00+00:00,320,1200,26.6667,synthetic
war_memorial,2026-08-11T11:15:00+00:00,385,1200,32.0833,synthetic
war_memorial,2026-08-11T11:30:00+00:00,440,1200,36.6667,synthetic
war_memorial,2026-08-11T11:45:00+00:00,448,1200,37.3333,synthetic
war_memorial,2026-08-11T12:00:00+00:00,444,1200,37.0,synthetic
war_memorial,2026-08-11T12:15:00+00:00,415,1200,34.5833,synthetic
war_memorial,2026-08-11T12:30:00+00:00,428,1200,35.6667,synthetic
war_memorial,2026-08-11T12:45:00+00:00,388,1200,32.3333,synthetic
war_memorial,2026-08-11T13:00:00+00:00,339,1200,28.25,synthetic
war_memorial,2026-08-11T13:15:00+00:00,289,1200,24.0833,synthetic
war_memorial,2026-08-11T13:30:00+00:00,286,1200,23.8333,synthetic
war_memorial,2026-08-11T13:45:00+00:00,294,1200,24.5,synthetic
war_memorial,2026-08-11T14:00:00+00:00,317,1200,26.4167,synthetic
war_memorial,2026-08-11T14:15:00+00:00,341,1200,28.4167,synthetic
war_memorial,2026-08-11T14:30:00+00:00,297,1200,24.75,synthetic
war_memorial,2026-08-11T14:45:00+00:00,342,1200,28.5,synthetic
war_memorial,2026-08-11T15:00:00+00:00,396,1200,33.0,synthetic
war_memorial,2026-08-11T15:15:00+00:00,422,1200,35.1667,synthetic
war_memorial,2026-08-11T15:30:00+00:00,477,1200,39.75,synthetic
war_memorial,2026-08-11T15:45:00+00:00,504,1200,42.0,synthetic
war_memorial,2026-08-11T16:00:00+00:00,481,1200,40.0833,synthetic
war_memorial,2026-08-11T16:15:00+00:00,525,1200,43.75,synthetic
war_memorial,2026-08-11T16:30:00+00:00,504,1200,42.0,synthetic
war_memorial,2026-08-11T16:45:00+00:00,466,1200,38.8333,synthetic
war_memorial,2026-08-11T17:00:00+00:00,481,1200,40.0833,synthetic
war_memorial,2026-08-11T17:15:00+00:00,438,1200,36.5,synthetic
war_memorial,2026-08-11T17:30:00+00:00,404,1200,33.6667,synthetic
war_memorial,2026-08-11T17:45:00+00:00,398,1200,33.1667,synthetic
war_memorial,2026-08-11T18:00:00+00:00,364,1200,30.3333,synthetic
war_memorial,2026-08-11T18:15:00+00:00,301,1200,25.0833,synthetic
war_memorial,2026-08-11T18:30:00+00:00,330,1200,27.5,synthetic
war_memorial,2026-08-11T18:45:00+00:00,308,1200,25.6667,synthetic
war_memorial,2026-08-11T19:00:00+00:00,332,1200,27.6667,synthetic
war_memorial,2026-08-11T19:15:00+00:00,334,1200,27.8333,synthetic
war_memorial,2026-08-11T19:30:00+00:00,365,1200,30.4167,synthetic
war_memorial,2026-08-11T19:45:00+00:00,354,1200,29.5,synthetic
war_memorial,2026-08-11T20:00:00+00:00,413,1200,34.4167,synthetic
war_memorial,2026-08-11T20:15:00+00:00,445,1200,37.0833,synthetic
war_memorial,2026-08-11T20:30:00+00:00,544,1200,45.3333,synthetic
war_memorial,2026-08-11T20:45:00+00:00,654,1200,54.5,synthetic
war_memorial,2026-08-11T21:00:00+00:00,684,1200,57.0,synthetic
war_memorial,2026-08-11T21:15:00+00:00,748,1200,62.3333,synthetic
war_memorial,2026-08-11T21:30:00+00:00,801,1200,66.75,synthetic
war_memorial,2026-08-11T21:45:00+00:00,817,1200,68.0833,synthetic
war_memorial,2026-08-11T22:00:00+00:00,892,1200,74.3333,synthetic
war_memorial,2026-08-11T22:15:00+00:00,875,1200,72.9167,synthetic
war_memorial,2026-08-11T22:30:00+00:00,926,1200,77.1667,synthetic
war_memorial,2026-08-11T22:45:00+00:00,958,1200,79.8333,synthetic
war_memorial,2026-08-11T23:00:00+00:00,888,1200,74.0,synthetic
war_memorial,2026-08-11T23:15:00+00:00,859,1200,71.5833,synthetic
war_memorial,2026-08-11T23:30:00+00:00,741,1200,61.75,synthetic
war_memorial,2026-08-11T23:45:00+00:00,689,1200,57.4167,synthetic
war_memorial,2026-08-12T00:00:00+00:00,648,1200,54.0,synthetic
war_memorial,2026-08-12T00:15:00+00:00,537,1200,44.75,synthetic
war_memorial,2026-08-12T00:30:00+00:00,464,1200,38.6667,synthetic
war_memorial,2026-08-12T00:45:00+00:00,413,1200,34.4167,synthetic
war_memorial,2026-08-12T01:00:00+00:00,356,1200,29.6667,synthetic
war_memorial,2026-08-12T01:15:00+00:00,349,1200,29.0833,synthetic
war_memorial,2026-08-12T01:30:00+00:00,281,1200,23.4167,synthetic
war_memorial,2026-08-12T01:45:00+00:00,235,1200,19.5833,synthetic
war_memorial,2026-08-12T02:00:00+00:00,231,1200,19.25,synthetic
war_memorial,2026-08-12T02:15:00+00:00,211,1200,17.5833,synthetic
war_memorial,2026-08-12T02:30:00+00:00,186,1200,15.5,synthetic
war_memorial,2026-08-12T02:45:00+00:00,191,1200,15.9167,synthetic
war_memorial,2026-08-12T03:00:00+00:00,167,1200,13.9167,synthetic
war_memorial,2026-08-12T03:15:00+00:00,167,1200,13.9167,synthetic
war_memorial,2026-08-12T03:30:00+00:00,178,1200,14.8333,synthetic
war_memorial,2026-08-12T03:45:00+00:00,141,1200,11.75,synthetic
mccomas,2026-08-12T04:00:00+00:00,29,600,4.8333,synthetic
mccomas,2026-08-12T04:15:00+00:00,31,600,5.1667,synthetic
mccomas,2026-08-12T04:30:00+00:00,44,600,7.3333,synthetic
mccomas,2026-08-12T04:45:00+00:00,54,600,9.0,synthetic
mccomas,2026-08-12T05:00:00+00:00,62,600,10.3333,synthetic
mccomas,2026-08-12T05:15:00+00:00,63,600,10.5,synthetic
mccomas,2026-08-12T05:30:00+00:00,77,600,12.8333,synthetic
mccomas,2026-08-12T05:45:00+00:00,64,600,10.6667,synthetic
mccomas,2026-08-12T06:00:00+00:00,55,600,9.1667,synthetic
mccomas,2026-08-12T06:15:00+00:00,69,600,11.5,synthetic
mccomas,2026-08-12T06:30:00+00:00,54,600,9.0,synthetic
mccomas,2026-08-12T06:45:00+00:00,46,600,7.6667,synthetic
mccomas,2026-08-12T07:00:00+00:00,41,600,6.8333,synthetic
mccomas,2026-08-12T07:15:00+00:00,35,600,5.8333,synthetic
mccomas,2026-08-12T07:30:00+00:00,33,600,5.5,synthetic
mccomas,2026-08-12T07:45:00+00:00,33,600,5.5,synthetic
mccomas,2026-08-12T08:00:00+00:00,17,600,2.8333,synthetic
mccomas,2026-08-12T08:15:00+00:00,51,600,8.5,synthetic
mccomas,2026-08-12T08:30:00+00:00,46,600,7.6667,synthetic
mccomas,2026-08-12T08:45:00+00:00,35,600,5.8333,synthetic
mccomas,2026-08-12T09:00:00+00:00,28,600,4.6667,synthetic
mccomas,2026-08-12T09:15:00+00:00,48,600,8.0,synthetic
mccomas,2026-08-12T09:30:00+00:00,66,600,11.0,synthetic
mccomas,2026-08-12T09:45:00+00:00,94,600,15.6667,synthetic
mccomas,2026-08-12T10:00:00+00:00,121,600,20.1667,synthetic
mccomas,2026-08-12T10:15:00+00:00,137,600,22.8333,synthetic
mccomas,2026-08-12T10:30:00+00:00,151,600,25.1667,synthetic
mccomas,2026-08-12T10:45:00+00:00,147,600,24.5,synthetic
mccomas,2026-08-12T11:00:00+00:00,169,600,28.1667,synthetic
mccomas,2026-08-12T11:15:00+00:00,196,600,32.6667,synthetic
mccomas,2026-08-12T11:30:00+00:00,193,600,32.1667,synthetic
mccomas,2026-08-12T11:45:00+00:00,191,600,31.8333,synthetic
mccomas,2026-08-12T12:00:00+00:00,181,600,30.1667,synthetic
mccomas,2026-08-12T12:15:00+00:00,178,600,29.6667,synthetic
mccomas,2026-08-12T12:30:00+00:00,129,600,21.5,synthetic
mccomas,2026-08-12T12:45:00+00:00,99,600,16.5,synthetic
mccomas,2026-08-12T13:00:00+00:00,96,600,16.0,synthetic
mccomas,2026-08-12T13:15:00+00:00,82,600,13.6667,synthetic
mccomas,2026-08-12T13:30:00+00:00,69,600,11.5,synthetic
mccomas,2026-08-12T13:45:00+00:00,78,600,13.0,synthetic
mccomas,2026-08-12T14:00:00+00:00,87,600,14.5,synthetic
mccomas,2026-08-12T14:15:00+00:00,83,600,13.8333,synthetic
mccomas,2026-08-12T14:30:00+00:00,85,600,14.1667,synthetic
mccomas,2026-08-12T14:45:00+00:00,108,600,18.0,synthetic
mccomas,2026-08-12T15:00:00+00:00,128,600,21.3333,synthetic
mccomas,2026-08-12T15:15:00+00:00,152,600,25.3333,synthetic
mccomas,2026-08-12T15:30:00+00:00,166,600,27.6667,synthetic
mccomas,2026-08-12T15:45:00+00:00,186,600,31.0,synthetic
mccomas,2026-08-12T16:00:00+00:00,196,600,32.6667,synthetic
mccomas,2026-08-12T16:15:00+00:00,216,600,36.0,synthetic
mccomas,2026-08-12T16:30:00+00:00,234,600,39.0,synthetic
mccomas,2026-08-12T16:45:00+00:00,220,600,36.6667,synthetic
mccomas,2026-08-12T17:00:00+00:00,223,600,37.1667,synthetic
mccomas,2026-08-12T17:15:00+00:00,224,600,37.3333,synthetic
mccomas,2026-08-12T17:30:00+00:00,203,600,33.8333,synthetic
mccomas,2026-08-12T17:45:00+00:00,179,600,29.8333,synthetic
mccomas,2026-08-12T18:00:00+00:00,186,600,31.0,synthetic
mccomas,2026-08-12T18:15:00+00:00,190,600,31.6667,synthetic
mccomas,2026-08-12T18:30:00+00:00,192,600,32.0,synthetic
mccomas,2026-08-12T18:45:00+00:00,221,600,36.8333,synthetic
mccomas,2026-08-12T19:00:00+00:00,236,600,39.3333,synthetic
mccomas,2026-08-12T19:15:00+00:00,253,600,42.1667,synthetic
mccomas,2026-08-12T19:30:00+00:00,277,600,46.1667,synthetic
mccomas,2026-08-12T19:45:00+00:00,300,600,50.0,synthetic
mccomas,2026-08-12T20:00:00+00:00,359,600,59.8333,synthetic
mccomas,2026-08-12T20:15:00+00:00,391,600,65.1667,synthetic
mccomas,2026-08-12T20:30:00+00:00,422,600,70.3333,synthetic
mccomas,2026-08-12T20:45:00+00:00,442,600,73.6667,synthetic
mccomas,2026-08-12T21:00:00+00:00,463,600,77.1667,synthetic
mccomas,2026-08-12T21:15:00+00:00,488,600,81.3333,synthetic
mccomas,2026-08-12T21:30:00+00:00,491,600,81.8333,synthetic
mccomas,2026-08-12T21:45:00+00:00,470,600,78.3333,synthetic
mccomas,2026-08-12T22:00:00+00:00,474,600,79.0,synthetic
mccomas,2026-08-12T22:15:00+00:00,451,600,75.1667,synthetic
mccomas,2026-08-12T22:30:00+00:00,423,600,70.5,synthetic
mccomas,2026-08-12T22:45:00+00:00,396,600,66.0,synthetic
mccomas,2026-08-12T23:00:00+00:00,350,600,58.3333,synthetic
mccomas,2026-08-12T23:15:00+00:00,317,600,52.8333,synthetic
mccomas,2026-08-12T23:30:00+00:00,265,600,44.1667,synthetic
mccomas,2026-08-12T23:45:00+00:00,232,600,38.6667,synthetic
mccomas,2026-08-13T00:00:00+00:00,202,600,33.6667,synthetic
mccomas,2026-08-13T00:15:00+00:00,172,600,28.6667,synthetic
mccomas,2026-08-13T00:30:00+00:00,147,600,24.5,synthetic
mccomas,2026-08-13T00:45:00+00:00,134,600,22.3333,synthetic
mccomas,2026-08-13T01:00:00+00:00,119,600,19.8333,synthetic
mccomas,2026-08-13T01:15:00+00:00,83,600,13.8333,synthetic
mccomas,2026-08-13T01:30:00+00:00,68,600,11.3333,synthetic
mccomas,2026-08-13T01:45:00+00:00,54,600,9.0,synthetic
mccomas,2026-08-13T02:00:00+00:00,59,600,9.8333,synthetic
mccomas,2026-08-13T02:15:00+00:00,45,600,7.5,synthetic
mccomas,2026-08-13T02:30:00+00:00,50,600,8.3333,synthetic
mccomas,2026-08-13T02:45:00+00:00,51,600,8.5,synthetic
mccomas,2026-08-13T03:00:00+00:00,42,600,7.0,synthetic
mccomas,2026-08-13T03:15:00+00:00,47,600,7.8333,synthetic
mccomas,2026-08-13T03:30:00+00:00,55,600,9.1667,synthetic
mccomas,2026-08-13T03:45:00+00:00,42,600,7.0,synthetic
war_memorial,2026-08-12T04:00:00+00:00,66,1200,5.5,synthetic
war_memorial,2026-08-12T04:15:00+00:00,66,1200,5.5,synthetic
war_memorial,2026-08-12T04:30:00+00:00,57,1200,4.75,synthetic
war_memorial,2026-08-12T04:45:00+00:00,102,1200,8.5,synthetic
war_memorial,2026-08-12T05:00:00+00:00,102,1200,8.5,synthetic
war_memorial,2026-08-12T05:15:00+00:00,90,1200,7.5,synthetic
war_memorial,2026-08-12T05:30:00+00:00,110,1200,9.1667,synthetic
war_memorial,2026-08-12T05:45:00+00:00,70,1200,5.8333,synthetic
war_memorial,2026-08-12T06:00:00+00:00,47,1200,3.9167,synthetic
war_memorial,2026-08-12T06:15:00+00:00,54,1200,4.5,synthetic
war_memorial,2026-08-12T06:30:00+00:00,36,1200,3.0,synthetic
war_memorial,2026-08-12T06:45:00+00:00,74,1200,6.1667,synthetic
war_memorial,2026-08-12T07:00:00+00:00,23,1200,1.9167,synthetic
war_memorial,2026-08-12T07:15:00+00:00,87,1200,7.25,synthetic
war_memorial,2026-08-12T07:30:00+00:00,41,1200,3.4167,synthetic
war_memorial,2026-08-12T07:45:00+00:00,82,1200,6.8333,synthetic
war_memorial,2026-08-12T08:00:00+00:00,86,1200,7.1667,synthetic
war_memorial,2026-08-12T08:15:00+00:00,94,1200,7.8333,synthetic
war_memorial,2026-08-12T08:30:00+00:00,74,1200,6.1667,synthetic
war_memorial,2026-08-12T08:45:00+00:00,92,1200,7.6667,synthetic
war_memorial,2026-08-12T09:00:00+00:00,106,1200,8.8333,synthetic
war_memorial,2026-08-12T09:15:00+00:00,121,1200,10.0833,synthetic
war_memorial,2026-08-12T09:30:00+00:00,118,1200,9.8333,synthetic
war_memorial,2026-08-12T09:45:00+00:00,123,1200,10.25,synthetic
war_memorial,2026-08-12T10:00:00+00:00,139,1200,11.5833,synthetic
war_memorial,2026-08-12T10:15:00+00:00,180,1200,15.0,synthetic
war_memorial,2026-08-12T10:30:00+00:00,181,1200,15.0833,synthetic
war_memorial,2026-08-12T10:45:00+00:00,233,1200,19.4167,synthetic
war_memorial,2026-08-12T11:00:00+00:00,290,1200,24.1667,synthetic
war_memorial,2026-08-12T11:15:00+00:00,301,1200,25.0833,synthetic
war_memorial,2026-08-12T11:30:00+00:00,366,1200,30.5,synthetic
war_memorial,2026-08-12T11:45:00+00:00,365,1200,30.4167,synthetic
war_memorial,2026-08-12T12:00:00+00:00,374,1200,31.1667,synthetic
war_memorial,2026-08-12T12:15:00+00:00,387,1200,32.25,synthetic
war_memorial,2026-08-12T12:30:00+00:00,371,1200,30.9167,synthetic
war_memorial,2026-08-12T12:45:00+00:00,363,1200,30.25,synthetic
war_memorial,2026-08-12T13:00:00+00:00,312,1200,26.0,synthetic
war_memorial,2026-08-12T13:15:00+00:00,270,1200,22.5,synthetic
war_memorial,2026-08-12T13:30:00+00:00,256,1200,21.3333,synthetic
war_memorial,2026-08-12T13:45:00+00:00,198,1200,16.5,synthetic
war_memorial,2026-08-12T14:00:00+00:00,226,1200,18.8333,synthetic
war_memorial,2026-08-12T14:15:00+00:00,228,1200,19.0,synthetic
war_memorial,2026-08-12T14:30:00+00:00,245,1200,20.4167,synthetic
war_memorial,2026-08-12T14:45:00+00:00,242,1200,20.1667,synthetic
war_memorial,2026-08-12T15:00:00+00:00,244,1200,20.3333,synthetic
war_memorial,2026-08-12T15:15:00+00:00,290,1200,24.1667,synthetic
war_memorial,2026-08-12T15:30:00+00:00,333,1200,27.75,synthetic
war_memorial,2026-08-12T15:45:00+00:00,341,1200,28.4167,synthetic
war_memorial,2026-08-12T16:00:00+00:00,364,1200,30.3333,synthetic
war_memorial,2026-08-12T16:15:00+00:00,384,1200,32.0,synthetic
war_memorial,2026-08-12T16:30:00+00:00,361,1200,30.0833,synthetic
war_memorial,2026-08-12T16:45:00+00:00,385,1200,32.0833,synthetic
war_memorial,2026-08-12T17:00:00+00:00,412,1200,34.3333,synthetic
war_memorial,2026-08-12T17:15:00+00:00,392,1200,32.6667,synthetic
war_memorial,2026-08-12T17:30:00+00:00,382,1200,31.8333,synthetic
war_memorial,2026-08-12T17:45:00+00:00,341,1200,28.4167,synthetic
war_memorial,2026-08-12T18:00:00+00:00,333,1200,27.75,synthetic
war_memorial,2026-08-12T18:15:00+00:00,289,1200,24.0833,synthetic
war_memorial,2026-08-12T18:30:00+00:00,288,1200,24.0,synthetic
war_memorial,2026-08-12T18:45:00+00:00,263,1200,21.9167,synthetic
war_memorial,2026-08-12T19:00:00+00:00,249,1200,20.75,synthetic
war_memorial,2026-08-12T19:15:00+00:00,247,1200,20.5833,synthetic
war_memorial,2026-08-12T19:30:00+00:00,258,1200,21.5,synthetic
war_memorial,2026-08-12T19:45:00+00:00,290,1200,24.1667,synthetic
war_memorial,2026-08-12T20:00:00+00:00,326,1200,27.1667,synthetic
war_memorial,2026-08-12T20:15:00+00:00,368,1200,30.6667,synthetic
war_memorial,2026-08-12T20:30:00+00:00,452,1200,37.6667,synthetic
war_memorial,2026-08-12T20:45:00+00:00,525,1200,43.75,synthetic
war_memorial,2026-08-12T21:00:00+00:00,599,1200,49.9167,synthetic
war_memorial,2026-08-12T21:15:00+00:00,716,1200,59.6667,synthetic
war_memorial,2026-08-12T21:30:00+00:00,743,1200,61.9167,synthetic
war_memorial,2026-08-12T21:45:00+00:00,826,1200,68.8333,synthetic
war_memorial,2026-08-12T22:00:00+00:00,875,1200,72.9167,synthetic
war_memorial,2026-08-12T22:15:00+00:00,865,1200,72.0833,synthetic
war_memorial,2026-08-12T22:30:00+00:00,898,1200,74.8333,synthetic
war_memorial,2026-08-12T22:45:00+00:00,855,1200,71.25,synthetic
war_memorial,2026-08-12T23:00:00+00:00,818,1200,68.1667,synthetic
war_memorial,2026-08-12T23:15:00+00:00,779,1200,64.9167,synthetic
war_memorial,2026-08-12T23:30:00+00:00,716,1200,59.6667,synthetic
war_memorial,2026-08-12T23:45:00+00:00,654,1200,54.5,synthetic
war_memorial,2026-08-13T00:00:00+00:00,597,1200,49.75,synthetic
war_memorial,2026-08-13T00:15:00+00:00,494,1200,41.1667,synthetic
war_memorial,2026-08-13T00:30:00+00:00,377,1200,31.4167,synthetic
war_memorial,2026-08-13T00:45:00+00:00,340,1200,28.3333,synthetic
war_memorial,2026-08-13T01:00:00+00:00,290,1200,24.1667,synthetic
war_memorial,2026-08-13T01:15:00+00:00,264,1200,22.0,synthetic
war_memorial,2026-08-13T01:30:00+00:00,221,1200,18.4167,synthetic
war_memorial,2026-08-13T01:45:00+00:00,215,1200,17.9167,synthetic
war_memorial,2026-08-13T02:00:00+00:00,209,1200,17.4167,synthetic
war_memorial,2026-08-13T02:15:00+00:00,231,1200,19.25,synthetic
war_memorial,2026-08-13T02:30:00+00:00,140,1200,11.6667,synthetic
war_memorial,2026-08-13T02:45:00+00:00,168,1200,14.0,synthetic
war_memorial,2026-08-13T03:00:00+00:00,135,1200,11.25,synthetic
war_memorial,2026-08-13T03:15:00+00:00,116,1200,9.6667,synthetic
war_memorial,2026-08-13T03:30:00+00:00,129,1200,10.75,synthetic
war_memorial,2026-08-13T03:45:00+00:00,123,1200,10.25,synthetic
mccomas,2026-08-13T04:00:00+00:00,69,600,11.5,synthetic
mccomas,2026-08-13T04:15:00+00:00,65,600,10.8333,synthetic
mccomas,2026-08-13T04:30:00+00:00,59,600,9.8333,synthetic
mccomas,2026-08-13T04:45:00+00:00,59,600,9.8333,synthetic
mccomas,2026-08-13T05:00:00+00:00,59,600,9.8333,synthetic
mccomas,2026-08-13T05:15:00+00:00,60,600,10.0,synthetic
mccomas,2026-08-13T05:30:00+00:00,41,600,6.8333,synthetic
mccomas,2026-08-13T05:45:00+00:00,55,600,9.1667,synthetic
mccomas,2026-08-13T06:00:00+00:00,32,600,5.3333,synthetic
mccomas,2026-08-13T06:15:00+00:00,38,600,6.3333,synthetic
mccomas,2026-08-13T06:30:00+00:00,40,600,6.6667,synthetic
mccomas,2026-08-13T06:45:00+00:00,28,600,4.6667,synthetic
mccomas,2026-08-13T07:00:00+00:00,41,600,6.8333,synthetic
mccomas,2026-08-13T07:15:00+00:00,37,600,6.1667,synthetic
mccomas,2026-08-13T07:30:00+00:00,31,600,5.1667,synthetic
mccomas,2026-08-13T07:45:00+00:00,33,600,5.5,synthetic
mccomas,2026-08-13T08:00:00+00:00,45,600,7.5,synthetic
mccomas,2026-08-13T08:15:00+00:00,33,600,5.5,synthetic
mccomas,2026-08-13T08:30:00+00:00,47,600,7.8333,synthetic
mccomas,2026-08-13T08:45:00+00:00,45,600,7.5,synthetic
mccomas,2026-08-13T09:00:00+00:00,50,600,8.3333,synthetic
mccomas,2026-08-13T09:15:00+00:00,46,600,7.6667,synthetic
mccomas,2026-08-13T09:30:00+00:00,67,600,11.1667,synthetic
mccomas,2026-08-13T09:45:00+00:00,76,600,12.6667,synthetic
mccomas,2026-08-13T10:00:00+00:00,109,600,18.1667,synthetic
mccomas,2026-08-13T10:15:00+00:00,133,600,22.1667,synthetic
mccomas,2026-08-13T10:30:00+00:00,147,600,24.5,synthetic
mccomas,2026-08-13T10:45:00+00:00,146,600,24.3333,synthetic
mccomas,2026-08-13T11:00:00+00:00,172,600,28.6667,synthetic
mccomas,2026-08-13T11:15:00+00:00,190,600,31.6667,synthetic
mccomas,2026-08-13T11:30:00+00:00,207,600,34.5,synthetic
mccomas,2026-08-13T11:45:00+00:00,188,600,31.3333,synthetic
mccomas,2026-08-13T12:00:00+00:00,176,600,29.3333,synthetic
mccomas,2026-08-13T12:15:00+00:00,158,600,26.3333,synthetic
mccomas,2026-08-13T12:30:00+00:00,150,600,25.0,synthetic
mccomas,2026-08-13T12:45:00+00:00,124,600,20.6667,synthetic
mccomas,2026-08-13T13:00:00+00:00,94,600,15.6667,synthetic
mccomas,2026-08-13T13:15:00+00:00,104,600,17.3333,synthetic
mccomas,2026-08-13T13:30:00+00:00,108,600,18.0,synthetic
mccomas,2026-08-13T13:45:00+00:00,110,600,18.3333,synthetic
mccomas,2026-08-13T14:00:00+00:00,130,600,21.6667,synthetic
mccomas,2026-08-13T14:15:00+00:00,148,600,24.6667,synthetic
mccomas,2026-08-13T14:30:00+00:00,154,600,25.6667,synthetic
mccomas,2026-08-13T14:45:00+00:00,158,600,26.3333,synthetic
mccomas,2026-08-13T15:00:00+00:00,180,600,30.0,synthetic
mccomas,2026-08-13T15:15:00+00:00,199,600,33.1667,synthetic
mccomas,2026-08-13T15:30:00+00:00,202,600,33.6667,synthetic
mccomas,2026-08-13T15:45:00+00:00,225,600,37.5,synthetic
mccomas,2026-08-13T16:00:00+00:00,242,600,40.3333,synthetic
mccomas,2026-08-13T16:15:00+00:00,229,600,38.1667,synthetic
mccomas,2026-08-13T16:30:00+00:00,231,600,38.5,synthetic
mccomas,2026-08-13T16:45:00+00:00,238,600,39.6667,synthetic
mccomas,2026-08-13T17:00:00+00:00,233,600,38.8333,synthetic
mccomas,2026-08-13T17:15:00+00:00,210,600,35.0,synthetic
mccomas,2026-08-13T17:30:00+00:00,215,600,35.8333,synthetic
mccomas,2026-08-13T17:45:00+00:00,212,600,35.3333,synthetic
mccomas,2026-08-13T18:00:00+00:00,226,600,37.6667,synthetic
mccomas,2026-08-13T18:15:00+00:00,223,600,37.1667,synthetic
mccomas,2026-08-13T18:30:00+00:00,207,600,34.5,synthetic
mccomas,2026-08-13T18:45:00+00:00,229,600,38.1667,synthetic
mccomas,2026-08-13T19:00:00+00:00,239,600,39.8333,synthetic
mccomas,2026-08-13T19:15:00+00:00,256,600,42.6667,synthetic
mccomas,2026-08-13T19:30:00+00:00,301,600,50.1667,synthetic
mccomas,2026-08-13T19:45:00+00:00,333,600,55.5,synthetic
mccomas,2026-08-13T20:00:00+00:00,380,600,63.3333,synthetic
mccomas,2026-08-13T20:15:00+00:00,405,600,67.5,synthetic
mccomas,2026-08-13T20:30:00+00:00,425,600,70.8333,synthetic
mccomas,2026-08-13T20:45:00+00:00,433,600,72.1667,synthetic
mccomas,2026-08-13T21:00:00+00:00,465,600,77.5,synthetic
mccomas,2026-08-13T21:15:00+00:00,490,600,81.6667,synthetic
mccomas,2026-08-13T21:30:00+00:00,493,600,82.1667,synthetic
mccomas,2026-08-13T21:45:00+00:00,513,600,85.5,synthetic
mccomas,2026-08-13T22:00:00+00:00,491,600,81.8333,synthetic
mccomas,2026-08-13T22:15:00+00:00,458,600,76.3333,synthetic
mccomas,2026-08-13T22:30:00+00:00,439,600,73.1667,synthetic
mccomas,2026-08-13T22:45:00+00:00,410,600,68.3333,synthetic
mccomas,2026-08-13T23:00:00+00:00,369,600,61.5,synthetic
mccomas,2026-08-13T23:15:00+00:00,333,600,55.5,synthetic
mccomas,2026-08-13T23:30:00+00:00,293,600,48.8333,synthetic
mccomas,2026-08-13T23:45:00+00:00,226,600,37.6667,synthetic
mccomas,2026-08-14T00:00:00+00:00,188,600,31.3333,synthetic
mccomas,2026-08-14T00:15:00+00:00,177,600,29.5,synthetic
mccomas,2026-08-14T00:30:00+00:00,149,600,24.8333,synthetic
mccomas,2026-08-14T00:45:00+00:00,132,600,22.0,synthetic
mccomas,2026-08-14T01:00:00+00:00,102,600,17.0,synthetic
mccomas,2026-08-14T01:15:00+00:00,92,600,15.3333,synthetic
mccomas,2026-08-14T01:30:00+00:00,85,600,14.1667,synthetic
mccomas,2026-08-14T01:45:00+00:00,63,600,10.5,synthetic
mccomas,2026-08-14T02:00:00+00:00,44,600,7.3333,synthetic
mccomas,2026-08-14T02:15:00+00:00,39,600,6.5,synthetic
mccomas,2026-08-14T02:30:00+00:00,52,600,8.6667,synthetic
mccomas,2026-08-14T02:45:00+00:00,54,600,9.0,synthetic
mccomas,2026-08-14T03:00:00+00:00,37,600,6.1667,synthetic
mccomas,2026-08-14T03:15:00+00:00,34,600,5.6667,synthetic
mccomas,2026-08-14T03:30:00+00:00,39,600,6.5,synthetic
mccomas,2026-08-14T03:45:00+00:00,56,600,9.3333,synthetic
war_memorial,2026-08-13T04:00:00+00:00,0,1200,0.0,synthetic
war_memorial,2026-08-13T04:15:00+00:00,0,1200,0.0,synthetic
war_memorial,2026-08-13T04:30:00+00:00,0,1200,0.0,synthetic
war_memorial,2026-08-13T04:45:00+00:00,0,1200,0.0,synthetic
war_memorial,2026-08-13T05:00:00+00:00,9,1200,0.75,synthetic
war_memorial,2026-08-13T05:15:00+00:00,6,1200,0.5,synthetic
war_memorial,2026-08-13T05:30:00+00:00,0,1200,0.0,synthetic
war_memorial,2026-08-13T05:45:00+00:00,0,1200,0.0,synthetic
war_memorial,2026-08-13T06:00:00+00:00,0,1200,0.0,synthetic
war_memorial,2026-08-13T06:15:00+00:00,3,1200,0.25,synthetic
war_memorial,2026-08-13T06:30:00+00:00,3,1200,0.25,synthetic
war_memorial,2026-08-13T06:45:00+00:00,0,1200,0.0,synthetic
war_memorial,2026-08-13T07:00:00+00:00,0,1200,0.0,synthetic
war_memorial,2026-08-13T07:15:00+00:00,0,1200,0.0,synthetic
war_memorial,2026-08-13T07:30:00+00:00,4,1200,0.3333,synthetic
war_memorial,2026-08-13T07:45:00+00:00,43,1200,3.5833,synthetic
war_memorial,2026-08-13T08:00:00+00:00,3,1200,0.25,synthetic
war_memorial,2026-08-13T08:15:00+00:00,22,1200,1.8333,synthetic
war_memorial,2026-08-13T08:30:00+00:00,30,1200,2.5,synthetic
war_memorial,2026-08-13T08:45:00+00:00,27,1200,2.25,synthetic
war_memorial,2026-08-13T09:00:00+00:00,36,1200,3.0,synthetic
war_memorial,2026-08-13T09:15:00+00:00,55,1200,4.5833,synthetic
war_memorial,2026-08-13T09:30:00+00:00,43,1200,3.5833,synthetic
war_memorial,2026-08-13T09:45:00+00:00,74,1200,6.1667,synthetic
war_memorial,2026-08-13T10:00:00+00:00,85,1200,7.0833,synthetic
war_memorial,2026-08-13T10:15:00+00:00,140,1200,11.6667,synthetic
war_memorial,2026-08-13T10:30:00+00:00,130,1200,10.8333,synthetic
war_memorial,2026-08-13T10:45:00+00:00,192,1200,16.0,synthetic
war_memorial,2026-08-13T11:00:00+00:00,226,1200,18.8333,synthetic
war_memorial,2026-08-13T11:15:00+00:00,242,1200,20.1667,synthetic
war_memorial,2026-08-13T11:30:00+00:00,284,1200,23.6667,synthetic
war_memorial,2026-08-13T11:45:00+00:00,288,1200,24.0,synthetic
war_memorial,2026-08-13T12:00:00+00:00,280,1200,23.3333,synthetic
war_memorial,2026-08-13T12:15:00+00:00,301,1200,25.0833,synthetic
war_memorial,2026-08-13T12:30:00+00:00,323,1200,26.9167,synthetic
war_memorial,2026-08-13T12:45:00+00:00,311,1200,25.9167,synthetic
war_memorial,2026-08-13T13:00:00+00:00,245,1200,20.4167,synthetic
war_memorial,2026-08-13T13:15:00+00:00,209,1200,17.4167,synthetic
war_memorial,2026-08-13T13:30:00+00:00,173,1200,14.4167,synthetic
war_memorial,2026-08-13T13:45:00+00:00,157,1200,13.0833,synthetic
war_memorial,2026-08-13T14:00:00+00:00,170,1200,14.1667,synthetic
war_memorial,2026-08-13T14:15:00+00:00,157,1200,13.0833,synthetic
war_memorial,2026-08-13T14:30:00+00:00,182,1200,15.1667,synthetic
war_memorial,2026-08-13T14:45:00+00:00,230,1200,19.1667,synthetic
war_memorial,2026-08-13T15:00:00+00:00,278,1200,23.1667,synthetic
war_memorial,2026-08-13T15:15:00+00:00,328,1200,27.3333,synthetic
war_memorial,2026-08-13T15:30:00+00:00,313,1200,26.0833,synthetic
war_memorial,2026-08-13T15:45:00+00:00,329,1200,27.4167,synthetic
war_memorial,2026-08-13T16:00:00+00:00,314,1200,26.1667,synthetic
war_memorial,2026-08-13T16:15:00+00:00,322,1200,26.8333,synthetic
war_memorial,2026-08-13T16:30:00+00:00,336,1200,28.0,synthetic
war_memorial,2026-08-13T16:45:00+00:00,336,1200,28.0,synthetic
war_memorial,2026-08-13T17:00:00+00:00,344,1200,28.6667,synthetic
war_memorial,2026-08-13T17:15:00+00:00,328,1200,27.3333,synthetic
war_memorial,2026-08-13T17:30:00+00:00,284,1200,23.6667,synthetic
war_memorial,2026-08-13T17:45:00+00:00,253,1200,21.0833,synthetic
war_memorial,2026-08-13T18:00:00+00:00,241,1200,20.0833,synthetic
war_memorial,2026-08-13T18:15:00+00:00,183,1200,15.25,synthetic
war_memorial,2026-08-13T18:30:00+00:00,170,1200,14.1667,synthetic
war_memorial,2026-08-13T18:45:00+00:00,163,1200,13.5833,synthetic
war_memorial,2026-08-13T19:00:00+00:00,134,1200,11.1667,synthetic
war_memorial,2026-08-13T19:15:00+00:00,209,1200,17.4167,synthetic
war_memorial,2026-08-13T19:30:00+00:00,225,1200,18.75,synthetic
war_memorial,2026-08-13T19:45:00+00:00,266,1200,22.1667,synthetic
war_memorial,2026-08-13T20:00:00+00:00,293,1200,24.4167,synthetic
war_memorial,2026-08-13T20:15:00+00:00,370,1200,30.8333,synthetic
war_memorial,2026-08-13T20:30:00+00:00,421,1200,35.0833,synthetic
war_memorial,2026-08-13T20:45:00+00:00,499,1200,41.5833,synthetic
war_memorial,2026-08-13T21:00:00+00:00,535,1200,44.5833,synthetic
war_memorial,2026-08-13T21:15:00+00:00,586,1200,48.8333,synthetic
war_memorial,2026-08-13T21:30:00+00:00,655,1200,54.5833,synthetic
war_memorial,2026-08-13T21:45:00+00:00,716,1200,59.6667,synthetic
war_memorial,2026-08-13T22:00:00+00:00,745,1200,62.0833,synthetic
war_memorial,2026-08-13T22:15:00+00:00,746,1200,62.1667,synthetic
war_memorial,2026-08-13T22:30:00+00:00,775,1200,64.5833,synthetic
war_memorial,2026-08-13T22:45:00+00:00,775,1200,64.5833,synthetic
war_memorial,2026-08-13T23:00:00+00:00,726,1200,60.5,synthetic
war_memorial,2026-08-13T23:15:00+00:00,669,1200,55.75,synthetic
war_memorial,2026-08-13T23:30:00+00:00,603,1200,50.25,synthetic
war_memorial,2026-08-13T23:45:00+00:00,546,1200,45.5,synthetic
war_memorial,2026-08-14T00:00:00+00:00,492,1200,41.0,synthetic
war_memorial,2026-08-14T00:15:00+00:00,420,1200,35.0,synthetic
war_memorial,2026-08-14T00:30:00+00:00,384,1200,32.0,synthetic
war_memorial,2026-08-14T00:45:00+00:00,292,1200,24.3333,synthetic
war_memorial,2026-08-14T01:00:00+00:00,238,1200,19.8333,synthetic
war_memorial,2026-08-14T01:15:00+00:00,191,1200,15.9167,synthetic
war_memorial,2026-08-14T01:30:00+00:00,196,1200,16.3333,synthetic
war_memorial,2026-08-14T01:45:00+00:00,177,1200,14.75,synthetic
war_memorial,2026-08-14T02:00:00+00:00,112,1200,9.3333,synthetic
war_memorial,2026-08-14T02:15:00+00:00,97,1200,8.0833,synthetic
war_memorial,2026-08-14T02:30:00+00:00,58,1200,4.8333,synthetic
war_memorial,2026-08-14T02:45:00+00:00,37,1200,3.0833,synthetic
war_memorial,2026-08-14T03:00:00+00:00,50,1200,4.1667,synthetic
war_memorial,2026-08-14T03:15:00+00:00,63,1200,5.25,synthetic
war_memorial,2026-08-14T03:30:00+00:00,35,1200,2.9167,synthetic
war_memorial,2026-08-14T03:45:00+00:00,55,1200,4.5833,synthetic
mccomas,2026-08-14T04:00:00+00:00,52,600,8.6667,synthetic
mccomas,2026-08-14T04:15:00+00:00,60,600,10.0,synthetic
mccomas,2026-08-14T04:30:00+00:00,39,600,6.5,synthetic
mccomas,2026-08-14T04:45:00+00:00,43,600,7.1667,synthetic
mccomas,2026-08-14T05:00:00+00:00,35,600,5.8333,synthetic
mccomas,2026-08-14T05:15:00+00:00,41,600,6.8333,synthetic
mccomas,2026-08-14T05:30:00+00:00,49,600,8.1667,synthetic
mccomas,2026-08-14T05:45:00+00:00,48,600,8.0,synthetic
mccomas,2026-08-14T06:00:00+00:00,64,600,10.6667,synthetic
mccomas,2026-08-14T06:15:00+00:00,49,600,8.1667,synthetic
mccomas,2026-08-14T06:30:00+00:00,64,600,10.6667,synthetic
mccomas,2026-08-14T06:45:00+00:00,61,600,10.1667,synthetic
mccomas,2026-08-14T07:00:00+00:00,53,600,8.8333,synthetic
mccomas,2026-08-14T07:15:00+00:00,64,600,10.6667,synthetic
mccomas,2026-08-14T07:30:00+00:00,51,600,8.5,synthetic
mccomas,2026-08-14T07:45:00+00:00,33,600,5.5,synthetic
mccomas,2026-08-14T08:00:00+00:00,45,600,7.5,synthetic
mccomas,2026-08-14T08:15:00+00:00,51,600,8.5,synthetic
mccomas,2026-08-14T08:30:00+00:00,59,600,9.8333,synthetic
mccomas,2026-08-14T08:45:00+00:00,54,600,9.0,synthetic
mccomas,2026-08-14T09:00:00+00:00,48,600,8.0,synthetic
mccomas,2026-08-14T09:15:00+00:00,61,600,10.1667,synthetic
mccomas,2026-08-14T09:30:00+00:00,70,600,11.6667,synthetic
mccomas,2026-08-14T09:45:00+00:00,87,600,14.5,synthetic
mccomas,2026-08-14T10:00:00+00:00,79,600,13.1667,synthetic
mccomas,2026-08-14T10:15:00+00:00,124,600,20.6667,synthetic
mccomas,2026-08-14T10:30:00+00:00,137,600,22.8333,synthetic
mccomas,2026-08-14T10:45:00+00:00,175,600,29.1667,synthetic
mccomas,2026-08-14T11:00:00+00:00,179,600,29.8333,synthetic
mccomas,2026-08-14T11:15:00+00:00,194,600,32.3333,synthetic
mccomas,2026-08-14T11:30:00+00:00,203,600,33.8333,synthetic
mccomas,2026-08-14T11:45:00+00:00,203,600,33.8333,synthetic
mccomas,2026-08-14T12:00:00+00:00,180,600,30.0,synthetic
mccomas,2026-08-14T12:15:00+00:00,175,600,29.1667,synthetic
mccomas,2026-08-14T12:30:00+00:00,148,600,24.6667,synthetic
mccomas,2026-08-14T12:45:00+00:00,123,600,20.5,synthetic
mccomas,2026-08-14T13:00:00+00:00,112,600,18.6667,synthetic
mccomas,2026-08-14T13:15:00+00:00,125,600,20.8333,synthetic
mccomas,2026-08-14T13:30:00+00:00,121,600,20.1667,synthetic
mccomas,2026-08-14T13:45:00+00:00,117,600,19.5,synthetic
mccomas,2026-08-14T14:00:00+00:00,106,600,17.6667,synthetic
mccomas,2026-08-14T14:15:00+00:00,123,600,20.5,synthetic
mccomas,2026-08-14T14:30:00+00:00,133,600,22.1667,synthetic
mccomas,2026-08-14T14:45:00+00:00,151,600,25.1667,synthetic
mccomas,2026-08-14T15:00:00+00:00,159,600,26.5,synthetic
mccomas,2026-08-14T15:15:00+00:00,188,600,31.3333,synthetic
mccomas,2026-08-14T15:30:00+00:00,195,600,32.5,synthetic
mccomas,2026-08-14T15:45:00+00:00,210,600,35.0,synthetic
mccomas,2026-08-14T16:00:00+00:00,208,600,34.6667,synthetic
mccomas,2026-08-14T16:15:00+00:00,249,600,41.5,synthetic
mccomas,2026-08-14T16:30:00+00:00,235,600,39.1667,synthetic
mccomas,2026-08-14T16:45:00+00:00,237,600,39.5,synthetic
mccomas,2026-08-14T17:00:00+00:00,248,600,41.3333,synthetic
mccomas,2026-08-14T17:15:00+00:00,238,600,39.6667,synthetic
mccomas,2026-08-14T17:30:00+00:00,221,600,36.8333,synthetic
mccomas,2026-08-14T17:45:00+00:00,230,600,38.3333,synthetic
mccomas,2026-08-14T18:00:00+00:00,208,600,34.6667,synthetic
mccomas,2026-08-14T18:15:00+00:00,207,600,34.5,synthetic
mccomas,2026-08-14T18:30:00+00:00,216,600,36.0,synthetic
mccomas,2026-08-14T18:45:00+00:00,222,600,37.0,synthetic
mccomas,2026-08-14T19:00:00+00:00,241,600,40.1667,synthetic
mccomas,2026-08-14T19:15:00+00:00,250,600,41.6667,synthetic
mccomas,2026-08-14T19:30:00+00:00,276,600,46.0,synthetic
mccomas,2026-08-14T19:45:00+00:00,309,600,51.5,synthetic
mccomas,2026-08-14T20:00:00+00:00,333,600,55.5,synthetic
mccomas,2026-08-14T20:15:00+00:00,365,600,60.8333,synthetic
mccomas,2026-08-14T20:30:00+00:00,410,600,68.3333,synthetic
mccomas,2026-08-14T20:45:00+00:00,415,600,69.1667,synthetic
mccomas,2026-08-14T21:00:00+00:00,443,600,73.8333,synthetic
mccomas,2026-08-14T21:15:00+00:00,466,600,77.6667,synthetic
mccomas,2026-08-14T21:30:00+00:00,461,600,76.8333,synthetic
mccomas,2026-08-14T21:45:00+00:00,469,600,78.1667,synthetic
mccomas,2026-08-14T22:00:00+00:00,449,600,74.8333,synthetic
mccomas,2026-08-14T22:15:00+00:00,417,600,69.5,synthetic
mccomas,2026-08-14T22:30:00+00:00,390,600,65.0,synthetic
mccomas,2026-08-14T22:45:00+00:00,372,600,62.0,synthetic
mccomas,2026-08-14T23:00:00+00:00,321,600,53.5,synthetic
mccomas,2026-08-14T23:15:00+00:00,285,600,47.5,synthetic
mccomas,2026-08-14T23:30:00+00:00,274,600,45.6667,synthetic
mccomas,2026-08-14T23:45:00+00:00,231,600,38.5,synthetic
mccomas,2026-08-15T00:00:00+00:00,193,600,32.1667,synthetic
mccomas,2026-08-15T00:15:00+00:00,166,600,27.6667,synthetic
mccomas,2026-08-15T00:30:00+00:00,157,600,26.1667,synthetic
mccomas,2026-08-15T00:45:00+00:00,161,600,26.8333,synthetic
mccomas,2026-08-15T01:00:00+00:00,124,600,20.6667,synthetic
mccomas,2026-08-15T01:15:00+00:00,93,600,15.5,synthetic
mccomas,2026-08-15T01:30:00+00:00,76,600,12.6667,synthetic
mccomas,2026-08-15T01:45:00+00:00,75,600,12.5,synthetic
mccomas,2026-08-15T02:00:00+00:00,58,600,9.6667,synthetic
mccomas,2026-08-15T02:15:00+00:00,64,600,10.6667,synthetic
mccomas,2026-08-15T02:30:00+00:00,64,600,10.6667,synthetic
mccomas,2026-08-15T02:45:00+00:00,56,600,9.3333,synthetic
mccomas,2026-08-15T03:00:00+00:00,41,600,6.8333,synthetic
mccomas,2026-08-15T03:15:00+00:00,36,600,6.0,synthetic
mccomas,2026-08-15T03:30:00+00:00,38,600,6.3333,synthetic
mccomas,2026-08-15T03:45:00+00:00,51,600,8.5,synthetic
war_memorial,2026-08-14T04:00:00+00:00,123,1200,10.25,synthetic
war_memorial,2026-08-14T04:15:00+00:00,124,1200,10.3333,synthetic
war_memorial,2026-08-14T04:30:00+00:00,124,1200,10.3333,synthetic
war_memorial,2026-08-14T04:45:00+00:00,159,1200,13.25,synthetic
war_memorial,2026-08-14T05:00:00+00:00,131,1200,10.9167,synthetic
war_memorial,2026-08-14T05:15:00+00:00,154,1200,12.8333,synthetic
war_memorial,2026-08-14T05:30:00+00:00,117,1200,9.75,synthetic
war_memorial,2026-08-14T05:45:00+00:00,133,1200,11.0833,synthetic
war_memorial,2026-08-14T06:00:00+00:00,127,1200,10.5833,synthetic
war_memorial,2026-08-14T06:15:00+00:00,139,1200,11.5833,synthetic
war_memorial,2026-08-14T06:30:00+00:00,150,1200,12.5,synthetic
war_memorial,2026-08-14T06:45:00+00:00,118,1200,9.8333,synthetic
war_memorial,2026-08-14T07:00:00+00:00,145,1200,12.0833,synthetic
war_memorial,2026-08-14T07:15:00+00:00,108,1200,9.0,synthetic
war_memorial,2026-08-14T07:30:00+00:00,84,1200,7.0,synthetic
war_memorial,2026-08-14T07:45:00+00:00,93,1200,7.75,synthetic
war_memorial,2026-08-14T08:00:00+00:00,64,1200,5.3333,synthetic
war_memorial,2026-08-14T08:15:00+00:00,80,1200,6.6667,synthetic
war_memorial,2026-08-14T08:30:00+00:00,79,1200,6.5833,synthetic
war_memorial,2026-08-14T08:45:00+00:00,136,1200,11.3333,synthetic
war_memorial,2026-08-14T09:00:00+00:00,126,1200,10.5,synthetic
war_memorial,2026-08-14T09:15:00+00:00,111,1200,9.25,synthetic
war_memorial,2026-08-14T09:30:00+00:00,100,1200,8.3333,synthetic
war_memorial,2026-08-14T09:45:00+00:00,124,1200,10.3333,synthetic
war_memorial,2026-08-14T10:00:00+00:00,117,1200,9.75,synthetic
war_memorial,2026-08-14T10:15:00+00:00,135,1200,11.25,synthetic
war_memorial,2026-08-14T10:30:00+00:00,151,1200,12.5833,synthetic
war_memorial,2026-08-14T10:45:00+00:00,211,1200,17.5833,synthetic
war_memorial,2026-08-14T11:00:00+00:00,273,1200,22.75,synthetic
war_memorial,2026-08-14T11:15:00+00:00,301,1200,25.0833,synthetic
war_memorial,2026-08-14T11:30:00+00:00,351,1200,29.25,synthetic
war_memorial,2026-08-14T11:45:00+00:00,363,1200,30.25,synthetic
war_memorial,2026-08-14T12:00:00+00:00,354,1200,29.5,synthetic
war_memorial,2026-08-14T12:15:00+00:00,369,1200,30.75,synthetic
war_memorial,2026-08-14T12:30:00+00:00,396,1200,33.0,synthetic
war_memorial,2026-08-14T12:45:00+00:00,365,1200,30.4167,synthetic
war_memorial,2026-08-14T13:00:00+00:00,304,1200,25.3333,synthetic
war_memorial,2026-08-14T13:15:00+00:00,297,1200,24.75,synthetic
war_memorial,2026-08-14T13:30:00+00:00,267,1200,22.25,synthetic
war_memorial,2026-08-14T13:45:00+00:00,239,1200,19.9167,synthetic
war_memorial,2026-08-14T14:00:00+00:00,249,1200,20.75,synthetic
war_memorial,2026-08-14T14:15:00+00:00,260,1200,21.6667,synthetic
war_memorial,2026-08-14T14:30:00+00:00,273,1200,22.75,synthetic
war_memorial,2026-08-14T14:45:00+00:00,288,1200,24.0,synthetic
war_memorial,2026-08-14T15:00:00+00:00,328,1200,27.3333,synthetic
war_memorial,2026-08-14T15:15:00+00:00,349,1200,29.0833,synthetic
war_memorial,2026-08-14T15:30:00+00:00,407,1200,33.9167,synthetic
war_memorial,2026-08-14T15:45:00+00:00,422,1200,35.1667,synthetic
war_memorial,2026-08-14T16:00:00+00:00,432,1200,36.0,synthetic
war_memorial,2026-08-14T16:15:00+00:00,428,1200,35.6667,synthetic
war_memorial,2026-08-14T16:30:00+00:00,466,1200,38.8333,synthetic
war_memorial,2026-08-14T16:45:00+00:00,454,1200,37.8333,synthetic
war_memorial,2026-08-14T17:00:00+00:00,460,1200,38.3333,synthetic
war_memorial,2026-08-14T17:15:00+00:00,440,1200,36.6667,synthetic
war_memorial,2026-08-14T17:30:00+00:00,424,1200,35.3333,synthetic
war_memorial,2026-08-14T17:45:00+00:00,388,1200,32.3333,synthetic
war_memorial,2026-08-14T18:00:00+00:00,368,1200,30.6667,synthetic
war_memorial,2026-08-14T18:15:00+00:00,346,1200,28.8333,synthetic
war_memorial,2026-08-14T18:30:00+00:00,296,1200,24.6667,synthetic
war_memorial,2026-08-14T18:45:00+00:00,282,1200,23.5,synthetic
war_memorial,2026-08-14T19:00:00+00:00,314,1200,26.1667,synthetic
war_memorial,2026-08-14T19:15:00+00:00,278,1200,23.1667,synthetic
war_memorial,2026-08-14T19:30:00+00:00,326,1200,27.1667,synthetic
war_memorial,2026-08-14T19:45:00+00:00,367,1200,30.5833,synthetic
war_memorial,2026-08-14T20:00:00+00:00,388,1200,32.3333,synthetic
war_memorial,2026-08-14T20:15:00+00:00,443,1200,36.9167,synthetic
war_memorial,2026-08-14T20:30:00+00:00,513,1200,42.75,synthetic
war_memorial,2026-08-14T20:45:00+00:00,535,1200,44.5833,synthetic
war_memorial,2026-08-14T21:00:00+00:00,589,1200,49.0833,synthetic
war_memorial,2026-08-14T21:15:00+00:00,645,1200,53.75,synthetic
war_memorial,2026-08-14T21:30:00+00:00,720,1200,60.0,synthetic
war_memorial,2026-08-14T21:45:00+00:00,767,1200,63.9167,synthetic
war_memorial,2026-08-14T22:00:00+00:00,794,1200,66.1667,synthetic
war_memorial,2026-08-14T22:15:00+00:00,848,1200,70.6667,synthetic
war_memorial,2026-08-14T22:30:00+00:00,831,1200,69.25,synthetic
war_memorial,2026-08-14T22:45:00+00:00,829,1200,69.0833,synthetic
war_memorial,2026-08-14T23:00:00+00:00,799,1200,66.5833,synthetic
war_memorial,2026-08-14T23:15:00+00:00,788,1200,65.6667,synthetic
war_memorial,2026-08-14T23:30:00+00:00,738,1200,61.5,synthetic
war_memorial,2026-08-14T23:45:00+00:00,690,1200,57.5,synthetic
war_memorial,2026-08-15T00:00:00+00:00,609,1200,50.75,synthetic
war_memorial,2026-08-15T00:15:00+00:00,535,1200,44.5833,synthetic
war_memorial,2026-08-15T00:30:00+00:00,491,1200,40.9167,synthetic
war_memorial,2026-08-15T00:45:00+00:00,442,1200,36.8333,synthetic
war_memorial,2026-08-15T01:00:00+00:00,392,1200,32.6667,synthetic
war_memorial,2026-08-15T01:15:00+00:00,340,1200,28.3333,synthetic
war_memorial,2026-08-15T01:30:00+00:00,305,1200,25.4167,synthetic
war_memorial,2026-08-15T01:45:00+00:00,265,1200,22.0833,synthetic
war_memorial,2026-08-15T02:00:00+00:00,221,1200,18.4167,synthetic
war_memorial,2026-08-15T02:15:00+00:00,199,1200,16.5833,synthetic
war_memorial,2026-08-15T02:30:00+00:00,165,1200,13.75,synthetic
war_memorial,2026-08-15T02:45:00+00:00,137,1200,11.4167,synthetic
war_memorial,2026-08-15T03:00:00+00:00,140,1200,11.6667,synthetic
war_memorial,2026-08-15T03:15:00+00:00,121,1200,10.0833,synthetic
war_memorial,2026-08-15T03:30:00+00:00,96,1200,8.0,synthetic
war_memorial,2026-08-15T03:45:00+00:00,109,1200,9.0833,synthetic
mccomas,2026-08-15T04:00:00+00:00,49,600,8.1667,synthetic
mccomas,2026-08-15T04:15:00+00:00,46,600,7.6667,synthetic
mccomas,2026-08-15T04:30:00+00:00,66,600,11.0,synthetic
mccomas,2026-08-15T04:45:00+00:00,76,600,12.6667,synthetic
mccomas,2026-08-15T05:00:00+00:00,83,600,13.8333,synthetic
mccomas,2026-08-15T05:15:00+00:00,81,600,13.5,synthetic
mccomas,2026-08-15T05:30:00+00:00,91,600,15.1667,synthetic
mccomas,2026-08-15T05:45:00+00:00,85,600,14.1667,synthetic
mccomas,2026-08-15T06:00:00+00:00,58,600,9.6667,synthetic
mccomas,2026-08-15T06:15:00+00:00,71,600,11.8333,synthetic
mccomas,2026-08-15T06:30:00+00:00,59,600,9.8333,synthetic
mccomas,2026-08-15T06:45:00+00:00,53,600,8.8333,synthetic
mccomas,2026-08-15T07:00:00+00:00,46,600,7.6667,synthetic
mccomas,2026-08-15T07:15:00+00:00,62,600,10.3333,synthetic
mccomas,2026-08-15T07:30:00+00:00,52,600,8.6667,synthetic
mccomas,2026-08-15T07:45:00+00:00,43,600,7.1667,synthetic
mccomas,2026-08-15T08:00:00+00:00,47,600,7.8333,synthetic
mccomas,2026-08-15T08:15:00+00:00,34,600,5.6667,synthetic
mccomas,2026-08-15T08:30:00+00:00,27,600,4.5,synthetic
mccomas,2026-08-15T08:45:00+00:00,45,600,7.5,synthetic
mccomas,2026-08-15T09:00:00+00:00,64,600,10.6667,synthetic
mccomas,2026-08-15T09:15:00+00:00,67,600,11.1667,synthetic
mccomas,2026-08-15T09:30:00+00:00,47,600,7.8333,synthetic
mccomas,2026-08-15T09:45:00+00:00,81,600,13.5,synthetic
mccomas,2026-08-15T10:00:00+00:00,67,600,11.1667,synthetic
mccomas,2026-08-15T10:15:00+00:00,63,600,10.5,synthetic
mccomas,2026-08-15T10:30:00+00:00,68,600,11.3333,synthetic
mccomas,2026-08-15T10:45:00+00:00,66,600,11.0,synthetic
mccomas,2026-08-15T11:00:00+00:00,66,600,11.0,synthetic
mccomas,2026-08-15T11:15:00+00:00,78,600,13.0,synthetic
mccomas,2026-08-15T11:30:00+00:00,83,600,13.8333,synthetic
mccomas,2026-08-15T11:45:00+00:00,82,600,13.6667,synthetic
mccomas,2026-08-15T12:00:00+00:00,76,600,12.6667,synthetic
mccomas,2026-08-15T12:15:00+00:00,71,600,11.8333,synthetic
mccomas,2026-08-15T12:30:00+00:00,84,600,14.0,synthetic
mccomas,2026-08-15T12:45:00+00:00,113,600,18.8333,synthetic
mccomas,2026-08-15T13:00:00+00:00,115,600,19.1667,synthetic
mccomas,2026-08-15T13:15:00+00:00,142,600,23.6667,synthetic
mccomas,2026-08-15T13:30:00+00:00,173,600,28.8333,synthetic
mccomas,2026-08-15T13:45:00+00:00,186,600,31.0,synthetic
mccomas,2026-08-15T14:00:00+00:00,204,600,34.0,synthetic
mccomas,2026-08-15T14:15:00+00:00,240,600,40.0,synthetic
mccomas,2026-08-15T14:30:00+00:00,264,600,44.0,synthetic
mccomas,2026-08-15T14:45:00+00:00,291,600,48.5,synthetic
mccomas,2026-08-15T15:00:00+00:00,292,600,48.6667,synthetic
mccomas,2026-08-15T15:15:00+00:00,321,600,53.5,synthetic
mccomas,2026-08-15T15:30:00+00:00,317,600,52.8333,synthetic
mccomas,2026-08-15T15:45:00+00:00,305,600,50.8333,synthetic
mccomas,2026-08-15T16:00:00+00:00,316,600,52.6667,synthetic
mccomas,2026-08-15T16:15:00+00:00,303,600,50.5,synthetic
mccomas,2026-08-15T16:30:00+00:00,296,600,49.3333,synthetic
mccomas,2026-08-15T16:45:00+00:00,299,600,49.8333,synthetic
mccomas,2026-08-15T17:00:00+00:00,263,600,43.8333,synthetic
mccomas,2026-08-15T17:15:00+00:00,260,600,43.3333,synthetic
mccomas,2026-08-15T17:30:00+00:00,256,600,42.6667,synthetic
mccomas,2026-08-15T17:45:00+00:00,240,600,40.0,synthetic
mccomas,2026-08-15T18:00:00+00:00,224,600,37.3333,synthetic
mccomas,2026-08-15T18:15:00+00:00,224,600,37.3333,synthetic
mccomas,2026-08-15T18:30:00+00:00,248,600,41.3333,synthetic
mccomas,2026-08-15T18:45:00+00:00,270,600,45.0,synthetic
mccomas,2026-08-15T19:00:00+00:00,286,600,47.6667,synthetic
mccomas,2026-08-15T19:15:00+00:00,288,600,48.0,synthetic
mccomas,2026-08-15T19:30:00+00:00,315,600,52.5,synthetic
mccomas,2026-08-15T19:45:00+00:00,327,600,54.5,synthetic
mccomas,2026-08-15T20:00:00+00:00,333,600,55.5,synthetic
mccomas,2026-08-15T20:15:00+00:00,332,600,55.3333,synthetic
mccomas,2026-08-15T20:30:00+00:00,343,600,57.1667,synthetic
mccomas,2026-08-15T20:45:00+00:00,363,600,60.5,synthetic
mccomas,2026-08-15T21:00:00+00:00,358,600,59.6667,synthetic
mccomas,2026-08-15T21:15:00+00:00,337,600,56.1667,synthetic
mccomas,2026-08-15T21:30:00+00:00,320,600,53.3333,synthetic
mccomas,2026-08-15T21:45:00+00:00,294,600,49.0,synthetic
mccomas,2026-08-15T22:00:00+00:00,269,600,44.8333,synthetic
mccomas,2026-08-15T22:15:00+00:00,246,600,41.0,synthetic
mccomas,2026-08-15T22:30:00+00:00,218,600,36.3333,synthetic
mccomas,2026-08-15T22:45:00+00:00,203,600,33.8333,synthetic
mccomas,2026-08-15T23:00:00+00:00,189,600,31.5,synthetic
mccomas,2026-08-15T23:15:00+00:00,148,600,24.6667,synthetic
mccomas,2026-08-15T23:30:00+00:00,143,600,23.8333,synthetic
mccomas,2026-08-15T23:45:00+00:00,131,600,21.8333,synthetic
mccomas,2026-08-16T00:00:00+00:00,115,600,19.1667,synthetic
mccomas,2026-08-16T00:15:00+00:00,109,600,18.1667,synthetic
mccomas,2026-08-16T00:30:00+00:00,110,600,18.3333,synthetic
mccomas,2026-08-16T00:45:00+00:00,75,600,12.5,synthetic
mccomas,2026-08-16T01:00:00+00:00,50,600,8.3333,synthetic
mccomas,2026-08-16T01:15:00+00:00,53,600,8.8333,synthetic
mccomas,2026-08-16T01:30:00+00:00,54,600,9.0,synthetic
mccomas,2026-08-16T01:45:00+00:00,38,600,6.3333,synthetic
mccomas,2026-08-16T02:00:00+00:00,36,600,6.0,synthetic
mccomas,2026-08-16T02:15:00+00:00,53,600,8.8333,synthetic
mccomas,2026-08-16T02:30:00+00:00,64,600,10.6667,synthetic
mccomas,2026-08-16T02:45:00+00:00,53,600,8.8333,synthetic
mccomas,2026-08-16T03:00:00+00:00,60,600,10.0,synthetic
mccomas,2026-08-16T03:15:00+00:00,61,600,10.1667,synthetic
mccomas,2026-08-16T03:30:00+00:00,51,600,8.5,synthetic
mccomas,2026-08-16T03:45:00+00:00,50,600,8.3333,synthetic
war_memorial,2026-08-15T04:00:00+00:00,42,1200,3.5,synthetic
war_memorial,2026-08-15T04:15:00+00:00,37,1200,3.0833,synthetic
war_memorial,2026-08-15T04:30:00+00:00,34,1200,2.8333,synthetic
war_memorial,2026-08-15T04:45:00+00:00,50,1200,4.1667,synthetic
war_memorial,2026-08-15T05:00:00+00:00,36,1200,3.0,synthetic
war_memorial,2026-08-15T05:15:00+00:00,20,1200,1.6667,synthetic
war_memorial,2026-08-15T05:30:00+00:00,0,1200,0.0,synthetic
war_memorial,2026-08-15T05:45:00+00:00,28,1200,2.3333,synthetic
war_memorial,2026-08-15T06:00:00+00:00,36,1200,3.0,synthetic
war_memorial,2026-08-15T06:15:00+00:00,46,1200,3.8333,synthetic
war_memorial,2026-08-15T06:30:00+00:00,30,1200,2.5,synthetic
war_memorial,2026-08-15T06:45:00+00:00,43,1200,3.5833,synthetic
war_memorial,2026-08-15T07:00:00+00:00,10,1200,0.8333,synthetic
war_memorial,2026-08-15T07:15:00+00:00,47,1200,3.9167,synthetic
war_memorial,2026-08-15T07:30:00+00:00,39,1200,3.25,synthetic
war_memorial,2026-08-15T07:45:00+00:00,20,1200,1.6667,synthetic
war_memorial,2026-08-15T08:00:00+00:00,46,1200,3.8333,synthetic
war_memorial,2026-08-15T08:15:00+00:00,44,1200,3.6667,synthetic
war_memorial,2026-08-15T08:30:00+00:00,87,1200,7.25,synthetic
war_memorial,2026-08-15T08:45:00+00:00,64,1200,5.3333,synthetic
war_memorial,2026-08-15T09:00:00+00:00,52,1200,4.3333,synthetic
war_memorial,2026-08-15T09:15:00+00:00,44,1200,3.6667,synthetic
war_memorial,2026-08-15T09:30:00+00:00,98,1200,8.1667,synthetic
war_memorial,2026-08-15T09:45:00+00:00,90,1200,7.5,synthetic
war_memorial,2026-08-15T10:00:00+00:00,113,1200,9.4167,synthetic
war_memorial,2026-08-15T10:15:00+00:00,112,1200,9.3333,synthetic
war_memorial,2026-08-15T10:30:00+00:00,119,1200,9.9167,synthetic
war_memorial,2026-08-15T10:45:00+00:00,128,1200,10.6667,synthetic
war_memorial,2026-08-15T11:00:00+00:00,102,1200,8.5,synthetic
war_memorial,2026-08-15T11:15:00+00:00,110,1200,9.1667,synthetic
war_memorial,2026-08-15T11:30:00+00:00,107,1200,8.9167,synthetic
war_memorial,2026-08-15T11:45:00+00:00,95,1200,7.9167,synthetic
war_memorial,2026-08-15T12:00:00+00:00,36,1200,3.0,synthetic
war_memorial,2026-08-15T12:15:00+00:00,74,1200,6.1667,synthetic
war_memorial,2026-08-15T12:30:00+00:00,61,1200,5.0833,synthetic
war_memorial,2026-08-15T12:45:00+00:00,83,1200,6.9167,synthetic
war_memorial,2026-08-15T13:00:00+00:00,82,1200,6.8333,synthetic
war_memorial,2026-08-15T13:15:00+00:00,102,1200,8.5,synthetic
war_memorial,2026-08-15T13:30:00+00:00,110,1200,9.1667,synthetic
war_memorial,2026-08-15T13:45:00+00:00,148,1200,12.3333,synthetic
war_memorial,2026-08-15T14:00:00+00:00,192,1200,16.0,synthetic
war_memorial,2026-08-15T14:15:00+00:00,253,1200,21.0833,synthetic
war_memorial,2026-08-15T14:30:00+00:00,276,1200,23.0,synthetic
war_memorial,2026-08-15T14:45:00+00:00,332,1200,27.6667,synthetic
war_memorial,2026-08-15T15:00:00+00:00,411,1200,34.25,synthetic
war_memorial,2026-08-15T15:15:00+00:00,470,1200,39.1667,synthetic
war_memorial,2026-08-15T15:30:00+00:00,507,1200,42.25,synthetic
war_memorial,2026-08-15T15:45:00+00:00,546,1200,45.5,synthetic
war_memorial,2026-08-15T16:00:00+00:00,634,1200,52.8333,synthetic
war_memorial,2026-08-15T16:15:00+00:00,710,1200,59.1667,synthetic
war_memorial,2026-08-15T16:30:00+00:00,747,1200,62.25,synthetic
war_memorial,2026-08-15T16:45:00+00:00,750,1200,62.5,synthetic
war_memorial,2026-08-15T17:00:00+00:00,793,1200,66.0833,synthetic
war_memorial,2026-08-15T17:15:00+00:00,789,1200,65.75,synthetic
war_memorial,2026-08-15T17:30:00+00:00,826,1200,68.8333,synthetic
war_memorial,2026-08-15T17:45:00+00:00,806,1200,67.1667,synthetic
war_memorial,2026-08-15T18:00:00+00:00,846,1200,70.5,synthetic
war_memorial,2026-08-15T18:15:00+00:00,821,1200,68.4167,synthetic
war_memorial,2026-08-15T18:30:00+00:00,794,1200,66.1667,synthetic
war_memorial,2026-08-15T18:45:00+00:00,799,1200,66.5833,synthetic
war_memorial,2026-08-15T19:00:00+00:00,811,1200,67.5833,synthetic
war_memorial,2026-08-15T19:15:00+00:00,781,1200,65.0833,synthetic
war_memorial,2026-08-15T19:30:00+00:00,769,1200,64.0833,synthetic
war_memorial,2026-08-15T19:45:00+00:00,735,1200,61.25,synthetic
war_memorial,2026-08-15T20:00:00+00:00,664,1200,55.3333,synthetic
war_memorial,2026-08-15T20:15:00+00:00,629,1200,52.4167,synthetic
war_memorial,2026-08-15T20:30:00+00:00,566,1200,47.1667,synthetic
war_memorial,2026-08-15T20:45:00+00:00,539,1200,44.9167,synthetic
war_memorial,2026-08-15T21:00:00+00:00,491,1200,40.9167,synthetic
war_memorial,2026-08-15T21:15:00+00:00,431,1200,35.9167,synthetic
war_memorial,2026-08-15T21:30:00+00:00,376,1200,31.3333,synthetic
war_memorial,2026-08-15T21:45:00+00:00,340,1200,28.3333,synthetic
war_memorial,2026-08-15T22:00:00+00:00,286,1200,23.8333,synthetic
war_memorial,2026-08-15T22:15:00+00:00,222,1200,18.5,synthetic
war_memorial,2026-08-15T22:30:00+00:00,173,1200,14.4167,synthetic
war_memorial,2026-08-15T22:45:00+00:00,145,1200,12.0833,synthetic
war_memorial,2026-08-15T23:00:00+00:00,133,1200,11.0833,synthetic
war_memorial,2026-08-15T23:15:00+00:00,121,1200,10.0833,synthetic
war_memorial,2026-08-15T23:30:00+00:00,109,1200,9.0833,synthetic
war_memorial,2026-08-15T23:45:00+00:00,111,1200,9.25,synthetic
war_memorial,2026-08-16T00:00:00+00:00,109,1200,9.0833,synthetic
war_memorial,2026-08-16T00:15:00+00:00,105,1200,8.75,synthetic
war_memorial,2026-08-16T00:30:00+00:00,77,1200,6.4167,synthetic
war_memorial,2026-08-16T00:45:00+00:00,100,1200,8.3333,synthetic
war_memorial,2026-08-16T01:00:00+00:00,91,1200,7.5833,synthetic
war_memorial,2026-08-16T01:15:00+00:00,90,1200,7.5,synthetic
war_memorial,2026-08-16T01:30:00+00:00,41,1200,3.4167,synthetic
war_memorial,2026-08-16T01:45:00+00:00,51,1200,4.25,synthetic
war_memorial,2026-08-16T02:00:00+00:00,25,1200,2.0833,synthetic
war_memorial,2026-08-16T02:15:00+00:00,13,1200,1.0833,synthetic
war_memorial,2026-08-16T02:30:00+00:00,10,1200,0.8333,synthetic
war_memorial,2026-08-16T02:45:00+00:00,12,1200,1.0,synthetic
war_memorial,2026-08-16T03:00:00+00:00,31,1200,2.5833,synthetic
war_memorial,2026-08-16T03:15:00+00:00,0,1200,0.0,synthetic
war_memorial,2026-08-16T03:30:00+00:00,32,1200,2.6667,synthetic
war_memorial,2026-08-16T03:45:00+00:00,24,1200,2.0,synthetic
mccomas,2026-08-16T04:00:00+00:00,52,600,8.6667,synthetic
mccomas,2026-08-16T04:15:00+00:00,55,600,9.1667,synthetic
mccomas,2026-08-16T04:30:00+00:00,66,600,11.0,synthetic
mccomas,2026-08-16T04:45:00+00:00,56,600,9.3333,synthetic
mccomas,2026-08-16T05:00:00+00:00,51,600,8.5,synthetic
mccomas,2026-08-16T05:15:00+00:00,50,600,8.3333,synthetic
mccomas,2026-08-16T05:30:00+00:00,63,600,10.5,synthetic
mccomas,2026-08-16T05:45:00+00:00,70,600,11.6667,synthetic
mccomas,2026-08-16T06:00:00+00:00,80,600,13.3333,synthetic
mccomas,2026-08-16T06:15:00+00:00,69,600,11.5,synthetic
mccomas,2026-08-16T06:30:00+00:00,61,600,10.1667,synthetic
mccomas,2026-08-16T06:45:00+00:00,69,600,11.5,synthetic
mccomas,2026-08-16T07:00:00+00:00,60,600,10.0,synthetic
mccomas,2026-08-16T07:15:00+00:00,55,600,9.1667,synthetic
mccomas,2026-08-16T07:30:00+00:00,57,600,9.5,synthetic
mccomas,2026-08-16T07:45:00+00:00,49,600,8.1667,synthetic
mccomas,2026-08-16T08:00:00+00:00,63,600,10.5,synthetic
mccomas,2026-08-16T08:15:00+00:00,57,600,9.5,synthetic
mccomas,2026-08-16T08:30:00+00:00,44,600,7.3333,synthetic
mccomas,2026-08-16T08:45:00+00:00,52,600,8.6667,synthetic
mccomas,2026-08-16T09:00:00+00:00,51,600,8.5,synthetic
mccomas,2026-08-16T09:15:00+00:00,60,600,10.0,synthetic
mccomas,2026-08-16T09:30:00+00:00,49,600,8.1667,synthetic
mccomas,2026-08-16T09:45:00+00:00,57,600,9.5,synthetic
mccomas,2026-08-16T10:00:00+00:00,64,600,10.6667,synthetic
mccomas,2026-08-16T10:15:00+00:00,59,600,9.8333,synthetic
mccomas,2026-08-16T10:30:00+00:00,70,600,11.6667,synthetic
mccomas,2026-08-16T10:45:00+00:00,60,600,10.0,synthetic
mccomas,2026-08-16T11:00:00+00:00,58,600,9.6667,synthetic
mccomas,2026-08-16T11:15:00+00:00,46,600,7.6667,synthetic
mccomas,2026-08-16T11:30:00+00:00,65,600,10.8333,synthetic
mccomas,2026-08-16T11:45:00+00:00,74,600,12.3333,synthetic
mccomas,2026-08-16T12:00:00+00:00,90,600,15.0,synthetic
mccomas,2026-08-16T12:15:00+00:00,107,600,17.8333,synthetic
mccomas,2026-08-16T12:30:00+00:00,118,600,19.6667,synthetic
mccomas,2026-08-16T12:45:00+00:00,141,600,23.5,synthetic
mccomas,2026-08-16T13:00:00+00:00,145,600,24.1667,synthetic
mccomas,2026-08-16T13:15:00+00:00,157,600,26.1667,synthetic
mccomas,2026-08-16T13:30:00+00:00,194,600,32.3333,synthetic
mccomas,2026-08-16T13:45:00+00:00,207,600,34.5,synthetic
mccomas,2026-08-16T14:00:00+00:00,234,600,39.0,synthetic
mccomas,2026-08-16T14:15:00+00:00,264,600,44.0,synthetic
mccomas,2026-08-16T14:30:00+00:00,279,600,46.5,synthetic
mccomas,2026-08-16T14:45:00+00:00,294,600,49.0,synthetic
mccomas,2026-08-16T15:00:00+00:00,298,600,49.6667,synthetic
mccomas,2026-08-16T15:15:00+00:00,321,600,53.5,synthetic
mccomas,2026-08-16T15:30:00+00:00,317,600,52.8333,synthetic
mccomas,2026-08-16T15:45:00+00:00,321,600,53.5,synthetic
mccomas,2026-08-16T16:00:00+00:00,318,600,53.0,synthetic
mccomas,2026-08-16T16:15:00+00:00,313,600,52.1667,synthetic
mccomas,2026-08-16T16:30:00+00:00,270,600,45.0,synthetic
mccomas,2026-08-16T16:45:00+00:00,292,600,48.6667,synthetic
mccomas,2026-08-16T17:00:00+00:00,267,600,44.5,synthetic
mccomas,2026-08-16T17:15:00+00:00,269,600,44.8333,synthetic
mccomas,2026-08-16T17:30:00+00:00,258,600,43.0,synthetic
mccomas,2026-08-16T17:45:00+00:00,248,600,41.3333,synthetic
mccomas,2026-08-16T18:00:00+00:00,224,600,37.3333,synthetic
mccomas,2026-08-16T18:15:00+00:00,241,600,40.1667,synthetic
mccomas,2026-08-16T18:30:00+00:00,266,600,44.3333,synthetic
mccomas,2026-08-16T18:45:00+00:00,272,600,45.3333,synthetic
mccomas,2026-08-16T19:00:00+00:00,303,600,50.5,synthetic
mccomas,2026-08-16T19:15:00+00:00,321,600,53.5,synthetic
mccomas,2026-08-16T19:30:00+00:00,344,600,57.3333,synthetic
mccomas,2026-08-16T19:45:00+00:00,351,600,58.5,synthetic
mccomas,2026-08-16T20:00:00+00:00,371,600,61.8333,synthetic
mccomas,2026-08-16T20:15:00+00:00,376,600,62.6667,synthetic
mccomas,2026-08-16T20:30:00+00:00,358,600,59.6667,synthetic
mccomas,2026-08-16T20:45:00+00:00,365,600,60.8333,synthetic
mccomas,2026-08-16T21:00:00+00:00,354,600,59.0,synthetic
mccomas,2026-08-16T21:15:00+00:00,319,600,53.1667,synthetic
mccomas,2026-08-16T21:30:00+00:00,306,600,51.0,synthetic
mccomas,2026-08-16T21:45:00+00:00,284,600,47.3333,synthetic
mccomas,2026-08-16T22:00:00+00:00,260,600,43.3333,synthetic
mccomas,2026-08-16T22:15:00+00:00,230,600,38.3333,synthetic
mccomas,2026-08-16T22:30:00+00:00,225,600,37.5,synthetic
mccomas,2026-08-16T22:45:00+00:00,190,600,31.6667,synthetic
mccomas,2026-08-16T23:00:00+00:00,171,600,28.5,synthetic
mccomas,2026-08-16T23:15:00+00:00,128,600,21.3333,synthetic
mccomas,2026-08-16T23:30:00+00:00,114,600,19.0,synthetic
mccomas,2026-08-16T23:45:00+00:00,84,600,14.0,synthetic
mccomas,2026-08-17T00:00:00+00:00,69,600,11.5,synthetic
mccomas,2026-08-17T00:15:00+00:00,69,600,11.5,synthetic
mccomas,2026-08-17T00:30:00+00:00,63,600,10.5,synthetic
mccomas,2026-08-17T00:45:00+00:00,39,600,6.5,synthetic
mccomas,2026-08-17T01:00:00+00:00,56,600,9.3333,synthetic
mccomas,2026-08-17T01:15:00+00:00,42,600,7.0,synthetic
mccomas,2026-08-17T01:30:00+00:00,35,600,5.8333,synthetic
mccomas,2026-08-17T01:45:00+00:00,36,600,6.0,synthetic
mccomas,2026-08-17T02:00:00+00:00,24,600,4.0,synthetic
mccomas,2026-08-17T02:15:00+00:00,30,600,5.0,synthetic
mccomas,2026-08-17T02:30:00+00:00,41,600,6.8333,synthetic
mccomas,2026-08-17T02:45:00+00:00,53,600,8.8333,synthetic
mccomas,2026-08-17T03:00:00+00:00,48,600,8.0,synthetic
mccomas,2026-08-17T03:15:00+00:00,53,600,8.8333,synthetic
mccomas,2026-08-17T03:30:00+00:00,41,600,6.8333,synthetic
mccomas,2026-08-17T03:45:00+00:00,50,600,8.3333,synthetic
war_memorial,2026-08-16T04:00:00+00:00,32,1200,2.6667,synthetic
war_memorial,2026-08-16T04:15:00+00:00,28,1200,2.3333,synthetic
war_memorial,2026-08-16T04:30:00+00:00,0,1200,0.0,synthetic
war_memorial,2026-08-16T04:45:00+00:00,0,1200,0.0,synthetic
war_memorial,2026-08-16T05:00:00+00:00,16,1200,1.3333,synthetic
war_memorial,2026-08-16T05:15:00+00:00,36,1200,3.0,synthetic
war_memorial,2026-08-16T05:30:00+00:00,63,1200,5.25,synthetic
war_memorial,2026-08-16T05:45:00+00:00,52,1200,4.3333,synthetic
war_memorial,2026-08-16T06:00:00+00:00,69,1200,5.75,synthetic
war_memorial,2026-08-16T06:15:00+00:00,65,1200,5.4167,synthetic
war_memorial,2026-08-16T06:30:00+00:00,69,1200,5.75,synthetic
war_memorial,2026-08-16T06:45:00+00:00,40,1200,3.3333,synthetic
war_memorial,2026-08-16T07:00:00+00:00,27,1200,2.25,synthetic
war_memorial,2026-08-16T07:15:00+00:00,48,1200,4.0,synthetic
war_memorial,2026-08-16T07:30:00+00:00,18,1200,1.5,synthetic
war_memorial,2026-08-16T07:45:00+00:00,33,1200,2.75,synthetic
war_memorial,2026-08-16T08:00:00+00:00,24,1200,2.0,synthetic
war_memorial,2026-08-16T08:15:00+00:00,48,1200,4.0,synthetic
war_memorial,2026-08-16T08:30:00+00:00,27,1200,2.25,synthetic
war_memorial,2026-08-16T08:45:00+00:00,34,1200,2.8333,synthetic
war_memorial,2026-08-16T09:00:00+00:00,64,1200,5.3333,synthetic
war_memorial,2026-08-16T09:15:00+00:00,52,1200,4.3333,synthetic
war_memorial,2026-08-16T09:30:00+00:00,14,1200,1.1667,synthetic
war_memorial,2026-08-16T09:45:00+00:00,13,1200,1.0833,synthetic
war_memorial,2026-08-16T10:00:00+00:00,11,1200,0.9167,synthetic
war_memorial,2026-08-16T10:15:00+00:00,4,1200,0.3333,synthetic
war_memorial,2026-08-16T10:30:00+00:00,20,1200,1.6667,synthetic
war_memorial,2026-08-16T10:45:00+00:00,0,1200,0.0,synthetic
war_memorial,2026-08-16T11:00:00+00:00,7,1200,0.5833,synthetic
war_memorial,2026-08-16T11:15:00+00:00,0,1200,0.0,synthetic
war_memorial,2026-08-16T11:30:00+00:00,37,1200,3.0833,synthetic
war_memorial,2026-08-16T11:45:00+00:00,89,1200,7.4167,synthetic
war_memorial,2026-08-16T12:00:00+00:00,72,1200,6.0,synthetic
war_memorial,2026-08-16T12:15:00+00:00,121,1200,10.0833,synthetic
war_memorial,2026-08-16T12:30:00+00:00,113,1200,9.4167,synthetic
war_memorial,2026-08-16T12:45:00+00:00,70,1200,5.8333,synthetic
war_memorial,2026-08-16T13:00:00+00:00,79,1200,6.5833,synthetic
war_memorial,2026-08-16T13:15:00+00:00,95,1200,7.9167,synthetic
war_memorial,2026-08-16T13:30:00+00:00,163,1200,13.5833,synthetic
war_memorial,2026-08-16T13:45:00+00:00,215,1200,17.9167,synthetic
war_memorial,2026-08-16T14:00:00+00:00,226,1200,18.8333,synthetic
war_memorial,2026-08-16T14:15:00+00:00,279,1200,23.25,synthetic
war_memorial,2026-08-16T14:30:00+00:00,329,1200,27.4167,synthetic
war_memorial,2026-08-16T14:45:00+00:00,321,1200,26.75,synthetic
war_memorial,2026-08-16T15:00:00+00:00,358,1200,29.8333,synthetic
war_memorial,2026-08-16T15:15:00+00:00,429,1200,35.75,synthetic
war_memorial,2026-08-16T15:30:00+00:00,503,1200,41.9167,synthetic
war_memorial,2026-08-16T15:45:00+00:00,574,1200,47.8333,synthetic
war_memorial,2026-08-16T16:00:00+00:00,618,1200,51.5,synthetic
war_memorial,2026-08-16T16:15:00+00:00,650,1200,54.1667,synthetic
war_memorial,2026-08-16T16:30:00+00:00,683,1200,56.9167,synthetic
war_memorial,2026-08-16T16:45:00+00:00,726,1200,60.5,synthetic
war_memorial,2026-08-16T17:00:00+00:00,761,1200,63.4167,synthetic
war_memorial,2026-08-16T17:15:00+00:00,786,1200,65.5,synthetic
war_memorial,2026-08-16T17:30:00+00:00,793,1200,66.0833,synthetic
war_memorial,2026-08-16T17:45:00+00:00,810,1200,67.5,synthetic
war_memorial,2026-08-16T18:00:00+00:00,788,1200,65.6667,synthetic
war_memorial,2026-08-16T18:15:00+00:00,793,1200,66.0833,synthetic
war_memorial,2026-08-16T18:30:00+00:00,763,1200,63.5833,synthetic
war_memorial,2026-08-16T18:45:00+00:00,744,1200,62.0,synthetic
war_memorial,2026-08-16T19:00:00+00:00,794,1200,66.1667,synthetic
war_memorial,2026-08-16T19:15:00+00:00,758,1200,63.1667,synthetic
war_memorial,2026-08-16T19:30:00+00:00,757,1200,63.0833,synthetic
war_memorial,2026-08-16T19:45:00+00:00,705,1200,58.75,synthetic
war_memorial,2026-08-16T20:00:00+00:00,657,1200,54.75,synthetic
war_memorial,2026-08-16T20:15:00+00:00,629,1200,52.4167,synthetic
war_memorial,2026-08-16T20:30:00+00:00,602,1200,50.1667,synthetic
war_memorial,2026-08-16T20:45:00+00:00,549,1200,45.75,synthetic
war_memorial,2026-08-16T21:00:00+00:00,469,1200,39.0833,synthetic
war_memorial,2026-08-16T21:15:00+00:00,427,1200,35.5833,synthetic
war_memorial,2026-08-16T21:30:00+00:00,384,1200,32.0,synthetic
war_memorial,2026-08-16T21:45:00+00:00,329,1200,27.4167,synthetic
war_memorial,2026-08-16T22:00:00+00:00,294,1200,24.5,synthetic
war_memorial,2026-08-16T22:15:00+00:00,260,1200,21.6667,synthetic
war_memorial,2026-08-16T22:30:00+00:00,188,1200,15.6667,synthetic
war_memorial,2026-08-16T22:45:00+00:00,197,1200,16.4167,synthetic
war_memorial,2026-08-16T23:00:00+00:00,136,1200,11.3333,synthetic
war_memorial,2026-08-16T23:15:00+00:00,93,1200,7.75,synthetic
war_memorial,2026-08-16T23:30:00+00:00,87,1200,7.25,synthetic
war_memorial,2026-08-16T23:45:00+00:00,107,1200,8.9167,synthetic
war_memorial,2026-08-17T00:00:00+00:00,76,1200,6.3333,synthetic
war_memorial,2026-08-17T00:15:00+00:00,77,1200,6.4167,synthetic
war_memorial,2026-08-17T00:30:00+00:00,40,1200,3.3333,synthetic
war_memorial,2026-08-17T00:45:00+00:00,52,1200,4.3333,synthetic
war_memorial,2026-08-17T01:00:00+00:00,74,1200,6.1667,synthetic
war_memorial,2026-08-17T01:15:00+00:00,16,1200,1.3333,synthetic
war_memorial,2026-08-17T01:30:00+00:00,17,1200,1.4167,synthetic
war_memorial,2026-08-17T01:45:00+00:00,33,1200,2.75,synthetic
war_memorial,2026-08-17T02:00:00+00:00,15,1200,1.25,synthetic
war_memorial,2026-08-17T02:15:00+00:00,32,1200,2.6667,synthetic
war_memorial,2026-08-17T02:30:00+00:00,37,1200,3.0833,synthetic
war_memorial,2026-08-17T02:45:00+00:00,29,1200,2.4167,synthetic
war_memorial,2026-08-17T03:00:00+00:00,31,1200,2.5833,synthetic
war_memorial,2026-08-17T03:15:00+00:00,0,1200,0.0,synthetic
war_memorial,2026-08-17T03:30:00+00:00,0,1200,0.0,synthetic
war_memorial,2026-08-17T03:45:00+00:00,0,1200,0.0,synthetic
mccomas,2026-08-17T04:00:00+00:00,48,600,8.0,synthetic
mccomas,2026-08-17T04:15:00+00:00,46,600,7.6667,synthetic
mccomas,2026-08-17T04:30:00+00:00,47,600,7.8333,synthetic
mccomas,2026-08-17T04:45:00+00:00,38,600,6.3333,synthetic
mccomas,2026-08-17T05:00:00+00:00,28,600,4.6667,synthetic
mccomas,2026-08-17T05:15:00+00:00,41,600,6.8333,synthetic
mccomas,2026-08-17T05:30:00+00:00,46,600,7.6667,synthetic
mccomas,2026-08-17T05:45:00+00:00,54,600,9.0,synthetic
mccomas,2026-08-17T06:00:00+00:00,48,600,8.0,synthetic
mccomas,2026-08-17T06:15:00+00:00,24,600,4.0,synthetic
mccomas,2026-08-17T06:30:00+00:00,34,600,5.6667,synthetic
mccomas,2026-08-17T06:45:00+00:00,28,600,4.6667,synthetic
mccomas,2026-08-17T07:00:00+00:00,20,600,3.3333,synthetic
mccomas,2026-08-17T07:15:00+00:00,13,600,2.1667,synthetic
mccomas,2026-08-17T07:30:00+00:00,18,600,3.0,synthetic
mccomas,2026-08-17T07:45:00+00:00,22,600,3.6667,synthetic
mccomas,2026-08-17T08:00:00+00:00,34,600,5.6667,synthetic
mccomas,2026-08-17T08:15:00+00:00,44,600,7.3333,synthetic
mccomas,2026-08-17T08:30:00+00:00,48,600,8.0,synthetic
mccomas,2026-08-17T08:45:00+00:00,53,600,8.8333,synthetic
mccomas,2026-08-17T09:00:00+00:00,48,600,8.0,synthetic
mccomas,2026-08-17T09:15:00+00:00,62,600,10.3333,synthetic
mccomas,2026-08-17T09:30:00+00:00,58,600,9.6667,synthetic
mccomas,2026-08-17T09:45:00+00:00,60,600,10.0,synthetic
mccomas,2026-08-17T10:00:00+00:00,88,600,14.6667,synthetic
mccomas,2026-08-17T10:15:00+00:00,120,600,20.0,synthetic
mccomas,2026-08-17T10:30:00+00:00,141,600,23.5,synthetic
mccomas,2026-08-17T10:45:00+00:00,154,600,25.6667,synthetic
mccomas,2026-08-17T11:00:00+00:00,164,600,27.3333,synthetic
mccomas,2026-08-17T11:15:00+00:00,190,600,31.6667,synthetic
mccomas,2026-08-17T11:30:00+00:00,183,600,30.5,synthetic
mccomas,2026-08-17T11:45:00+00:00,175,600,29.1667,synthetic
mccomas,2026-08-17T12:00:00+00:00,168,600,28.0,synthetic
mccomas,2026-08-17T12:15:00+00:00,165,600,27.5,synthetic
mccomas,2026-08-17T12:30:00+00:00,155,600,25.8333,synthetic
mccomas,2026-08-17T12:45:00+00:00,115,600,19.1667,synthetic
mccomas,2026-08-17T13:00:00+00:00,90,600,15.0,synthetic
mccomas,2026-08-17T13:15:00+00:00,87,600,14.5,synthetic
mccomas,2026-08-17T13:30:00+00:00,74,600,12.3333,synthetic
mccomas,2026-08-17T13:45:00+00:00,61,600,10.1667,synthetic
mccomas,2026-08-17T14:00:00+00:00,81,600,13.5,synthetic
mccomas,2026-08-17T14:15:00+00:00,114,600,19.0,synthetic
mccomas,2026-08-17T14:30:00+00:00,116,600,19.3333,synthetic
mccomas,2026-08-17T14:45:00+00:00,128,600,21.3333,synthetic
mccomas,2026-08-17T15:00:00+00:00,151,600,25.1667,synthetic
mccomas,2026-08-17T15:15:00+00:00,170,600,28.3333,synthetic
mccomas,2026-08-17T15:30:00+00:00,183,600,30.5,synthetic
mccomas,2026-08-17T15:45:00+00:00,194,600,32.3333,synthetic
mccomas,2026-08-17T16:00:00+00:00,223,600,37.1667,synthetic
mccomas,2026-08-17T16:15:00+00:00,225,600,37.5,synthetic
mccomas,2026-08-17T16:30:00+00:00,228,600,38.0,synthetic
mccomas,2026-08-17T16:45:00+00:00,243,600,40.5,synthetic
mccomas,2026-08-17T17:00:00+00:00,236,600,39.3333,synthetic
mccomas,2026-08-17T17:15:00+00:00,222,600,37.0,synthetic
mccomas,2026-08-17T17:30:00+00:00,213,600,35.5,synthetic
mccomas,2026-08-17T17:45:00+00:00,209,600,34.8333,synthetic
mccomas,2026-08-17T18:00:00+00:00,207,600,34.5,synthetic
mccomas,2026-08-17T18:15:00+00:00,203,600,33.8333,synthetic
mccomas,2026-08-17T18:30:00+00:00,219,600,36.5,synthetic
mccomas,2026-08-17T18:45:00+00:00,243,600,40.5,synthetic
mccomas,2026-08-17T19:00:00+00:00,257,600,42.8333,synthetic
mccomas,2026-08-17T19:15:00+00:00,281,600,46.8333,synthetic
mccomas,2026-08-17T19:30:00+00:00,293,600,48.8333,synthetic
mccomas,2026-08-17T19:45:00+00:00,326,600,54.3333,synthetic
mccomas,2026-08-17T20:00:00+00:00,352,600,58.6667,synthetic
mccomas,2026-08-17T20:15:00+00:00,386,600,64.3333,synthetic
mccomas,2026-08-17T20:30:00+00:00,402,600,67.0,synthetic
mccomas,2026-08-17T20:45:00+00:00,427,600,71.1667,synthetic
mccomas,2026-08-17T21:00:00+00:00,466,600,77.6667,synthetic
mccomas,2026-08-17T21:15:00+00:00,454,600,75.6667,synthetic
mccomas,2026-08-17T21:30:00+00:00,483,600,80.5,synthetic
mccomas,2026-08-17T21:45:00+00:00,473,600,78.8333,synthetic
mccomas,2026-08-17T22:00:00+00:00,432,600,72.0,synthetic
mccomas,2026-08-17T22:15:00+00:00,424,600,70.6667,synthetic
mccomas,2026-08-17T22:30:00+00:00,387,600,64.5,synthetic
mccomas,2026-08-17T22:45:00+00:00,346,600,57.6667,synthetic
mccomas,2026-08-17T23:00:00+00:00,317,600,52.8333,synthetic
mccomas,2026-08-17T23:15:00+00:00,292,600,48.6667,synthetic
mccomas,2026-08-17T23:30:00+00:00,267,600,44.5,synthetic
mccomas,2026-08-17T23:45:00+00:00,218,600,36.3333,synthetic
mccomas,2026-08-18T00:00:00+00:00,185,600,30.8333,synthetic
mccomas,2026-08-18T00:15:00+00:00,156,600,26.0,synthetic
mccomas,2026-08-18T00:30:00+00:00,132,600,22.0,synthetic
mccomas,2026-08-18T00:45:00+00:00,117,600,19.5,synthetic
mccomas,2026-08-18T01:00:00+00:00,98,600,16.3333,synthetic
mccomas,2026-08-18T01:15:00+00:00,99,600,16.5,synthetic
mccomas,2026-08-18T01:30:00+00:00,89,600,14.8333,synthetic
mccomas,2026-08-18T01:45:00+00:00,78,600,13.0,synthetic
mccomas,2026-08-18T02:00:00+00:00,69,600,11.5,synthetic
mccomas,2026-08-18T02:15:00+00:00,72,600,12.0,synthetic
mccomas,2026-08-18T02:30:00+00:00,57,600,9.5,synthetic
mccomas,2026-08-18T02:45:00+00:00,53,600,8.8333,synthetic
mccomas,2026-08-18T03:00:00+00:00,47,600,7.8333,synthetic
mccomas,2026-08-18T03:15:00+00:00,54,600,9.0,synthetic
mccomas,2026-08-18T03:30:00+00:00,45,600,7.5,synthetic
mccomas,2026-08-18T03:45:00+00:00,60,600,10.0,synthetic
war_memorial,2026-08-17T04:00:00+00:00,98,1200,8.1667,synthetic
war_memorial,2026-08-17T04:15:00+00:00,52,1200,4.3333,synthetic
war_memorial,2026-08-17T04:30:00+00:00,49,1200,4.0833,synthetic
war_memorial,2026-08-17T04:45:00+00:00,66,1200,5.5,synthetic
war_memorial,2026-08-17T05:00:00+00:00,107,1200,8.9167,synthetic
war_memorial,2026-08-17T05:15:00+00:00,59,1200,4.9167,synthetic
war_memorial,2026-08-17T05:30:00+00:00,66,1200,5.5,synthetic
war_memorial,2026-08-17T05:45:00+00:00,69,1200,5.75,synthetic
war_memorial,2026-08-17T06:00:00+00:00,50,1200,4.1667,synthetic
war_memorial,2026-08-17T06:15:00+00:00,106,1200,8.8333,synthetic
war_memorial,2026-08-17T06:30:00+00:00,89,1200,7.4167,synthetic
war_memorial,2026-08-17T06:45:00+00:00,83,1200,6.9167,synthetic
war_memorial,2026-08-17T07:00:00+00:00,107,1200,8.9167,synthetic
war_memorial,2026-08-17T07:15:00+00:00,99,1200,8.25,synthetic
war_memorial,2026-08-17T07:30:00+00:00,67,1200,5.5833,synthetic
war_memorial,2026-08-17T07:45:00+00:00,79,1200,6.5833,synthetic
war_memorial,2026-08-17T08:00:00+00:00,72,1200,6.0,synthetic
war_memorial,2026-08-17T08:15:00+00:00,85,1200,7.0833,synthetic
war_memorial,2026-08-17T08:30:00+00:00,112,1200,9.3333,synthetic
war_memorial,2026-08-17T08:45:00+00:00,75,1200,6.25,synthetic
war_memorial,2026-08-17T09:00:00+00:00,54,1200,4.5,synthetic
war_memorial,2026-08-17T09:15:00+00:00,93,1200,7.75,synthetic
war_memorial,2026-08-17T09:30:00+00:00,63,1200,5.25,synthetic
war_memorial,2026-08-17T09:45:00+00:00,67,1200,5.5833,synthetic
war_memorial,2026-08-17T10:00:00+00:00,90,1200,7.5,synthetic
war_memorial,2026-08-17T10:15:00+00:00,85,1200,7.0833,synthetic
war_memorial,2026-08-17T10:30:00+00:00,109,1200,9.0833,synthetic
war_memorial,2026-08-17T10:45:00+00:00,154,1200,12.8333,synthetic
war_memorial,2026-08-17T11:00:00+00:00,199,1200,16.5833,synthetic
war_memorial,2026-08-17T11:15:00+00:00,220,1200,18.3333,synthetic
war_memorial,2026-08-17T11:30:00+00:00,302,1200,25.1667,synthetic
war_memorial,2026-08-17T11:45:00+00:00,315,1200,26.25,synthetic
war_memorial,2026-08-17T12:00:00+00:00,330,1200,27.5,synthetic
war_memorial,2026-08-17T12:15:00+00:00,327,1200,27.25,synthetic
war_memorial,2026-08-17T12:30:00+00:00,320,1200,26.6667,synthetic
war_memorial,2026-08-17T12:45:00+00:00,284,1200,23.6667,synthetic
war_memorial,2026-08-17T13:00:00+00:00,264,1200,22.0,synthetic
war_memorial,2026-08-17T13:15:00+00:00,244,1200,20.3333,synthetic
war_memorial,2026-08-17T13:30:00+00:00,210,1200,17.5,synthetic
war_memorial,2026-08-17T13:45:00+00:00,203,1200,16.9167,synthetic
war_memorial,2026-08-17T14:00:00+00:00,177,1200,14.75,synthetic
war_memorial,2026-08-17T14:15:00+00:00,193,1200,16.0833,synthetic
war_memorial,2026-08-17T14:30:00+00:00,238,1200,19.8333,synthetic
war_memorial,2026-08-17T14:45:00+00:00,241,1200,20.0833,synthetic
war_memorial,2026-08-17T15:00:00+00:00,254,1200,21.1667,synthetic
war_memorial,2026-08-17T15:15:00+00:00,327,1200,27.25,synthetic
war_memorial,2026-08-17T15:30:00+00:00,398,1200,33.1667,synthetic
war_memorial,2026-08-17T15:45:00+00:00,379,1200,31.5833,synthetic
war_memorial,2026-08-17T16:00:00+00:00,383,1200,31.9167,synthetic
war_memorial,2026-08-17T16:15:00+00:00,395,1200,32.9167,synthetic
war_memorial,2026-08-17T16:30:00+00:00,410,1200,34.1667,synthetic
war_memorial,2026-08-17T16:45:00+00:00,414,1200,34.5,synthetic
war_memorial,2026-08-17T17:00:00+00:00,406,1200,33.8333,synthetic
war_memorial,2026-08-17T17:15:00+00:00,379,1200,31.5833,synthetic
war_memorial,2026-08-17T17:30:00+00:00,370,1200,30.8333,synthetic
war_memorial,2026-08-17T17:45:00+00:00,345,1200,28.75,synthetic
war_memorial,2026-08-17T18:00:00+00:00,317,1200,26.4167,synthetic
war_memorial,2026-08-17T18:15:00+00:00,299,1200,24.9167,synthetic
war_memorial,2026-08-17T18:30:00+00:00,273,1200,22.75,synthetic
war_memorial,2026-08-17T18:45:00+00:00,253,1200,21.0833,synthetic
war_memorial,2026-08-17T19:00:00+00:00,229,1200,19.0833,synthetic
war_memorial,2026-08-17T19:15:00+00:00,239,1200,19.9167,synthetic
war_memorial,2026-08-17T19:30:00+00:00,264,1200,22.0,synthetic
war_memorial,2026-08-17T19:45:00+00:00,309,1200,25.75,synthetic
war_memorial,2026-08-17T20:00:00+00:00,361,1200,30.0833,synthetic
war_memorial,2026-08-17T20:15:00+00:00,411,1200,34.25,synthetic
war_memorial,2026-08-17T20:30:00+00:00,463,1200,38.5833,synthetic
war_memorial,2026-08-17T20:45:00+00:00,531,1200,44.25,synthetic
war_memorial,2026-08-17T21:00:00+00:00,573,1200,47.75,synthetic
war_memorial,2026-08-17T21:15:00+00:00,695,1200,57.9167,synthetic
war_memorial,2026-08-17T21:30:00+00:00,720,1200,60.0,synthetic
war_memorial,2026-08-17T21:45:00+00:00,745,1200,62.0833,synthetic
war_memorial,2026-08-17T22:00:00+00:00,815,1200,67.9167,synthetic
war_memorial,2026-08-17T22:15:00+00:00,853,1200,71.0833,synthetic
war_memorial,2026-08-17T22:30:00+00:00,857,1200,71.4167,synthetic
war_memorial,2026-08-17T22:45:00+00:00,864,1200,72.0,synthetic
war_memorial,2026-08-17T23:00:00+00:00,824,1200,68.6667,synthetic
war_memorial,2026-08-17T23:15:00+00:00,763,1200,63.5833,synthetic
war_memorial,2026-08-17T23:30:00+00:00,709,1200,59.0833,synthetic
war_memorial,2026-08-17T23:45:00+00:00,617,1200,51.4167,synthetic
war_memorial,2026-08-18T00:00:00+00:00,577,1200,48.0833,synthetic
war_memorial,2026-08-18T00:15:00+00:00,527,1200,43.9167,synthetic
war_memorial,2026-08-18T00:30:00+00:00,466,1200,38.8333,synthetic
war_memorial,2026-08-18T00:45:00+00:00,365,1200,30.4167,synthetic
war_memorial,2026-08-18T01:00:00+00:00,299,1200,24.9167,synthetic
war_memorial,2026-08-18T01:15:00+00:00,258,1200,21.5,synthetic
war_memorial,2026-08-18T01:30:00+00:00,215,1200,17.9167,synthetic
war_memorial,2026-08-18T01:45:00+00:00,181,1200,15.0833,synthetic
war_memorial,2026-08-18T02:00:00+00:00,132,1200,11.0,synthetic
war_memorial,2026-08-18T02:15:00+00:00,141,1200,11.75,synthetic
war_memorial,2026-08-18T02:30:00+00:00,129,1200,10.75,synthetic
war_memorial,2026-08-18T02:45:00+00:00,119,1200,9.9167,synthetic
war_memorial,2026-08-18T03:00:00+00:00,122,1200,10.1667,synthetic
war_memorial,2026-08-18T03:15:00+00:00,140,1200,11.6667,synthetic
war_memorial,2026-08-18T03:30:00+00:00,118,1200,9.8333,synthetic
war_memorial,2026-08-18T03:45:00+00:00,100,1200,8.3333,synthetic
mccomas,2026-08-18T04:00:00+00:00,37,600,6.1667,synthetic
mccomas,2026-08-18T04:15:00+00:00,35,600,5.8333,synthetic
mccomas,2026-08-18T04:30:00+00:00,28,600,4.6667,synthetic
mccomas,2026-08-18T04:45:00+00:00,41,600,6.8333,synthetic
mccomas,2026-08-18T05:00:00+00:00,42,600,7.0,synthetic
mccomas,2026-08-18T05:15:00+00:00,26,600,4.3333,synthetic
mccomas,2026-08-18T05:30:00+00:00,35,600,5.8333,synthetic
mccomas,2026-08-18T05:45:00+00:00,32,600,5.3333,synthetic
mccomas,2026-08-18T06:00:00+00:00,34,600,5.6667,synthetic
mccomas,2026-08-18T06:15:00+00:00,27,600,4.5,synthetic
mccomas,2026-08-18T06:30:00+00:00,23,600,3.8333,synthetic
mccomas,2026-08-18T06:45:00+00:00,45,600,7.5,synthetic
mccomas,2026-08-18T07:00:00+00:00,18,600,3.0,synthetic
mccomas,2026-08-18T07:15:00+00:00,15,600,2.5,synthetic
mccomas,2026-08-18T07:30:00+00:00,14,600,2.3333,synthetic
mccomas,2026-08-18T07:45:00+00:00,6,600,1.0,synthetic
mccomas,2026-08-18T08:00:00+00:00,18,600,3.0,synthetic
mccomas,2026-08-18T08:15:00+00:00,26,600,4.3333,synthetic
mccomas,2026-08-18T08:30:00+00:00,4,600,0.6667,synthetic
mccomas,2026-08-18T08:45:00+00:00,23,600,3.8333,synthetic
mccomas,2026-08-18T09:00:00+00:00,10,600,1.6667,synthetic
mccomas,2026-08-18T09:15:00+00:00,24,600,4.0,synthetic
mccomas,2026-08-18T09:30:00+00:00,15,600,2.5,synthetic
mccomas,2026-08-18T09:45:00+00:00,35,600,5.8333,synthetic
mccomas,2026-08-18T10:00:00+00:00,70,600,11.6667,synthetic
mccomas,2026-08-18T10:15:00+00:00,88,600,14.6667,synthetic
mccomas,2026-08-18T10:30:00+00:00,122,600,20.3333,synthetic
mccomas,2026-08-18T10:45:00+00:00,130,600,21.6667,synthetic
mccomas,2026-08-18T11:00:00+00:00,155,600,25.8333,synthetic
mccomas,2026-08-18T11:15:00+00:00,162,600,27.0,synthetic
mccomas,2026-08-18T11:30:00+00:00,160,600,26.6667,synthetic
mccomas,2026-08-18T11:45:00+00:00,146,600,24.3333,synthetic
mccomas,2026-08-18T12:00:00+00:00,131,600,21.8333,synthetic
mccomas,2026-08-18T12:15:00+00:00,130,600,21.6667,synthetic
mccomas,2026-08-18T12:30:00+00:00,105,600,17.5,synthetic
mccomas,2026-08-18T12:45:00+00:00,89,600,14.8333,synthetic
mccomas,2026-08-18T13:00:00+00:00,66,600,11.0,synthetic
mccomas,2026-08-18T13:15:00+00:00,63,600,10.5,synthetic
mccomas,2026-08-18T13:30:00+00:00,68,600,11.3333,synthetic
mccomas,2026-08-18T13:45:00+00:00,45,600,7.5,synthetic
mccomas,2026-08-18T14:00:00+00:00,70,600,11.6667,synthetic
mccomas,2026-08-18T14:15:00+00:00,68,600,11.3333,synthetic
mccomas,2026-08-18T14:30:00+00:00,69,600,11.5,synthetic
mccomas,2026-08-18T14:45:00+00:00,88,600,14.6667,synthetic
mccomas,2026-08-18T15:00:00+00:00,121,600,20.1667,synthetic
mccomas,2026-08-18T15:15:00+00:00,146,600,24.3333,synthetic
mccomas,2026-08-18T15:30:00+00:00,155,600,25.8333,synthetic
mccomas,2026-08-18T15:45:00+00:00,173,600,28.8333,synthetic
mccomas,2026-08-18T16:00:00+00:00,194,600,32.3333,synthetic
mccomas,2026-08-18T16:15:00+00:00,216,600,36.0,synthetic
mccomas,2026-08-18T16:30:00+00:00,209,600,34.8333,synthetic
mccomas,2026-08-18T16:45:00+00:00,219,600,36.5,synthetic
mccomas,2026-08-18T17:00:00+00:00,223,600,37.1667,synthetic
mccomas,2026-08-18T17:15:00+00:00,218,600,36.3333,synthetic
mccomas,2026-08-18T17:30:00+00:00,214,600,35.6667,synthetic
mccomas,2026-08-18T17:45:00+00:00,230,600,38.3333,synthetic
mccomas,2026-08-18T18:00:00+00:00,216,600,36.0,synthetic
mccomas,2026-08-18T18:15:00+00:00,208,600,34.6667,synthetic
mccomas,2026-08-18T18:30:00+00:00,197,600,32.8333,synthetic
mccomas,2026-08-18T18:45:00+00:00,195,600,32.5,synthetic
mccomas,2026-08-18T19:00:00+00:00,199,600,33.1667,synthetic
mccomas,2026-08-18T19:15:00+00:00,231,600,38.5,synthetic
mccomas,2026-08-18T19:30:00+00:00,264,600,44.0,synthetic
mccomas,2026-08-18T19:45:00+00:00,281,600,46.8333,synthetic
mccomas,2026-08-18T20:00:00+00:00,324,600,54.0,synthetic
mccomas,2026-08-18T20:15:00+00:00,375,600,62.5,synthetic
mccomas,2026-08-18T20:30:00+00:00,386,600,64.3333,synthetic
mccomas,2026-08-18T20:45:00+00:00,409,600,68.1667,synthetic
mccomas,2026-08-18T21:00:00+00:00,438,600,73.0,synthetic
mccomas,2026-08-18T21:15:00+00:00,457,600,76.1667,synthetic
mccomas,2026-08-18T21:30:00+00:00,466,600,77.6667,synthetic
mccomas,2026-08-18T21:45:00+00:00,457,600,76.1667,synthetic
mccomas,2026-08-18T22:00:00+00:00,445,600,74.1667,synthetic
mccomas,2026-08-18T22:15:00+00:00,418,600,69.6667,synthetic
mccomas,2026-08-18T22:30:00+00:00,406,600,67.6667,synthetic
mccomas,2026-08-18T22:45:00+00:00,359,600,59.8333,synthetic
mccomas,2026-08-18T23:00:00+00:00,304,600,50.6667,synthetic
mccomas,2026-08-18T23:15:00+00:00,258,600,43.0,synthetic
mccomas,2026-08-18T23:30:00+00:00,232,600,38.6667,synthetic
mccomas,2026-08-18T23:45:00+00:00,195,600,32.5,synthetic
mccomas,2026-08-19T00:00:00+00:00,163,600,27.1667,synthetic
mccomas,2026-08-19T00:15:00+00:00,118,600,19.6667,synthetic
mccomas,2026-08-19T00:30:00+00:00,95,600,15.8333,synthetic
mccomas,2026-08-19T00:45:00+00:00,76,600,12.6667,synthetic
mccomas,2026-08-19T01:00:00+00:00,58,600,9.6667,synthetic
mccomas,2026-08-19T01:15:00+00:00,58,600,9.6667,synthetic
mccomas,2026-08-19T01:30:00+00:00,48,600,8.0,synthetic
mccomas,2026-08-19T01:45:00+00:00,20,600,3.3333,synthetic
mccomas,2026-08-19T02:00:00+00:00,51,600,8.5,synthetic
mccomas,2026-08-19T02:15:00+00:00,13,600,2.1667,synthetic
mccomas,2026-08-19T02:30:00+00:00,15,600,2.5,synthetic
mccomas,2026-08-19T02:45:00+00:00,13,600,2.1667,synthetic
mccomas,2026-08-19T03:00:00+00:00,4,600,0.6667,synthetic
mccomas,2026-08-19T03:15:00+00:00,38,600,6.3333,synthetic
mccomas,2026-08-19T03:30:00+00:00,37,600,6.1667,synthetic
mccomas,2026-08-19T03:45:00+00:00,27,600,4.5,synthetic
war_memorial,2026-08-18T04:00:00+00:00,32,1200,2.6667,synthetic
war_memorial,2026-08-18T04:15:00+00:00,40,1200,3.3333,synthetic
war_memorial,2026-08-18T04:30:00+00:00,53,1200,4.4167,synthetic
war_memorial,2026-08-18T04:45:00+00:00,60,1200,5.0,synthetic
war_memorial,2026-08-18T05:00:00+00:00,28,1200,2.3333,synthetic
war_memorial,2026-08-18T05:15:00+00:00,51,1200,4.25,synthetic
war_memorial,2026-08-18T05:30:00+00:00,21,1200,1.75,synthetic
war_memorial,2026-08-18T05:45:00+00:00,33,1200,2.75,synthetic
war_memorial,2026-08-18T06:00:00+00:00,0,1200,0.0,synthetic
war_memorial,2026-08-18T06:15:00+00:00,52,1200,4.3333,synthetic
war_memorial,2026-08-18T06:30:00+00:00,93,1200,7.75,synthetic
war_memorial,2026-08-18T06:45:00+00:00,90,1200,7.5,synthetic
war_memorial,2026-08-18T07:00:00+00:00,72,1200,6.0,synthetic
war_memorial,2026-08-18T07:15:00+00:00,51,1200,4.25,synthetic
war_memorial,2026-08-18T07:30:00+00:00,42,1200,3.5,synthetic
war_memorial,2026-08-18T07:45:00+00:00,44,1200,3.6667,synthetic
war_memorial,2026-08-18T08:00:00+00:00,31,1200,2.5833,synthetic
war_memorial,2026-08-18T08:15:00+00:00,56,1200,4.6667,synthetic
war_memorial,2026-08-18T08:30:00+00:00,16,1200,1.3333,synthetic
war_memorial,2026-08-18T08:45:00+00:00,0,1200,0.0,synthetic
war_memorial,2026-08-18T09:00:00+00:00,9,1200,0.75,synthetic
war_memorial,2026-08-18T09:15:00+00:00,32,1200,2.6667,synthetic
war_memorial,2026-08-18T09:30:00+00:00,51,1200,4.25,synthetic
war_memorial,2026-08-18T09:45:00+00:00,119,1200,9.9167,synthetic
war_memorial,2026-08-18T10:00:00+00:00,96,1200,8.0,synthetic
war_memorial,2026-08-18T10:15:00+00:00,100,1200,8.3333,synthetic
war_memorial,2026-08-18T10:30:00+00:00,148,1200,12.3333,synthetic
war_memorial,2026-08-18T10:45:00+00:00,202,1200,16.8333,synthetic
war_memorial,2026-08-18T11:00:00+00:00,202,1200,16.8333,synthetic
war_memorial,2026-08-18T11:15:00+00:00,227,1200,18.9167,synthetic
war_memorial,2026-08-18T11:30:00+00:00,266,1200,22.1667,synthetic
war_memorial,2026-08-18T11:45:00+00:00,304,1200,25.3333,synthetic
war_memorial,2026-08-18T12:00:00+00:00,338,1200,28.1667,synthetic
war_memorial,2026-08-18T12:15:00+00:00,302,1200,25.1667,synthetic
war_memorial,2026-08-18T12:30:00+00:00,265,1200,22.0833,synthetic
war_memorial,2026-08-18T12:45:00+00:00,208,1200,17.3333,synthetic
war_memorial,2026-08-18T13:00:00+00:00,238,1200,19.8333,synthetic
war_memorial,2026-08-18T13:15:00+00:00,206,1200,17.1667,synthetic
war_memorial,2026-08-18T13:30:00+00:00,162,1200,13.5,synthetic
war_memorial,2026-08-18T13:45:00+00:00,193,1200,16.0833,synthetic
war_memorial,2026-08-18T14:00:00+00:00,201,1200,16.75,synthetic
war_memorial,2026-08-18T14:15:00+00:00,213,1200,17.75,synthetic
war_memorial,2026-08-18T14:30:00+00:00,200,1200,16.6667,synthetic
war_memorial,2026-08-18T14:45:00+00:00,257,1200,21.4167,synthetic
war_memorial,2026-08-18T15:00:00+00:00,283,1200,23.5833,synthetic
war_memorial,2026-08-18T15:15:00+00:00,343,1200,28.5833,synthetic
war_memorial,2026-08-18T15:30:00+00:00,359,1200,29.9167,synthetic
war_memorial,2026-08-18T15:45:00+00:00,410,1200,34.1667,synthetic
war_memorial,2026-08-18T16:00:00+00:00,430,1200,35.8333,synthetic
war_memorial,2026-08-18T16:15:00+00:00,451,1200,37.5833,synthetic
war_memorial,2026-08-18T16:30:00+00:00,447,1200,37.25,synthetic
war_memorial,2026-08-18T16:45:00+00:00,415,1200,34.5833,synthetic
war_memorial,2026-08-18T17:00:00+00:00,397,1200,33.0833,synthetic
war_memorial,2026-08-18T17:15:00+00:00,366,1200,30.5,synthetic
war_memorial,2026-08-18T17:30:00+00:00,371,1200,30.9167,synthetic
war_memorial,2026-08-18T17:45:00+00:00,342,1200,28.5,synthetic
war_memorial,2026-08-18T18:00:00+00:00,293,1200,24.4167,synthetic
war_memorial,2026-08-18T18:15:00+00:00,262,1200,21.8333,synthetic
war_memorial,2026-08-18T18:30:00+00:00,218,1200,18.1667,synthetic
war_memorial,2026-08-18T18:45:00+00:00,237,1200,19.75,synthetic
war_memorial,2026-08-18T19:00:00+00:00,248,1200,20.6667,synthetic
war_memorial,2026-08-18T19:15:00+00:00,249,1200,20.75,synthetic
war_memorial,2026-08-18T19:30:00+00:00,284,1200,23.6667,synthetic
war_memorial,2026-08-18T19:45:00+00:00,315,1200,26.25,synthetic
war_memorial,2026-08-18T20:00:00+00:00,329,1200,27.4167,synthetic
war_memorial,2026-08-18T20:15:00+00:00,373,1200,31.0833,synthetic
war_memorial,2026-08-18T20:30:00+00:00,468,1200,39.0,synthetic
war_memorial,2026-08-18T20:45:00+00:00,488,1200,40.6667,synthetic
war_memorial,2026-08-18T21:00:00+00:00,548,1200,45.6667,synthetic
war_memorial,2026-08-18T21:15:00+00:00,637,1200,53.0833,synthetic
war_memorial,2026-08-18T21:30:00+00:00,669,1200,55.75,synthetic
war_memorial,2026-08-18T21:45:00+00:00,728,1200,60.6667,synthetic
war_memorial,2026-08-18T22:00:00+00:00,789,1200,65.75,synthetic
war_memorial,2026-08-18T22:15:00+00:00,817,1200,68.0833,synthetic
war_memorial,2026-08-18T22:30:00+00:00,800,1200,66.6667,synthetic
war_memorial,2026-08-18T22:45:00+00:00,813,1200,67.75,synthetic
war_memorial,2026-08-18T23:00:00+00:00,755,1200,62.9167,synthetic
war_memorial,2026-08-18T23:15:00+00:00,751,1200,62.5833,synthetic
war_memorial,2026-08-18T23:30:00+00:00,675,1200,56.25,synthetic
war_memorial,2026-08-18T23:45:00+00:00,623,1200,51.9167,synthetic
war_memorial,2026-08-19T00:00:00+00:00,558,1200,46.5,synthetic
war_memorial,2026-08-19T00:15:00+00:00,471,1200,39.25,synthetic
war_memorial,2026-08-19T00:30:00+00:00,416,1200,34.6667,synthetic
war_memorial,2026-08-19T00:45:00+00:00,374,1200,31.1667,synthetic
war_memorial,2026-08-19T01:00:00+00:00,295,1200,24.5833,synthetic
war_memorial,2026-08-19T01:15:00+00:00,265,1200,22.0833,synthetic
war_memorial,2026-08-19T01:30:00+00:00,211,1200,17.5833,synthetic
war_memorial,2026-08-19T01:45:00+00:00,161,1200,13.4167,synthetic
war_memorial,2026-08-19T02:00:00+00:00,157,1200,13.0833,synthetic
war_memorial,2026-08-19T02:15:00+00:00,82,1200,6.8333,synthetic
war_memorial,2026-08-19T02:30:00+00:00,92,1200,7.6667,synthetic
war_memorial,2026-08-19T02:45:00+00:00,56,1200,4.6667,synthetic
war_memorial,2026-08-19T03:00:00+00:00,74,1200,6.1667,synthetic
war_memorial,2026-08-19T03:15:00+00:00,51,1200,4.25,synthetic
war_memorial,2026-08-19T03:30:00+00:00,52,1200,4.3333,synthetic
war_memorial,2026-08-19T03:45:00+00:00,45,1200,3.75,synthetic
mccomas,2026-08-19T04:00:00+00:00,14,600,2.3333,synthetic
mccomas,2026-08-19T04:15:00+00:00,1,600,0.1667,synthetic
mccomas,2026-08-19T04:30:00+00:00,0,600,0.0,synthetic
mccomas,2026-08-19T04:45:00+00:00,0,600,0.0,synthetic
mccomas,2026-08-19T05:00:00+00:00,0,600,0.0,synthetic
mccomas,2026-08-19T05:15:00+00:00,0,600,0.0,synthetic
mccomas,2026-08-19T05:30:00+00:00,0,600,0.0,synthetic
mccomas,2026-08-19T05:45:00+00:00,25,600,4.1667,synthetic
mccomas,2026-08-19T06:00:00+00:00,0,600,0.0,synthetic
mccomas,2026-08-19T06:15:00+00:00,0,600,0.0,synthetic
mccomas,2026-08-19T06:30:00+00:00,0,600,0.0,synthetic
mccomas,2026-08-19T06:45:00+00:00,0,600,0.0,synthetic
mccomas,2026-08-19T07:00:00+00:00,0,600,0.0,synthetic
mccomas,2026-08-19T07:15:00+00:00,0,600,0.0,synthetic
mccomas,2026-08-19T07:30:00+00:00,0,600,0.0,synthetic
mccomas,2026-08-19T07:45:00+00:00,0,600,0.0,synthetic
mccomas,2026-08-19T08:00:00+00:00,10,600,1.6667,synthetic
mccomas,2026-08-19T08:15:00+00:00,7,600,1.1667,synthetic
mccomas,2026-08-19T08:30:00+00:00,1,600,0.1667,synthetic
mccomas,2026-08-19T08:45:00+00:00,0,600,0.0,synthetic
mccomas,2026-08-19T09:00:00+00:00,12,600,2.0,synthetic
mccomas,2026-08-19T09:15:00+00:00,15,600,2.5,synthetic
mccomas,2026-08-19T09:30:00+00:00,22,600,3.6667,synthetic
mccomas,2026-08-19T09:45:00+00:00,33,600,5.5,synthetic
mccomas,2026-08-19T10:00:00+00:00,36,600,6.0,synthetic
mccomas,2026-08-19T10:15:00+00:00,50,600,8.3333,synthetic
mccomas,2026-08-19T10:30:00+00:00,106,600,17.6667,synthetic
mccomas,2026-08-19T10:45:00+00:00,105,600,17.5,synthetic
mccomas,2026-08-19T11:00:00+00:00,140,600,23.3333,synthetic
mccomas,2026-08-19T11:15:00+00:00,130,600,21.6667,synthetic
mccomas,2026-08-19T11:30:00+00:00,131,600,21.8333,synthetic
mccomas,2026-08-19T11:45:00+00:00,140,600,23.3333,synthetic
mccomas,2026-08-19T12:00:00+00:00,143,600,23.8333,synthetic
mccomas,2026-08-19T12:15:00+00:00,137,600,22.8333,synthetic
mccomas,2026-08-19T12:30:00+00:00,99,600,16.5,synthetic
mccomas,2026-08-19T12:45:00+00:00,90,600,15.0,synthetic
mccomas,2026-08-19T13:00:00+00:00,77,600,12.8333,synthetic
mccomas,2026-08-19T13:15:00+00:00,53,600,8.8333,synthetic
mccomas,2026-08-19T13:30:00+00:00,54,600,9.0,synthetic
mccomas,2026-08-19T13:45:00+00:00,49,600,8.1667,synthetic
mccomas,2026-08-19T14:00:00+00:00,67,600,11.1667,synthetic
mccomas,2026-08-19T14:15:00+00:00,79,600,13.1667,synthetic
mccomas,2026-08-19T14:30:00+00:00,82,600,13.6667,synthetic
mccomas,2026-08-19T14:45:00+00:00,110,600,18.3333,synthetic
mccomas,2026-08-19T15:00:00+00:00,113,600,18.8333,synthetic
mccomas,2026-08-19T15:15:00+00:00,132,600,22.0,synthetic
mccomas,2026-08-19T15:30:00+00:00,140,600,23.3333,synthetic
mccomas,2026-08-19T15:45:00+00:00,165,600,27.5,synthetic
mccomas,2026-08-19T16:00:00+00:00,175,600,29.1667,synthetic
mccomas,2026-08-19T16:15:00+00:00,164,600,27.3333,synthetic
mccomas,2026-08-19T16:30:00+00:00,162,600,27.0,synthetic
mccomas,2026-08-19T16:45:00+00:00,172,600,28.6667,synthetic
mccomas,2026-08-19T17:00:00+00:00,174,600,29.0,synthetic
mccomas,2026-08-19T17:15:00+00:00,179,600,29.8333,synthetic
mccomas,2026-08-19T17:30:00+00:00,177,600,29.5,synthetic
mccomas,2026-08-19T17:45:00+00:00,181,600,30.1667,synthetic
mccomas,2026-08-19T18:00:00+00:00,185,600,30.8333,synthetic
mccomas,2026-08-19T18:15:00+00:00,176,600,29.3333,synthetic
mccomas,2026-08-19T18:30:00+00:00,168,600,28.0,synthetic
mccomas,2026-08-19T18:45:00+00:00,179,600,29.8333,synthetic
mccomas,2026-08-19T19:00:00+00:00,190,600,31.6667,synthetic
mccomas,2026-08-19T19:15:00+00:00,217,600,36.1667,synthetic
mccomas,2026-08-19T19:30:00+00:00,247,600,41.1667,synthetic
mccomas,2026-08-19T19:45:00+00:00,292,600,48.6667,synthetic
mccomas,2026-08-19T20:00:00+00:00,309,600,51.5,synthetic
mccomas,2026-08-19T20:15:00+00:00,342,600,57.0,synthetic
mccomas,2026-08-19T20:30:00+00:00,367,600,61.1667,synthetic
mccomas,2026-08-19T20:45:00+00:00,399,600,66.5,synthetic
mccomas,2026-08-19T21:00:00+00:00,422,600,70.3333,synthetic
mccomas,2026-08-19T21:15:00+00:00,456,600,76.0,synthetic
mccomas,2026-08-19T21:30:00+00:00,448,600,74.6667,synthetic
mccomas,2026-08-19T21:45:00+00:00,447,600,74.5,synthetic
mccomas,2026-08-19T22:00:00+00:00,413,600,68.8333,synthetic
mccomas,2026-08-19T22:15:00+00:00,400,600,66.6667,synthetic
mccomas,2026-08-19T22:30:00+00:00,376,600,62.6667,synthetic
mccomas,2026-08-19T22:45:00+00:00,345,600,57.5,synthetic
mccomas,2026-08-19T23:00:00+00:00,298,600,49.6667,synthetic
mccomas,2026-08-19T23:15:00+00:00,248,600,41.3333,synthetic
mccomas,2026-08-19T23:30:00+00:00,227,600,37.8333,synthetic
mccomas,2026-08-19T23:45:00+00:00,192,600,32.0,synthetic
mccomas,2026-08-20T00:00:00+00:00,158,600,26.3333,synthetic
mccomas,2026-08-20T00:15:00+00:00,124,600,20.6667,synthetic
mccomas,2026-08-20T00:30:00+00:00,104,600,17.3333,synthetic
mccomas,2026-08-20T00:45:00+00:00,84,600,14.0,synthetic
mccomas,2026-08-20T01:00:00+00:00,40,600,6.6667,synthetic
mccomas,2026-08-20T01:15:00+00:00,24,600,4.0,synthetic
mccomas,2026-08-20T01:30:00+00:00,27,600,4.5,synthetic
mccomas,2026-08-20T01:45:00+00:00,4,600,0.6667,synthetic
mccomas,2026-08-20T02:00:00+00:00,8,600,1.3333,synthetic
mccomas,2026-08-20T02:15:00+00:00,14,600,2.3333,synthetic
mccomas,2026-08-20T02:30:00+00:00,0,600,0.0,synthetic
mccomas,2026-08-20T02:45:00+00:00,0,600,0.0,synthetic
mccomas,2026-08-20T03:00:00+00:00,0,600,0.0,synthetic
mccomas,2026-08-20T03:15:00+00:00,0,600,0.0,synthetic
mccomas,2026-08-20T03:30:00+00:00,0,600,0.0,synthetic
mccomas,2026-08-20T03:45:00+00:00,0,600,0.0,synthetic
war_memorial,2026-08-19T04:00:00+00:00,115,1200,9.5833,synthetic
war_memorial,2026-08-19T04:15:00+00:00,80,1200,6.6667,synthetic
war_memorial,2026-08-19T04:30:00+00:00,92,1200,7.6667,synthetic
war_memorial,2026-08-19T04:45:00+00:00,97,1200,8.0833,synthetic
war_memorial,2026-08-19T05:00:00+00:00,97,1200,8.0833,synthetic
war_memorial,2026-08-19T05:15:00+00:00,41,1200,3.4167,synthetic
war_memorial,2026-08-19T05:30:00+00:00,66,1200,5.5,synthetic
war_memorial,2026-08-19T05:45:00+00:00,83,1200,6.9167,synthetic
war_memorial,2026-08-19T06:00:00+00:00,70,1200,5.8333,synthetic
war_memorial,2026-08-19T06:15:00+00:00,78,1200,6.5,synthetic
war_memorial,2026-08-19T06:30:00+00:00,60,1200,5.0,synthetic
war_memorial,2026-08-19T06:45:00+00:00,74,1200,6.1667,synthetic
war_memorial,2026-08-19T07:00:00+00:00,76,1200,6.3333,synthetic
war_memorial,2026-08-19T07:15:00+00:00,106,1200,8.8333,synthetic
war_memorial,2026-08-19T07:30:00+00:00,109,1200,9.0833,synthetic
war_memorial,2026-08-19T07:45:00+00:00,149,1200,12.4167,synthetic
war_memorial,2026-08-19T08:00:00+00:00,102,1200,8.5,synthetic
war_memorial,2026-08-19T08:15:00+00:00,130,1200,10.8333,synthetic
war_memorial,2026-08-19T08:30:00+00:00,119,1200,9.9167,synthetic
war_memorial,2026-08-19T08:45:00+00:00,88,1200,7.3333,synthetic
war_memorial,2026-08-19T09:00:00+00:00,130,1200,10.8333,synthetic
war_memorial,2026-08-19T09:15:00+00:00,134,1200,11.1667,synthetic
war_memorial,2026-08-19T09:30:00+00:00,118,1200,9.8333,synthetic
war_memorial,2026-08-19T09:45:00+00:00,135,1200,11.25,synthetic
war_memorial,2026-08-19T10:00:00+00:00,139,1200,11.5833,synthetic
war_memorial,2026-08-19T10:15:00+00:00,162,1200,13.5,synthetic
war_memorial,2026-08-19T10:30:00+00:00,200,1200,16.6667,synthetic
war_memorial,2026-08-19T10:45:00+00:00,245,1200,20.4167,synthetic
war_memorial,2026-08-19T11:00:00+00:00,286,1200,23.8333,synthetic
war_memorial,2026-08-19T11:15:00+00:00,328,1200,27.3333,synthetic
war_memorial,2026-08-19T11:30:00+00:00,337,1200,28.0833,synthetic
war_memorial,2026-08-19T11:45:00+00:00,364,1200,30.3333,synthetic
war_memorial,2026-08-19T12:00:00+00:00,374,1200,31.1667,synthetic
war_memorial,2026-08-19T12:15:00+00:00,336,1200,28.0,synthetic
war_memorial,2026-08-19T12:30:00+00:00,351,1200,29.25,synthetic
war_memorial,2026-08-19T12:45:00+00:00,312,1200,26.0,synthetic
war_memorial,2026-08-19T13:00:00+00:00,260,1200,21.6667,synthetic
war_memorial,2026-08-19T13:15:00+00:00,220,1200,18.3333,synthetic
war_memorial,2026-08-19T13:30:00+00:00,213,1200,17.75,synthetic
war_memorial,2026-08-19T13:45:00+00:00,222,1200,18.5,synthetic
war_memorial,2026-08-19T14:00:00+00:00,214,1200,17.8333,synthetic
war_memorial,2026-08-19T14:15:00+00:00,212,1200,17.6667,synthetic
war_memorial,2026-08-19T14:30:00+00:00,199,1200,16.5833,synthetic
war_memorial,2026-08-19T14:45:00+00:00,269,1200,22.4167,synthetic
war_memorial,2026-08-19T15:00:00+00:00,325,1200,27.0833,synthetic
war_memorial,2026-08-19T15:15:00+00:00,351,1200,29.25,synthetic
war_memorial,2026-08-19T15:30:00+00:00,374,1200,31.1667,synthetic
war_memorial,2026-08-19T15:45:00+00:00,389,1200,32.4167,synthetic
war_memorial,2026-08-19T16:00:00+00:00,403,1200,33.5833,synthetic
war_memorial,2026-08-19T16:15:00+00:00,437,1200,36.4167,synthetic
war_memorial,2026-08-19T16:30:00+00:00,459,1200,38.25,synthetic
war_memorial,2026-08-19T16:45:00+00:00,436,1200,36.3333,synthetic
war_memorial,2026-08-19T17:00:00+00:00,412,1200,34.3333,synthetic
war_memorial,2026-08-19T17:15:00+00:00,433,1200,36.0833,synthetic
war_memorial,2026-08-19T17:30:00+00:00,385,1200,32.0833,synthetic
war_memorial,2026-08-19T17:45:00+00:00,346,1200,28.8333,synthetic
war_memorial,2026-08-19T18:00:00+00:00,328,1200,27.3333,synthetic
war_memorial,2026-08-19T18:15:00+00:00,305,1200,25.4167,synthetic
war_memorial,2026-08-19T18:30:00+00:00,295,1200,24.5833,synthetic
war_memorial,2026-08-19T18:45:00+00:00,285,1200,23.75,synthetic
war_memorial,2026-08-19T19:00:00+00:00,305,1200,25.4167,synthetic
war_memorial,2026-08-19T19:15:00+00:00,281,1200,23.4167,synthetic
war_memorial,2026-08-19T19:30:00+00:00,335,1200,27.9167,synthetic
war_memorial,2026-08-19T19:45:00+00:00,334,1200,27.8333,synthetic
war_memorial,2026-08-19T20:00:00+00:00,369,1200,30.75,synthetic
war_memorial,2026-08-19T20:15:00+00:00,407,1200,33.9167,synthetic
war_memorial,2026-08-19T20:30:00+00:00,470,1200,39.1667,synthetic
war_memorial,2026-08-19T20:45:00+00:00,541,1200,45.0833,synthetic
war_memorial,2026-08-19T21:00:00+00:00,604,1200,50.3333,synthetic
war_memorial,2026-08-19T21:15:00+00:00,700,1200,58.3333,synthetic
war_memorial,2026-08-19T21:30:00+00:00,726,1200,60.5,synthetic
war_memorial,2026-08-19T21:45:00+00:00,783,1200,65.25,synthetic
war_memorial,2026-08-19T22:00:00+00:00,786,1200,65.5,synthetic
war_memorial,2026-08-19T22:15:00+00:00,820,1200,68.3333,synthetic
war_memorial,2026-08-19T22:30:00+00:00,838,1200,69.8333,synthetic
war_memorial,2026-08-19T22:45:00+00:00,853,1200,71.0833,synthetic
war_memorial,2026-08-19T23:00:00+00:00,847,1200,70.5833,synthetic
war_memorial,2026-08-19T23:15:00+00:00,769,1200,64.0833,synthetic
war_memorial,2026-08-19T23:30:00+00:00,690,1200,57.5,synthetic
war_memorial,2026-08-19T23:45:00+00:00,641,1200,53.4167,synthetic
war_memorial,2026-08-20T00:00:00+00:00,588,1200,49.0,synthetic
war_memorial,2026-08-20T00:15:00+00:00,519,1200,43.25,synthetic
war_memorial,2026-08-20T00:30:00+00:00,477,1200,39.75,synthetic
war_memorial,2026-08-20T00:45:00+00:00,433,1200,36.0833,synthetic
war_memorial,2026-08-20T01:00:00+00:00,382,1200,31.8333,synthetic
war_memorial,2026-08-20T01:15:00+00:00,302,1200,25.1667,synthetic
war_memorial,2026-08-20T01:30:00+00:00,270,1200,22.5,synthetic
war_memorial,2026-08-20T01:45:00+00:00,215,1200,17.9167,synthetic
war_memorial,2026-08-20T02:00:00+00:00,183,1200,15.25,synthetic
war_memorial,2026-08-20T02:15:00+00:00,176,1200,14.6667,synthetic
war_memorial,2026-08-20T02:30:00+00:00,106,1200,8.8333,synthetic
war_memorial,2026-08-20T02:45:00+00:00,132,1200,11.0,synthetic
war_memorial,2026-08-20T03:00:00+00:00,140,1200,11.6667,synthetic
war_memorial,2026-08-20T03:15:00+00:00,134,1200,11.1667,synthetic
war_memorial,2026-08-20T03:30:00+00:00,120,1200,10.0,synthetic
war_memorial,2026-08-20T03:45:00+00:00,107,1200,8.9167,synthetic
mccomas,2026-08-20T04:00:00+00:00,14,600,2.3333,synthetic
mccomas,2026-08-20T04:15:00+00:00,3,600,0.5,synthetic
mccomas,2026-08-20T04:30:00+00:00,18,600,3.0,synthetic
mccomas,2026-08-20T04:45:00+00:00,22,600,3.6667,synthetic
mccomas,2026-08-20T05:00:00+00:00,40,600,6.6667,synthetic
mccomas,2026-08-20T05:15:00+00:00,50,600,8.3333,synthetic
mccomas,2026-08-20T05:30:00+00:00,50,600,8.3333,synthetic
mccomas,2026-08-20T05:45:00+00:00,25,600,4.1667,synthetic
mccomas,2026-08-20T06:00:00+00:00,31,600,5.1667,synthetic
mccomas,2026-08-20T06:15:00+00:00,28,600,4.6667,synthetic
mccomas,2026-08-20T06:30:00+00:00,47,600,7.8333,synthetic
mccomas,2026-08-20T06:45:00+00:00,50,600,8.3333,synthetic
mccomas,2026-08-20T07:00:00+00:00,49,600,8.1667,synthetic
mccomas,2026-08-20T07:15:00+00:00,38,600,6.3333,synthetic
mccomas,2026-08-20T07:30:00+00:00,42,600,7.0,synthetic
mccomas,2026-08-20T07:45:00+00:00,45,600,7.5,synthetic
mccomas,2026-08-20T08:00:00+00:00,44,600,7.3333,synthetic
mccomas,2026-08-20T08:15:00+00:00,46,600,7.6667,synthetic
mccomas,2026-08-20T08:30:00+00:00,48,600,8.0,synthetic
mccomas,2026-08-20T08:45:00+00:00,42,600,7.0,synthetic
mccomas,2026-08-20T09:00:00+00:00,55,600,9.1667,synthetic
mccomas,2026-08-20T09:15:00+00:00,52,600,8.6667,synthetic
mccomas,2026-08-20T09:30:00+00:00,81,600,13.5,synthetic
mccomas,2026-08-20T09:45:00+00:00,104,600,17.3333,synthetic
mccomas,2026-08-20T10:00:00+00:00,121,600,20.1667,synthetic
mccomas,2026-08-20T10:15:00+00:00,100,600,16.6667,synthetic
mccomas,2026-08-20T10:30:00+00:00,134,600,22.3333,synthetic
mccomas,2026-08-20T10:45:00+00:00,149,600,24.8333,synthetic
mccomas,2026-08-20T11:00:00+00:00,147,600,24.5,synthetic
mccomas,2026-08-20T11:15:00+00:00,170,600,28.3333,synthetic
mccomas,2026-08-20T11:30:00+00:00,164,600,27.3333,synthetic
mccomas,2026-08-20T11:45:00+00:00,161,600,26.8333,synthetic
mccomas,2026-08-20T12:00:00+00:00,148,600,24.6667,synthetic
mccomas,2026-08-20T12:15:00+00:00,150,600,25.0,synthetic
mccomas,2026-08-20T12:30:00+00:00,125,600,20.8333,synthetic
mccomas,2026-08-20T12:45:00+00:00,105,600,17.5,synthetic
mccomas,2026-08-20T13:00:00+00:00,102,600,17.0,synthetic
mccomas,2026-08-20T13:15:00+00:00,76,600,12.6667,synthetic
mccomas,2026-08-20T13:30:00+00:00,98,600,16.3333,synthetic
mccomas,2026-08-20T13:45:00+00:00,83,600,13.8333,synthetic
mccomas,2026-08-20T14:00:00+00:00,85,600,14.1667,synthetic
mccomas,2026-08-20T14:15:00+00:00,102,600,17.0,synthetic
mccomas,2026-08-20T14:30:00+00:00,126,600,21.0,synthetic
mccomas,2026-08-20T14:45:00+00:00,130,600,21.6667,synthetic
mccomas,2026-08-20T15:00:00+00:00,142,600,23.6667,synthetic
mccomas,2026-08-20T15:15:00+00:00,172,600,28.6667,synthetic
mccomas,2026-08-20T15:30:00+00:00,180,600,30.0,synthetic
mccomas,2026-08-20T15:45:00+00:00,189,600,31.5,synthetic
mccomas,2026-08-20T16:00:00+00:00,201,600,33.5,synthetic
mccomas,2026-08-20T16:15:00+00:00,192,600,32.0,synthetic
mccomas,2026-08-20T16:30:00+00:00,193,600,32.1667,synthetic
mccomas,2026-08-20T16:45:00+00:00,226,600,37.6667,synthetic
mccomas,2026-08-20T17:00:00+00:00,198,600,33.0,synthetic
mccomas,2026-08-20T17:15:00+00:00,196,600,32.6667,synthetic
mccomas,2026-08-20T17:30:00+00:00,179,600,29.8333,synthetic
mccomas,2026-08-20T17:45:00+00:00,161,600,26.8333,synthetic
mccomas,2026-08-20T18:00:00+00:00,178,600,29.6667,synthetic
mccomas,2026-08-20T18:15:00+00:00,176,600,29.3333,synthetic
mccomas,2026-08-20T18:30:00+00:00,164,600,27.3333,synthetic
mccomas,2026-08-20T18:45:00+00:00,195,600,32.5,synthetic
mccomas,2026-08-20T19:00:00+00:00,205,600,34.1667,synthetic
mccomas,2026-08-20T19:15:00+00:00,234,600,39.0,synthetic
mccomas,2026-08-20T19:30:00+00:00,254,600,42.3333,synthetic
mccomas,2026-08-20T19:45:00+00:00,299,600,49.8333,synthetic
mccomas,2026-08-20T20:00:00+00:00,343,600,57.1667,synthetic
mccomas,2026-08-20T20:15:00+00:00,376,600,62.6667,synthetic
mccomas,2026-08-20T20:30:00+00:00,407,600,67.8333,synthetic
mccomas,2026-08-20T20:45:00+00:00,435,600,72.5,synthetic
mccomas,2026-08-20T21:00:00+00:00,444,600,74.0,synthetic
mccomas,2026-08-20T21:15:00+00:00,445,600,74.1667,synthetic
mccomas,2026-08-20T21:30:00+00:00,457,600,76.1667,synthetic
mccomas,2026-08-20T21:45:00+00:00,472,600,78.6667,synthetic
mccomas,2026-08-20T22:00:00+00:00,446,600,74.3333,synthetic
mccomas,2026-08-20T22:15:00+00:00,431,600,71.8333,synthetic
mccomas,2026-08-20T22:30:00+00:00,405,600,67.5,synthetic
mccomas,2026-08-20T22:45:00+00:00,356,600,59.3333,synthetic
mccomas,2026-08-20T23:00:00+00:00,318,600,53.0,synthetic
mccomas,2026-08-20T23:15:00+00:00,267,600,44.5,synthetic
mccomas,2026-08-20T23:30:00+00:00,240,600,40.0,synthetic
mccomas,2026-08-20T23:45:00+00:00,216,600,36.0,synthetic
mccomas,2026-08-21T00:00:00+00:00,176,600,29.3333,synthetic
mccomas,2026-08-21T00:15:00+00:00,163,600,27.1667,synthetic
mccomas,2026-08-21T00:30:00+00:00,123,600,20.5,synthetic
mccomas,2026-08-21T00:45:00+00:00,118,600,19.6667,synthetic
mccomas,2026-08-21T01:00:00+00:00,100,600,16.6667,synthetic
mccomas,2026-08-21T01:15:00+00:00,68,600,11.3333,synthetic
mccomas,2026-08-21T01:30:00+00:00,70,600,11.6667,synthetic
mccomas,2026-08-21T01:45:00+00:00,58,600,9.6667,synthetic
mccomas,2026-08-21T02:00:00+00:00,39,600,6.5,synthetic
mccomas,2026-08-21T02:15:00+00:00,37,600,6.1667,synthetic
mccomas,2026-08-21T02:30:00+00:00,38,600,6.3333,synthetic
mccomas,2026-08-21T02:45:00+00:00,42,600,7.0,synthetic
mccomas,2026-08-21T03:00:00+00:00,25,600,4.1667,synthetic
mccomas,2026-08-21T03:15:00+00:00,34,600,5.6667,synthetic
mccomas,2026-08-21T03:30:00+00:00,26,600,4.3333,synthetic
mccomas,2026-08-21T03:45:00+00:00,18,600,3.0,synthetic
war_memorial,2026-08-20T04:00:00+00:00,52,1200,4.3333,synthetic
war_memorial,2026-08-20T04:15:00+00:00,14,1200,1.1667,synthetic
war_memorial,2026-08-20T04:30:00+00:00,7,1200,0.5833,synthetic
war_memorial,2026-08-20T04:45:00+00:00,41,1200,3.4167,synthetic
war_memorial,2026-08-20T05:00:00+00:00,34,1200,2.8333,synthetic
war_memorial,2026-08-20T05:15:00+00:00,43,1200,3.5833,synthetic
war_memorial,2026-08-20T05:30:00+00:00,34,1200,2.8333,synthetic
war_memorial,2026-08-20T05:45:00+00:00,58,1200,4.8333,synthetic
war_memorial,2026-08-20T06:00:00+00:00,52,1200,4.3333,synthetic
war_memorial,2026-08-20T06:15:00+00:00,58,1200,4.8333,synthetic
war_memorial,2026-08-20T06:30:00+00:00,21,1200,1.75,synthetic
war_memorial,2026-08-20T06:45:00+00:00,25,1200,2.0833,synthetic
war_memorial,2026-08-20T07:00:00+00:00,22,1200,1.8333,synthetic
war_memorial,2026-08-20T07:15:00+00:00,30,1200,2.5,synthetic
war_memorial,2026-08-20T07:30:00+00:00,26,1200,2.1667,synthetic
war_memorial,2026-08-20T07:45:00+00:00,35,1200,2.9167,synthetic
war_memorial,2026-08-20T08:00:00+00:00,20,1200,1.6667,synthetic
war_memorial,2026-08-20T08:15:00+00:00,29,1200,2.4167,synthetic
war_memorial,2026-08-20T08:30:00+00:00,14,1200,1.1667,synthetic
war_memorial,2026-08-20T08:45:00+00:00,0,1200,0.0,synthetic
war_memorial,2026-08-20T09:00:00+00:00,0,1200,0.0,synthetic
war_memorial,2026-08-20T09:15:00+00:00,0,1200,0.0,synthetic
war_memorial,2026-08-20T09:30:00+00:00,0,1200,0.0,synthetic
war_memorial,2026-08-20T09:45:00+00:00,13,1200,1.0833,synthetic
war_memorial,2026-08-20T10:00:00+00:00,76,1200,6.3333,synthetic
war_memorial,2026-08-20T10:15:00+00:00,95,1200,7.9167,synthetic
war_memorial,2026-08-20T10:30:00+00:00,127,1200,10.5833,synthetic
war_memorial,2026-08-20T10:45:00+00:00,146,1200,12.1667,synthetic
war_memorial,2026-08-20T11:00:00+00:00,194,1200,16.1667,synthetic
war_memorial,2026-08-20T11:15:00+00:00,207,1200,17.25,synthetic
war_memorial,2026-08-20T11:30:00+00:00,277,1200,23.0833,synthetic
war_memorial,2026-08-20T11:45:00+00:00,305,1200,25.4167,synthetic
war_memorial,2026-08-20T12:00:00+00:00,290,1200,24.1667,synthetic
war_memorial,2026-08-20T12:15:00+00:00,288,1200,24.0,synthetic
war_memorial,2026-08-20T12:30:00+00:00,228,1200,19.0,synthetic
war_memorial,2026-08-20T12:45:00+00:00,211,1200,17.5833,synthetic
war_memorial,2026-08-20T13:00:00+00:00,226,1200,18.8333,synthetic
war_memorial,2026-08-20T13:15:00+00:00,164,1200,13.6667,synthetic
war_memorial,2026-08-20T13:30:00+00:00,158,1200,13.1667,synthetic
war_memorial,2026-08-20T13:45:00+00:00,182,1200,15.1667,synthetic
war_memorial,2026-08-20T14:00:00+00:00,158,1200,13.1667,synthetic
war_memorial,2026-08-20T14:15:00+00:00,184,1200,15.3333,synthetic
war_memorial,2026-08-20T14:30:00+00:00,204,1200,17.0,synthetic
war_memorial,2026-08-20T14:45:00+00:00,213,1200,17.75,synthetic
war_memorial,2026-08-20T15:00:00+00:00,251,1200,20.9167,synthetic
war_memorial,2026-08-20T15:15:00+00:00,254,1200,21.1667,synthetic
war_memorial,2026-08-20T15:30:00+00:00,277,1200,23.0833,synthetic
war_memorial,2026-08-20T15:45:00+00:00,335,1200,27.9167,synthetic
war_memorial,2026-08-20T16:00:00+00:00,344,1200,28.6667,synthetic
war_memorial,2026-08-20T16:15:00+00:00,361,1200,30.0833,synthetic
war_memorial,2026-08-20T16:30:00+00:00,403,1200,33.5833,synthetic
war_memorial,2026-08-20T16:45:00+00:00,399,1200,33.25,synthetic
war_memorial,2026-08-20T17:00:00+00:00,380,1200,31.6667,synthetic
war_memorial,2026-08-20T17:15:00+00:00,344,1200,28.6667,synthetic
war_memorial,2026-08-20T17:30:00+00:00,295,1200,24.5833,synthetic
war_memorial,2026-08-20T17:45:00+00:00,252,1200,21.0,synthetic
war_memorial,2026-08-20T18:00:00+00:00,248,1200,20.6667,synthetic
war_memorial,2026-08-20T18:15:00+00:00,238,1200,19.8333,synthetic
war_memorial,2026-08-20T18:30:00+00:00,221,1200,18.4167,synthetic
war_memorial,2026-08-20T18:45:00+00:00,187,1200,15.5833,synthetic
war_memorial,2026-08-20T19:00:00+00:00,178,1200,14.8333,synthetic
war_memorial,2026-08-20T19:15:00+00:00,198,1200,16.5,synthetic
war_memorial,2026-08-20T19:30:00+00:00,229,1200,19.0833,synthetic
war_memorial,2026-08-20T19:45:00+00:00,245,1200,20.4167,synthetic
war_memorial,2026-08-20T20:00:00+00:00,330,1200,27.5,synthetic
war_memorial,2026-08-20T20:15:00+00:00,325,1200,27.0833,synthetic
war_memorial,2026-08-20T20:30:00+00:00,396,1200,33.0,synthetic
war_memorial,2026-08-20T20:45:00+00:00,451,1200,37.5833,synthetic
war_memorial,2026-08-20T21:00:00+00:00,519,1200,43.25,synthetic
war_memorial,2026-08-20T21:15:00+00:00,593,1200,49.4167,synthetic
war_memorial,2026-08-20T21:30:00+00:00,665,1200,55.4167,synthetic
war_memorial,2026-08-20T21:45:00+00:00,680,1200,56.6667,synthetic
war_memorial,2026-08-20T22:00:00+00:00,712,1200,59.3333,synthetic
war_memorial,2026-08-20T22:15:00+00:00,711,1200,59.25,synthetic
war_memorial,2026-08-20T22:30:00+00:00,762,1200,63.5,synthetic
war_memorial,2026-08-20T22:45:00+00:00,773,1200,64.4167,synthetic
war_memorial,2026-08-20T23:00:00+00:00,727,1200,60.5833,synthetic
war_memorial,2026-08-20T23:15:00+00:00,702,1200,58.5,synthetic
war_memorial,2026-08-20T23:30:00+00:00,622,1200,51.8333,synthetic
war_memorial,2026-08-20T23:45:00+00:00,594,1200,49.5,synthetic
war_memorial,2026-08-21T00:00:00+00:00,531,1200,44.25,synthetic
war_memorial,2026-08-21T00:15:00+00:00,454,1200,37.8333,synthetic
war_memorial,2026-08-21T00:30:00+00:00,411,1200,34.25,synthetic
war_memorial,2026-08-21T00:45:00+00:00,335,1200,27.9167,synthetic
war_memorial,2026-08-21T01:00:00+00:00,270,1200,22.5,synthetic
war_memorial,2026-08-21T01:15:00+00:00,234,1200,19.5,synthetic
war_memorial,2026-08-21T01:30:00+00:00,208,1200,17.3333,synthetic
war_memorial,2026-08-21T01:45:00+00:00,173,1200,14.4167,synthetic
war_memorial,2026-08-21T02:00:00+00:00,143,1200,11.9167,synthetic
war_memorial,2026-08-21T02:15:00+00:00,105,1200,8.75,synthetic
war_memorial,2026-08-21T02:30:00+00:00,75,1200,6.25,synthetic
war_memorial,2026-08-21T02:45:00+00:00,68,1200,5.6667,synthetic
war_memorial,2026-08-21T03:00:00+00:00,69,1200,5.75,synthetic
war_memorial,2026-08-21T03:15:00+00:00,18,1200,1.5,synthetic
war_memorial,2026-08-21T03:30:00+00:00,0,1200,0.0,synthetic
war_memorial,2026-08-21T03:45:00+00:00,36,1200,3.0,synthetic
mccomas,2026-08-21T04:00:00+00:00,9,600,1.5,synthetic
mccomas,2026-08-21T04:15:00+00:00,24,600,4.0,synthetic
mccomas,2026-08-21T04:30:00+00:00,18,600,3.0,synthetic
mccomas,2026-08-21T04:45:00+00:00,20,600,3.3333,synthetic
mccomas,2026-08-21T05:00:00+00:00,24,600,4.0,synthetic
mccomas,2026-08-21T05:15:00+00:00,34,600,5.6667,synthetic
mccomas,2026-08-21T05:30:00+00:00,21,600,3.5,synthetic
mccomas,2026-08-21T05:45:00+00:00,18,600,3.0,synthetic
mccomas,2026-08-21T06:00:00+00:00,16,600,2.6667,synthetic
mccomas,2026-08-21T06:15:00+00:00,26,600,4.3333,synthetic
mccomas,2026-08-21T06:30:00+00:00,16,600,2.6667,synthetic
mccomas,2026-08-21T06:45:00+00:00,33,600,5.5,synthetic
mccomas,2026-08-21T07:00:00+00:00,23,600,3.8333,synthetic
mccomas,2026-08-21T07:15:00+00:00,33,600,5.5,synthetic
mccomas,2026-08-21T07:30:00+00:00,18,600,3.0,synthetic
mccomas,2026-08-21T07:45:00+00:00,29,600,4.8333,synthetic
mccomas,2026-08-21T08:00:00+00:00,39,600,6.5,synthetic
mccomas,2026-08-21T08:15:00+00:00,33,600,5.5,synthetic
mccomas,2026-08-21T08:30:00+00:00,24,600,4.0,synthetic
mccomas,2026-08-21T08:45:00+00:00,53,600,8.8333,synthetic
mccomas,2026-08-21T09:00:00+00:00,72,600,12.0,synthetic
mccomas,2026-08-21T09:15:00+00:00,52,600,8.6667,synthetic
mccomas,2026-08-21T09:30:00+00:00,61,600,10.1667,synthetic
mccomas,2026-08-21T09:45:00+00:00,87,600,14.5,synthetic
mccomas,2026-08-21T10:00:00+00:00,88,600,14.6667,synthetic
mccomas,2026-08-21T10:15:00+00:00,122,600,20.3333,synthetic
mccomas,2026-08-21T10:30:00+00:00,153,600,25.5,synthetic
mccomas,2026-08-21T10:45:00+00:00,149,600,24.8333,synthetic
mccomas,2026-08-21T11:00:00+00:00,155,600,25.8333,synthetic
mccomas,2026-08-21T11:15:00+00:00,170,600,28.3333,synthetic
mccomas,2026-08-21T11:30:00+00:00,158,600,26.3333,synthetic
mccomas,2026-08-21T11:45:00+00:00,163,600,27.1667,synthetic
mccomas,2026-08-21T12:00:00+00:00,145,600,24.1667,synthetic
mccomas,2026-08-21T12:15:00+00:00,122,600,20.3333,synthetic
mccomas,2026-08-21T12:30:00+00:00,121,600,20.1667,synthetic
mccomas,2026-08-21T12:45:00+00:00,89,600,14.8333,synthetic
mccomas,2026-08-21T13:00:00+00:00,77,600,12.8333,synthetic
mccomas,2026-08-21T13:15:00+00:00,66,600,11.0,synthetic
mccomas,2026-08-21T13:30:00+00:00,34,600,5.6667,synthetic
mccomas,2026-08-21T13:45:00+00:00,58,600,9.6667,synthetic
mccomas,2026-08-21T14:00:00+00:00,52,600,8.6667,synthetic
mccomas,2026-08-21T14:15:00+00:00,59,600,9.8333,synthetic
mccomas,2026-08-21T14:30:00+00:00,105,600,17.5,synthetic
mccomas,2026-08-21T14:45:00+00:00,120,600,20.0,synthetic
mccomas,2026-08-21T15:00:00+00:00,116,600,19.3333,synthetic
mccomas,2026-08-21T15:15:00+00:00,144,600,24.0,synthetic
mccomas,2026-08-21T15:30:00+00:00,149,600,24.8333,synthetic
mccomas,2026-08-21T15:45:00+00:00,161,600,26.8333,synthetic
mccomas,2026-08-21T16:00:00+00:00,173,600,28.8333,synthetic
mccomas,2026-08-21T16:15:00+00:00,175,600,29.1667,synthetic
mccomas,2026-08-21T16:30:00+00:00,203,600,33.8333,synthetic
mccomas,2026-08-21T16:45:00+00:00,195,600,32.5,synthetic
mccomas,2026-08-21T17:00:00+00:00,187,600,31.1667,synthetic
mccomas,2026-08-21T17:15:00+00:00,188,600,31.3333,synthetic
mccomas,2026-08-21T17:30:00+00:00,187,600,31.1667,synthetic
mccomas,2026-08-21T17:45:00+00:00,175,600,29.1667,synthetic
mccomas,2026-08-21T18:00:00+00:00,188,600,31.3333,synthetic
mccomas,2026-08-21T18:15:00+00:00,192,600,32.0,synthetic
mccomas,2026-08-21T18:30:00+00:00,191,600,31.8333,synthetic
mccomas,2026-08-21T18:45:00+00:00,191,600,31.8333,synthetic
mccomas,2026-08-21T19:00:00+00:00,211,600,35.1667,synthetic
mccomas,2026-08-21T19:15:00+00:00,230,600,38.3333,synthetic
mccomas,2026-08-21T19:30:00+00:00,231,600,38.5,synthetic
mccomas,2026-08-21T19:45:00+00:00,267,600,44.5,synthetic
mccomas,2026-08-21T20:00:00+00:00,314,600,52.3333,synthetic
mccomas,2026-08-21T20:15:00+00:00,355,600,59.1667,synthetic
mccomas,2026-08-21T20:30:00+00:00,389,600,64.8333,synthetic
mccomas,2026-08-21T20:45:00+00:00,415,600,69.1667,synthetic
mccomas,2026-08-21T21:00:00+00:00,439,600,73.1667,synthetic
mccomas,2026-08-21T21:15:00+00:00,446,600,74.3333,synthetic
mccomas,2026-08-21T21:30:00+00:00,453,600,75.5,synthetic
mccomas,2026-08-21T21:45:00+00:00,457,600,76.1667,synthetic
mccomas,2026-08-21T22:00:00+00:00,444,600,74.0,synthetic
mccomas,2026-08-21T22:15:00+00:00,422,600,70.3333,synthetic
mccomas,2026-08-21T22:30:00+00:00,385,600,64.1667,synthetic
mccomas,2026-08-21T22:45:00+00:00,345,600,57.5,synthetic
mccomas,2026-08-21T23:00:00+00:00,287,600,47.8333,synthetic
mccomas,2026-08-21T23:15:00+00:00,255,600,42.5,synthetic
mccomas,2026-08-21T23:30:00+00:00,226,600,37.6667,synthetic
mccomas,2026-08-21T23:45:00+00:00,195,600,32.5,synthetic
mccomas,2026-08-22T00:00:00+00:00,158,600,26.3333,synthetic
mccomas,2026-08-22T00:15:00+00:00,135,600,22.5,synthetic
mccomas,2026-08-22T00:30:00+00:00,105,600,17.5,synthetic
mccomas,2026-08-22T00:45:00+00:00,81,600,13.5,synthetic
mccomas,2026-08-22T01:00:00+00:00,77,600,12.8333,synthetic
mccomas,2026-08-22T01:15:00+00:00,37,600,6.1667,synthetic
mccomas,2026-08-22T01:30:00+00:00,33,600,5.5,synthetic
mccomas,2026-08-22T01:45:00+00:00,20,600,3.3333,synthetic
mccomas,2026-08-22T02:00:00+00:00,30,600,5.0,synthetic
mccomas,2026-08-22T02:15:00+00:00,27,600,4.5,synthetic
mccomas,2026-08-22T02:30:00+00:00,22,600,3.6667,synthetic
mccomas,2026-08-22T02:45:00+00:00,33,600,5.5,synthetic
mccomas,2026-08-22T03:00:00+00:00,12,600,2.0,synthetic
mccomas,2026-08-22T03:15:00+00:00,27,600,4.5,synthetic
mccomas,2026-08-22T03:30:00+00:00,21,600,3.5,synthetic
mccomas,2026-08-22T03:45:00+00:00,29,600,4.8333,synthetic
war_memorial,2026-08-21T04:00:00+00:00,69,1200,5.75,synthetic
war_memorial,2026-08-21T04:15:00+00:00,97,1200,8.0833,synthetic
war_memorial,2026-08-21T04:30:00+00:00,46,1200,3.8333,synthetic
war_memorial,2026-08-21T04:45:00+00:00,60,1200,5.0,synthetic
war_memorial,2026-08-21T05:00:00+00:00,56,1200,4.6667,synthetic
war_memorial,2026-08-21T05:15:00+00:00,54,1200,4.5,synthetic
war_memorial,2026-08-21T05:30:00+00:00,53,1200,4.4167,synthetic
war_memorial,2026-08-21T05:45:00+00:00,59,1200,4.9167,synthetic
war_memorial,2026-08-21T06:00:00+00:00,67,1200,5.5833,synthetic
war_memorial,2026-08-21T06:15:00+00:00,52,1200,4.3333,synthetic
war_memorial,2026-08-21T06:30:00+00:00,42,1200,3.5,synthetic
war_memorial,2026-08-21T06:45:00+00:00,30,1200,2.5,synthetic
war_memorial,2026-08-21T07:00:00+00:00,51,1200,4.25,synthetic
war_memorial,2026-08-21T07:15:00+00:00,87,1200,7.25,synthetic
war_memorial,2026-08-21T07:30:00+00:00,70,1200,5.8333,synthetic
war_memorial,2026-08-21T07:45:00+00:00,79,1200,6.5833,synthetic
war_memorial,2026-08-21T08:00:00+00:00,67,1200,5.5833,synthetic
war_memorial,2026-08-21T08:15:00+00:00,113,1200,9.4167,synthetic
war_memorial,2026-08-21T08:30:00+00:00,67,1200,5.5833,synthetic
war_memorial,2026-08-21T08:45:00+00:00,98,1200,8.1667,synthetic
war_memorial,2026-08-21T09:00:00+00:00,92,1200,7.6667,synthetic
war_memorial,2026-08-21T09:15:00+00:00,100,1200,8.3333,synthetic
war_memorial,2026-08-21T09:30:00+00:00,112,1200,9.3333,synthetic
war_memorial,2026-08-21T09:45:00+00:00,130,1200,10.8333,synthetic
war_memorial,2026-08-21T10:00:00+00:00,152,1200,12.6667,synthetic
war_memorial,2026-08-21T10:15:00+00:00,125,1200,10.4167,synthetic
war_memorial,2026-08-21T10:30:00+00:00,180,1200,15.0,synthetic
war_memorial,2026-08-21T10:45:00+00:00,226,1200,18.8333,synthetic
war_memorial,2026-08-21T11:00:00+00:00,258,1200,21.5,synthetic
war_memorial,2026-08-21T11:15:00+00:00,335,1200,27.9167,synthetic
war_memorial,2026-08-21T11:30:00+00:00,374,1200,31.1667,synthetic
war_memorial,2026-08-21T11:45:00+00:00,385,1200,32.0833,synthetic
war_memorial,2026-08-21T12:00:00+00:00,384,1200,32.0,synthetic
war_memorial,2026-08-21T12:15:00+00:00,364,1200,30.3333,synthetic
war_memorial,2026-08-21T12:30:00+00:00,340,1200,28.3333,synthetic
war_memorial,2026-08-21T12:45:00+00:00,319,1200,26.5833,synthetic
war_memorial,2026-08-21T13:00:00+00:00,269,1200,22.4167,synthetic
war_memorial,2026-08-21T13:15:00+00:00,219,1200,18.25,synthetic
war_memorial,2026-08-21T13:30:00+00:00,247,1200,20.5833,synthetic
war_memorial,2026-08-21T13:45:00+00:00,225,1200,18.75,synthetic
war_memorial,2026-08-21T14:00:00+00:00,200,1200,16.6667,synthetic
war_memorial,2026-08-21T14:15:00+00:00,205,1200,17.0833,synthetic
war_memorial,2026-08-21T14:30:00+00:00,220,1200,18.3333,synthetic
war_memorial,2026-08-21T14:45:00+00:00,241,1200,20.0833,synthetic
war_memorial,2026-08-21T15:00:00+00:00,254,1200,21.1667,synthetic
war_memorial,2026-08-21T15:15:00+00:00,256,1200,21.3333,synthetic
war_memorial,2026-08-21T15:30:00+00:00,303,1200,25.25,synthetic
war_memorial,2026-08-21T15:45:00+00:00,349,1200,29.0833,synthetic
war_memorial,2026-08-21T16:00:00+00:00,370,1200,30.8333,synthetic
war_memorial,2026-08-21T16:15:00+00:00,413,1200,34.4167,synthetic
war_memorial,2026-08-21T16:30:00+00:00,428,1200,35.6667,synthetic
war_memorial,2026-08-21T16:45:00+00:00,424,1200,35.3333,synthetic
war_memorial,2026-08-21T17:00:00+00:00,443,1200,36.9167,synthetic
war_memorial,2026-08-21T17:15:00+00:00,406,1200,33.8333,synthetic
war_memorial,2026-08-21T17:30:00+00:00,396,1200,33.0,synthetic
war_memorial,2026-08-21T17:45:00+00:00,353,1200,29.4167,synthetic
war_memorial,2026-08-21T18:00:00+00:00,304,1200,25.3333,synthetic
war_memorial,2026-08-21T18:15:00+00:00,256,1200,21.3333,synthetic
war_memorial,2026-08-21T18:30:00+00:00,272,1200,22.6667,synthetic
war_memorial,2026-08-21T18:45:00+00:00,254,1200,21.1667,synthetic
war_memorial,2026-08-21T19:00:00+00:00,242,1200,20.1667,synthetic
war_memorial,2026-08-21T19:15:00+00:00,247,1200,20.5833,synthetic
war_memorial,2026-08-21T19:30:00+00:00,223,1200,18.5833,synthetic
war_memorial,2026-08-21T19:45:00+00:00,286,1200,23.8333,synthetic
war_memorial,2026-08-21T20:00:00+00:00,274,1200,22.8333,synthetic
war_memorial,2026-08-21T20:15:00+00:00,378,1200,31.5,synthetic
war_memorial,2026-08-21T20:30:00+00:00,404,1200,33.6667,synthetic
war_memorial,2026-08-21T20:45:00+00:00,501,1200,41.75,synthetic
war_memorial,2026-08-21T21:00:00+00:00,560,1200,46.6667,synthetic
war_memorial,2026-08-21T21:15:00+00:00,626,1200,52.1667,synthetic
war_memorial,2026-08-21T21:30:00+00:00,683,1200,56.9167,synthetic
war_memorial,2026-08-21T21:45:00+00:00,763,1200,63.5833,synthetic
war_memorial,2026-08-21T22:00:00+00:00,745,1200,62.0833,synthetic
war_memorial,2026-08-21T22:15:00+00:00,806,1200,67.1667,synthetic
war_memorial,2026-08-21T22:30:00+00:00,810,1200,67.5,synthetic
war_memorial,2026-08-21T22:45:00+00:00,825,1200,68.75,synthetic
war_memorial,2026-08-21T23:00:00+00:00,790,1200,65.8333,synthetic
war_memorial,2026-08-21T23:15:00+00:00,773,1200,64.4167,synthetic
war_memorial,2026-08-21T23:30:00+00:00,710,1200,59.1667,synthetic
war_memorial,2026-08-21T23:45:00+00:00,664,1200,55.3333,synthetic
war_memorial,2026-08-22T00:00:00+00:00,602,1200,50.1667,synthetic
war_memorial,2026-08-22T00:15:00+00:00,538,1200,44.8333,synthetic
war_memorial,2026-08-22T00:30:00+00:00,467,1200,38.9167,synthetic
war_memorial,2026-08-22T00:45:00+00:00,387,1200,32.25,synthetic
war_memorial,2026-08-22T01:00:00+00:00,307,1200,25.5833,synthetic
war_memorial,2026-08-22T01:15:00+00:00,231,1200,19.25,synthetic
war_memorial,2026-08-22T01:30:00+00:00,170,1200,14.1667,synthetic
war_memorial,2026-08-22T01:45:00+00:00,151,1200,12.5833,synthetic
war_memorial,2026-08-22T02:00:00+00:00,149,1200,12.4167,synthetic
war_memorial,2026-08-22T02:15:00+00:00,118,1200,9.8333,synthetic
war_memorial,2026-08-22T02:30:00+00:00,106,1200,8.8333,synthetic
war_memorial,2026-08-22T02:45:00+00:00,67,1200,5.5833,synthetic
war_memorial,2026-08-22T03:00:00+00:00,55,1200,4.5833,synthetic
war_memorial,2026-08-22T03:15:00+00:00,47,1200,3.9167,synthetic
war_memorial,2026-08-22T03:30:00+00:00,66,1200,5.5,synthetic
war_memorial,2026-08-22T03:45:00+00:00,66,1200,5.5,synthetic
mccomas,2026-08-22T04:00:00+00:00,19,600,3.1667,synthetic
mccomas,2026-08-22T04:15:00+00:00,27,600,4.5,synthetic
mccomas,2026-08-22T04:30:00+00:00,29,600,4.8333,synthetic
mccomas,2026-08-22T04:45:00+00:00,37,600,6.1667,synthetic
mccomas,2026-08-22T05:00:00+00:00,40,600,6.6667,synthetic
mccomas,2026-08-22T05:15:00+00:00,52,600,8.6667,synthetic
mccomas,2026-08-22T05:30:00+00:00,52,600,8.6667,synthetic
mccomas,2026-08-22T05:45:00+00:00,39,600,6.5,synthetic
mccomas,2026-08-22T06:00:00+00:00,34,600,5.6667,synthetic
mccomas,2026-08-22T06:15:00+00:00,30,600,5.0,synthetic
mccomas,2026-08-22T06:30:00+00:00,14,600,2.3333,synthetic
mccomas,2026-08-22T06:45:00+00:00,13,600,2.1667,synthetic
mccomas,2026-08-22T07:00:00+00:00,26,600,4.3333,synthetic
mccomas,2026-08-22T07:15:00+00:00,14,600,2.3333,synthetic
mccomas,2026-08-22T07:30:00+00:00,34,600,5.6667,synthetic
mccomas,2026-08-22T07:45:00+00:00,18,600,3.0,synthetic
mccomas,2026-08-22T08:00:00+00:00,13,600,2.1667,synthetic
mccomas,2026-08-22T08:15:00+00:00,8,600,1.3333,synthetic
mccomas,2026-08-22T08:30:00+00:00,15,600,2.5,synthetic
mccomas,2026-08-22T08:45:00+00:00,19,600,3.1667,synthetic
mccomas,2026-08-22T09:00:00+00:00,40,600,6.6667,synthetic
mccomas,2026-08-22T09:15:00+00:00,19,600,3.1667,synthetic
mccomas,2026-08-22T09:30:00+00:00,42,600,7.0,synthetic
mccomas,2026-08-22T09:45:00+00:00,49,600,8.1667,synthetic
mccomas,2026-08-22T10:00:00+00:00,53,600,8.8333,synthetic
mccomas,2026-08-22T10:15:00+00:00,42,600,7.0,synthetic
mccomas,2026-08-22T10:30:00+00:00,52,600,8.6667,synthetic
mccomas,2026-08-22T10:45:00+00:00,34,600,5.6667,synthetic
mccomas,2026-08-22T11:00:00+00:00,41,600,6.8333,synthetic
mccomas,2026-08-22T11:15:00+00:00,44,600,7.3333,synthetic
mccomas,2026-08-22T11:30:00+00:00,57,600,9.5,synthetic
mccomas,2026-08-22T11:45:00+00:00,31,600,5.1667,synthetic
mccomas,2026-08-22T12:00:00+00:00,43,600,7.1667,synthetic
mccomas,2026-08-22T12:15:00+00:00,54,600,9.0,synthetic
mccomas,2026-08-22T12:30:00+00:00,61,600,10.1667,synthetic
mccomas,2026-08-22T12:45:00+00:00,74,600,12.3333,synthetic
mccomas,2026-08-22T13:00:00+00:00,93,600,15.5,synthetic
mccomas,2026-08-22T13:15:00+00:00,113,600,18.8333,synthetic
mccomas,2026-08-22T13:30:00+00:00,134,600,22.3333,synthetic
mccomas,2026-08-22T13:45:00+00:00,175,600,29.1667,synthetic
mccomas,2026-08-22T14:00:00+00:00,194,600,32.3333,synthetic
mccomas,2026-08-22T14:15:00+00:00,225,600,37.5,synthetic
mccomas,2026-08-22T14:30:00+00:00,237,600,39.5,synthetic
mccomas,2026-08-22T14:45:00+00:00,287,600,47.8333,synthetic
mccomas,2026-08-22T15:00:00+00:00,298,600,49.6667,synthetic
mccomas,2026-08-22T15:15:00+00:00,312,600,52.0,synthetic
mccomas,2026-08-22T15:30:00+00:00,307,600,51.1667,synthetic
mccomas,2026-08-22T15:45:00+00:00,316,600,52.6667,synthetic
mccomas,2026-08-22T16:00:00+00:00,303,600,50.5,synthetic
mccomas,2026-08-22T16:15:00+00:00,289,600,48.1667,synthetic
mccomas,2026-08-22T16:30:00+00:00,261,600,43.5,synthetic
mccomas,2026-08-22T16:45:00+00:00,255,600,42.5,synthetic
mccomas,2026-08-22T17:00:00+00:00,234,600,39.0,synthetic
mccomas,2026-08-22T17:15:00+00:00,227,600,37.8333,synthetic
mccomas,2026-08-22T17:30:00+00:00,213,600,35.5,synthetic
mccomas,2026-08-22T17:45:00+00:00,226,600,37.6667,synthetic
mccomas,2026-08-22T18:00:00+00:00,201,600,33.5,synthetic
mccomas,2026-08-22T18:15:00+00:00,213,600,35.5,synthetic
mccomas,2026-08-22T18:30:00+00:00,241,600,40.1667,synthetic
mccomas,2026-08-22T18:45:00+00:00,263,600,43.8333,synthetic
mccomas,2026-08-22T19:00:00+00:00,257,600,42.8333,synthetic
mccomas,2026-08-22T19:15:00+00:00,296,600,49.3333,synthetic
mccomas,2026-08-22T19:30:00+00:00,310,600,51.6667,synthetic
mccomas,2026-08-22T19:45:00+00:00,324,600,54.0,synthetic
mccomas,2026-08-22T20:00:00+00:00,348,600,58.0,synthetic
mccomas,2026-08-22T20:15:00+00:00,340,600,56.6667,synthetic
mccomas,2026-08-22T20:30:00+00:00,350,600,58.3333,synthetic
mccomas,2026-08-22T20:45:00+00:00,357,600,59.5,synthetic
mccomas,2026-08-22T21:00:00+00:00,336,600,56.0,synthetic
mccomas,2026-08-22T21:15:00+00:00,316,600,52.6667,synthetic
mccomas,2026-08-22T21:30:00+00:00,318,600,53.0,synthetic
mccomas,2026-08-22T21:45:00+00:00,301,600,50.1667,synthetic
mccomas,2026-08-22T22:00:00+00:00,256,600,42.6667,synthetic
mccomas,2026-08-22T22:15:00+00:00,241,600,40.1667,synthetic
mccomas,2026-08-22T22:30:00+00:00,211,600,35.1667,synthetic
mccomas,2026-08-22T22:45:00+00:00,177,600,29.5,synthetic
mccomas,2026-08-22T23:00:00+00:00,176,600,29.3333,synthetic
mccomas,2026-08-22T23:15:00+00:00,131,600,21.8333,synthetic
mccomas,2026-08-22T23:30:00+00:00,118,600,19.6667,synthetic
mccomas,2026-08-22T23:45:00+00:00,103,600,17.1667,synthetic
mccomas,2026-08-23T00:00:00+00:00,88,600,14.6667,synthetic
mccomas,2026-08-23T00:15:00+00:00,76,600,12.6667,synthetic
mccomas,2026-08-23T00:30:00+00:00,64,600,10.6667,synthetic
mccomas,2026-08-23T00:45:00+00:00,62,600,10.3333,synthetic
mccomas,2026-08-23T01:00:00+00:00,44,600,7.3333,synthetic
mccomas,2026-08-23T01:15:00+00:00,57,600,9.5,synthetic
mccomas,2026-08-23T01:30:00+00:00,51,600,8.5,synthetic
mccomas,2026-08-23T01:45:00+00:00,41,600,6.8333,synthetic
mccomas,2026-08-23T02:00:00+00:00,48,600,8.0,synthetic
mccomas,2026-08-23T02:15:00+00:00,32,600,5.3333,synthetic
mccomas,2026-08-23T02:30:00+00:00,35,600,5.8333,synthetic
mccomas,2026-08-23T02:45:00+00:00,15,600,2.5,synthetic
mccomas,2026-08-23T03:00:00+00:00,14,600,2.3333,synthetic
mccomas,2026-08-23T03:15:00+00:00,19,600,3.1667,synthetic
mccomas,2026-08-23T03:30:00+00:00,19,600,3.1667,synthetic
mccomas,2026-08-23T03:45:00+00:00,19,600,3.1667,synthetic
war_memorial,2026-08-22T04:00:00+00:00,3,1200,0.25,synthetic
war_memorial,2026-08-22T04:15:00+00:00,0,1200,0.0,synthetic
war_memorial,2026-08-22T04:30:00+00:00,0,1200,0.0,synthetic
war_memorial,2026-08-22T04:45:00+00:00,9,1200,0.75,synthetic
war_memorial,2026-08-22T05:00:00+00:00,49,1200,4.0833,synthetic
war_memorial,2026-08-22T05:15:00+00:00,24,1200,2.0,synthetic
war_memorial,2026-08-22T05:30:00+00:00,0,1200,0.0,synthetic
war_memorial,2026-08-22T05:45:00+00:00,0,1200,0.0,synthetic
war_memorial,2026-08-22T06:00:00+00:00,0,1200,0.0,synthetic
war_memorial,2026-08-22T06:15:00+00:00,0,1200,0.0,synthetic
war_memorial,2026-08-22T06:30:00+00:00,7,1200,0.5833,synthetic
war_memorial,2026-08-22T06:45:00+00:00,34,1200,2.8333,synthetic
war_memorial,2026-08-22T07:00:00+00:00,27,1200,2.25,synthetic
war_memorial,2026-08-22T07:15:00+00:00,63,1200,5.25,synthetic
war_memorial,2026-08-22T07:30:00+00:00,54,1200,4.5,synthetic
war_memorial,2026-08-22T07:45:00+00:00,41,1200,3.4167,synthetic
war_memorial,2026-08-22T08:00:00+00:00,36,1200,3.0,synthetic
war_memorial,2026-08-22T08:15:00+00:00,12,1200,1.0,synthetic
war_memorial,2026-08-22T08:30:00+00:00,34,1200,2.8333,synthetic
war_memorial,2026-08-22T08:45:00+00:00,0,1200,0.0,synthetic
war_memorial,2026-08-22T09:00:00+00:00,0,1200,0.0,synthetic
war_memorial,2026-08-22T09:15:00+00:00,0,1200,0.0,synthetic
war_memorial,2026-08-22T09:30:00+00:00,54,1200,4.5,synthetic
war_memorial,2026-08-22T09:45:00+00:00,50,1200,4.1667,synthetic
war_memorial,2026-08-22T10:00:00+00:00,7,1200,0.5833,synthetic
war_memorial,2026-08-22T10:15:00+00:00,17,1200,1.4167,synthetic
war_memorial,2026-08-22T10:30:00+00:00,32,1200,2.6667,synthetic
war_memorial,2026-08-22T10:45:00+00:00,33,1200,2.75,synthetic
war_memorial,2026-08-22T11:00:00+00:00,0,1200,0.0,synthetic
war_memorial,2026-08-22T11:15:00+00:00,6,1200,0.5,synthetic
war_memorial,2026-08-22T11:30:00+00:00,0,1200,0.0,synthetic
war_memorial,2026-08-22T11:45:00+00:00,0,1200,0.0,synthetic
war_memorial,2026-08-22T12:00:00+00:00,6,1200,0.5,synthetic
war_memorial,2026-08-22T12:15:00+00:00,28,1200,2.3333,synthetic
war_memorial,2026-08-22T12:30:00+00:00,64,1200,5.3333,synthetic
war_memorial,2026-08-22T12:45:00+00:00,73,1200,6.0833,synthetic
war_memorial,2026-08-22T13:00:00+00:00,123,1200,10.25,synthetic
war_memorial,2026-08-22T13:15:00+00:00,148,1200,12.3333,synthetic
war_memorial,2026-08-22T13:30:00+00:00,166,1200,13.8333,synthetic
war_memorial,2026-08-22T13:45:00+00:00,173,1200,14.4167,synthetic
war_memorial,2026-08-22T14:00:00+00:00,230,1200,19.1667,synthetic
war_memorial,2026-08-22T14:15:00+00:00,215,1200,17.9167,synthetic
war_memorial,2026-08-22T14:30:00+00:00,260,1200,21.6667,synthetic
war_memorial,2026-08-22T14:45:00+00:00,310,1200,25.8333,synthetic
war_memorial,2026-08-22T15:00:00+00:00,381,1200,31.75,synthetic
war_memorial,2026-08-22T15:15:00+00:00,441,1200,36.75,synthetic
war_memorial,2026-08-22T15:30:00+00:00,478,1200,39.8333,synthetic
war_memorial,2026-08-22T15:45:00+00:00,564,1200,47.0,synthetic
war_memorial,2026-08-22T16:00:00+00:00,594,1200,49.5,synthetic
war_memorial,2026-08-22T16:15:00+00:00,629,1200,52.4167,synthetic
war_memorial,2026-08-22T16:30:00+00:00,691,1200,57.5833,synthetic
war_memorial,2026-08-22T16:45:00+00:00,704,1200,58.6667,synthetic
war_memorial,2026-08-22T17:00:00+00:00,740,1200,61.6667,synthetic
war_memorial,2026-08-22T17:15:00+00:00,779,1200,64.9167,synthetic
war_memorial,2026-08-22T17:30:00+00:00,776,1200,64.6667,synthetic
war_memorial,2026-08-22T17:45:00+00:00,778,1200,64.8333,synthetic
war_memorial,2026-08-22T18:00:00+00:00,841,1200,70.0833,synthetic
war_memorial,2026-08-22T18:15:00+00:00,809,1200,67.4167,synthetic
war_memorial,2026-08-22T18:30:00+00:00,816,1200,68.0,synthetic
war_memorial,2026-08-22T18:45:00+00:00,781,1200,65.0833,synthetic
war_memorial,2026-08-22T19:00:00+00:00,799,1200,66.5833,synthetic
war_memorial,2026-08-22T19:15:00+00:00,811,1200,67.5833,synthetic
war_memorial,2026-08-22T19:30:00+00:00,781,1200,65.0833,synthetic
war_memorial,2026-08-22T19:45:00+00:00,736,1200,61.3333,synthetic
war_memorial,2026-08-22T20:00:00+00:00,709,1200,59.0833,synthetic
war_memorial,2026-08-22T20:15:00+00:00,632,1200,52.6667,synthetic
war_memorial,2026-08-22T20:30:00+00:00,564,1200,47.0,synthetic
war_memorial,2026-08-22T20:45:00+00:00,485,1200,40.4167,synthetic
war_memorial,2026-08-22T21:00:00+00:00,413,1200,34.4167,synthetic
war_memorial,2026-08-22T21:15:00+00:00,373,1200,31.0833,synthetic
war_memorial,2026-08-22T21:30:00+00:00,294,1200,24.5,synthetic
war_memorial,2026-08-22T21:45:00+00:00,248,1200,20.6667,synthetic
war_memorial,2026-08-22T22:00:00+00:00,199,1200,16.5833,synthetic
war_memorial,2026-08-22T22:15:00+00:00,163,1200,13.5833,synthetic
war_memorial,2026-08-22T22:30:00+00:00,88,1200,7.3333,synthetic
war_memorial,2026-08-22T22:45:00+00:00,82,1200,6.8333,synthetic
war_memorial,2026-08-22T23:00:00+00:00,74,1200,6.1667,synthetic
war_memorial,2026-08-22T23:15:00+00:00,22,1200,1.8333,synthetic
war_memorial,2026-08-22T23:30:00+00:00,0,1200,0.0,synthetic
war_memorial,2026-08-22T23:45:00+00:00,0,1200,0.0,synthetic
war_memorial,2026-08-23T00:00:00+00:00,0,1200,0.0,synthetic
war_memorial,2026-08-23T00:15:00+00:00,0,1200,0.0,synthetic
war_memorial,2026-08-23T00:30:00+00:00,0,1200,0.0,synthetic
war_memorial,2026-08-23T00:45:00+00:00,0,1200,0.0,synthetic
war_memorial,2026-08-23T01:00:00+00:00,0,1200,0.0,synthetic
war_memorial,2026-08-23T01:15:00+00:00,0,1200,0.0,synthetic
war_memorial,2026-08-23T01:30:00+00:00,4,1200,0.3333,synthetic
war_memorial,2026-08-23T01:45:00+00:00,0,1200,0.0,synthetic
war_memorial,2026-08-23T02:00:00+00:00,6,1200,0.5,synthetic
war_memorial,2026-08-23T02:15:00+00:00,1,1200,0.0833,synthetic
war_memorial,2026-08-23T02:30:00+00:00,0,1200,0.0,synthetic
war_memorial,2026-08-23T02:45:00+00:00,16,1200,1.3333,synthetic
war_memorial,2026-08-23T03:00:00+00:00,0,1200,0.0,synthetic
war_memorial,2026-08-23T03:15:00+00:00,40,1200,3.3333,synthetic
war_memorial,2026-08-23T03:30:00+00:00,39,1200,3.25,synthetic
war_memorial,2026-08-23T03:45:00+00:00,64,1200,5.3333,synthetic
mccomas,2026-08-23T04:00:00+00:00,38,600,6.3333,synthetic
mccomas,2026-08-23T04:15:00+00:00,36,600,6.0,synthetic
mccomas,2026-08-23T04:30:00+00:00,37,600,6.1667,synthetic
mccomas,2026-08-23T04:45:00+00:00,16,600,2.6667,synthetic
mccomas,2026-08-23T05:00:00+00:00,21,600,3.5,synthetic
mccomas,2026-08-23T05:15:00+00:00,20,600,3.3333,synthetic
mccomas,2026-08-23T05:30:00+00:00,13,600,2.1667,synthetic
mccomas,2026-08-23T05:45:00+00:00,21,600,3.5,synthetic
mccomas,2026-08-23T06:00:00+00:00,9,600,1.5,synthetic
mccomas,2026-08-23T06:15:00+00:00,25,600,4.1667,synthetic
mccomas,2026-08-23T06:30:00+00:00,47,600,7.8333,synthetic
mccomas,2026-08-23T06:45:00+00:00,30,600,5.0,synthetic
mccomas,2026-08-23T07:00:00+00:00,26,600,4.3333,synthetic
mccomas,2026-08-23T07:15:00+00:00,25,600,4.1667,synthetic
mccomas,2026-08-23T07:30:00+00:00,45,600,7.5,synthetic
mccomas,2026-08-23T07:45:00+00:00,35,600,5.8333,synthetic
mccomas,2026-08-23T08:00:00+00:00,35,600,5.8333,synthetic
mccomas,2026-08-23T08:15:00+00:00,23,600,3.8333,synthetic
mccomas,2026-08-23T08:30:00+00:00,32,600,5.3333,synthetic
mccomas,2026-08-23T08:45:00+00:00,17,600,2.8333,synthetic
mccomas,2026-08-23T09:00:00+00:00,28,600,4.6667,synthetic
mccomas,2026-08-23T09:15:00+00:00,42,600,7.0,synthetic
mccomas,2026-08-23T09:30:00+00:00,31,600,5.1667,synthetic
mccomas,2026-08-23T09:45:00+00:00,8,600,1.3333,synthetic
mccomas,2026-08-23T10:00:00+00:00,4,600,0.6667,synthetic
mccomas,2026-08-23T10:15:00+00:00,2,600,0.3333,synthetic
mccomas,2026-08-23T10:30:00+00:00,15,600,2.5,synthetic
mccomas,2026-08-23T10:45:00+00:00,8,600,1.3333,synthetic
mccomas,2026-08-23T11:00:00+00:00,2,600,0.3333,synthetic
mccomas,2026-08-23T11:15:00+00:00,23,600,3.8333,synthetic
mccomas,2026-08-23T11:30:00+00:00,20,600,3.3333,synthetic
mccomas,2026-08-23T11:45:00+00:00,24,600,4.0,synthetic
mccomas,2026-08-23T12:00:00+00:00,25,600,4.1667,synthetic
mccomas,2026-08-23T12:15:00+00:00,29,600,4.8333,synthetic
mccomas,2026-08-23T12:30:00+00:00,58,600,9.6667,synthetic
mccomas,2026-08-23T12:45:00+00:00,48,600,8.0,synthetic
mccomas,2026-08-23T13:00:00+00:00,78,600,13.0,synthetic
mccomas,2026-08-23T13:15:00+00:00,109,600,18.1667,synthetic
mccomas,2026-08-23T13:30:00+00:00,143,600,23.8333,synthetic
mccomas,2026-08-23T13:45:00+00:00,163,600,27.1667,synthetic
mccomas,2026-08-23T14:00:00+00:00,187,600,31.1667,synthetic
mccomas,2026-08-23T14:15:00+00:00,218,600,36.3333,synthetic
mccomas,2026-08-23T14:30:00+00:00,238,600,39.6667,synthetic
mccomas,2026-08-23T14:45:00+00:00,256,600,42.6667,synthetic
mccomas,2026-08-23T15:00:00+00:00,291,600,48.5,synthetic
mccomas,2026-08-23T15:15:00+00:00,295,600,49.1667,synthetic
mccomas,2026-08-23T15:30:00+00:00,304,600,50.6667,synthetic
mccomas,2026-08-23T15:45:00+00:00,289,600,48.1667,synthetic
mccomas,2026-08-23T16:00:00+00:00,277,600,46.1667,synthetic
mccomas,2026-08-23T16:15:00+00:00,278,600,46.3333,synthetic
mccomas,2026-08-23T16:30:00+00:00,258,600,43.0,synthetic
mccomas,2026-08-23T16:45:00+00:00,228,600,38.0,synthetic
mccomas,2026-08-23T17:00:00+00:00,213,600,35.5,synthetic
mccomas,2026-08-23T17:15:00+00:00,199,600,33.1667,synthetic
mccomas,2026-08-23T17:30:00+00:00,193,600,32.1667,synthetic
mccomas,2026-08-23T17:45:00+00:00,197,600,32.8333,synthetic
mccomas,2026-08-23T18:00:00+00:00,189,600,31.5,synthetic
mccomas,2026-08-23T18:15:00+00:00,219,600,36.5,synthetic
mccomas,2026-08-23T18:30:00+00:00,224,600,37.3333,synthetic
mccomas,2026-08-23T18:45:00+00:00,263,600,43.8333,synthetic
mccomas,2026-08-23T19:00:00+00:00,278,600,46.3333,synthetic
mccomas,2026-08-23T19:15:00+00:00,302,600,50.3333,synthetic
mccomas,2026-08-23T19:30:00+00:00,292,600,48.6667,synthetic
mccomas,2026-08-23T19:45:00+00:00,313,600,52.1667,synthetic
mccomas,2026-08-23T20:00:00+00:00,344,600,57.3333,synthetic
mccomas,2026-08-23T20:15:00+00:00,335,600,55.8333,synthetic
mccomas,2026-08-23T20:30:00+00:00,339,600,56.5,synthetic
mccomas,2026-08-23T20:45:00+00:00,320,600,53.3333,synthetic
mccomas,2026-08-23T21:00:00+00:00,312,600,52.0,synthetic
mccomas,2026-08-23T21:15:00+00:00,301,600,50.1667,synthetic
mccomas,2026-08-23T21:30:00+00:00,285,600,47.5,synthetic
mccomas,2026-08-23T21:45:00+00:00,249,600,41.5,synthetic
mccomas,2026-08-23T22:00:00+00:00,234,600,39.0,synthetic
mccomas,2026-08-23T22:15:00+00:00,214,600,35.6667,synthetic
mccomas,2026-08-23T22:30:00+00:00,159,600,26.5,synthetic
mccomas,2026-08-23T22:45:00+00:00,148,600,24.6667,synthetic
mccomas,2026-08-23T23:00:00+00:00,141,600,23.5,synthetic
mccomas,2026-08-23T23:15:00+00:00,110,600,18.3333,synthetic
mccomas,2026-08-23T23:30:00+00:00,108,600,18.0,synthetic
mccomas,2026-08-23T23:45:00+00:00,72,600,12.0,synthetic
mccomas,2026-08-24T00:00:00+00:00,50,600,8.3333,synthetic
mccomas,2026-08-24T00:15:00+00:00,48,600,8.0,synthetic
mccomas,2026-08-24T00:30:00+00:00,27,600,4.5,synthetic
mccomas,2026-08-24T00:45:00+00:00,38,600,6.3333,synthetic
mccomas,2026-08-24T01:00:00+00:00,29,600,4.8333,synthetic
mccomas,2026-08-24T01:15:00+00:00,23,600,3.8333,synthetic
mccomas,2026-08-24T01:30:00+00:00,30,600,5.0,synthetic
mccomas,2026-08-24T01:45:00+00:00,37,600,6.1667,synthetic
mccomas,2026-08-24T02:00:00+00:00,18,600,3.0,synthetic
mccomas,2026-08-24T02:15:00+00:00,0,600,0.0,synthetic
mccomas,2026-08-24T02:30:00+00:00,0,600,0.0,synthetic
mccomas,2026-08-24T02:45:00+00:00,4,600,0.6667,synthetic
mccomas,2026-08-24T03:00:00+00:00,10,600,1.6667,synthetic
mccomas,2026-08-24T03:15:00+00:00,5,600,0.8333,synthetic
mccomas,2026-08-24T03:30:00+00:00,33,600,5.5,synthetic
mccomas,2026-08-24T03:45:00+00:00,18,600,3.0,synthetic
war_memorial,2026-08-23T04:00:00+00:00,69,1200,5.75,synthetic
war_memorial,2026-08-23T04:15:00+00:00,82,1200,6.8333,synthetic
war_memorial,2026-08-23T04:30:00+00:00,79,1200,6.5833,synthetic
war_memorial,2026-08-23T04:45:00+00:00,70,1200,5.8333,synthetic
war_memorial,2026-08-23T05:00:00+00:00,78,1200,6.5,synthetic
war_memorial,2026-08-23T05:15:00+00:00,74,1200,6.1667,synthetic
war_memorial,2026-08-23T05:30:00+00:00,97,1200,8.0833,synthetic
war_memorial,2026-08-23T05:45:00+00:00,108,1200,9.0,synthetic
war_memorial,2026-08-23T06:00:00+00:00,120,1200,10.0,synthetic
war_memorial,2026-08-23T06:15:00+00:00,134,1200,11.1667,synthetic
war_memorial,2026-08-23T06:30:00+00:00,161,1200,13.4167,synthetic
war_memorial,2026-08-23T06:45:00+00:00,171,1200,14.25,synthetic
war_memorial,2026-08-23T07:00:00+00:00,165,1200,13.75,synthetic
war_memorial,2026-08-23T07:15:00+00:00,134,1200,11.1667,synthetic
war_memorial,2026-08-23T07:30:00+00:00,137,1200,11.4167,synthetic
war_memorial,2026-08-23T07:45:00+00:00,107,1200,8.9167,synthetic
war_memorial,2026-08-23T08:00:00+00:00,137,1200,11.4167,synthetic
war_memorial,2026-08-23T08:15:00+00:00,102,1200,8.5,synthetic
war_memorial,2026-08-23T08:30:00+00:00,105,1200,8.75,synthetic
war_memorial,2026-08-23T08:45:00+00:00,96,1200,8.0,synthetic
war_memorial,2026-08-23T09:00:00+00:00,138,1200,11.5,synthetic
war_memorial,2026-08-23T09:15:00+00:00,112,1200,9.3333,synthetic
war_memorial,2026-08-23T09:30:00+00:00,161,1200,13.4167,synthetic
war_memorial,2026-08-23T09:45:00+00:00,125,1200,10.4167,synthetic
war_memorial,2026-08-23T10:00:00+00:00,96,1200,8.0,synthetic
war_memorial,2026-08-23T10:15:00+00:00,126,1200,10.5,synthetic
war_memorial,2026-08-23T10:30:00+00:00,105,1200,8.75,synthetic
war_memorial,2026-08-23T10:45:00+00:00,98,1200,8.1667,synthetic
war_memorial,2026-08-23T11:00:00+00:00,81,1200,6.75,synthetic
war_memorial,2026-08-23T11:15:00+00:00,91,1200,7.5833,synthetic
war_memorial,2026-08-23T11:30:00+00:00,107,1200,8.9167,synthetic
war_memorial,2026-08-23T11:45:00+00:00,105,1200,8.75,synthetic
war_memorial,2026-08-23T12:00:00+00:00,100,1200,8.3333,synthetic
war_memorial,2026-08-23T12:15:00+00:00,104,1200,8.6667,synthetic
war_memorial,2026-08-23T12:30:00+00:00,116,1200,9.6667,synthetic
war_memorial,2026-08-23T12:45:00+00:00,135,1200,11.25,synthetic
war_memorial,2026-08-23T13:00:00+00:00,127,1200,10.5833,synthetic
war_memorial,2026-08-23T13:15:00+00:00,171,1200,14.25,synthetic
war_memorial,2026-08-23T13:30:00+00:00,189,1200,15.75,synthetic
war_memorial,2026-08-23T13:45:00+00:00,193,1200,16.0833,synthetic
war_memorial,2026-08-23T14:00:00+00:00,216,1200,18.0,synthetic
war_memorial,2026-08-23T14:15:00+00:00,294,1200,24.5,synthetic
war_memorial,2026-08-23T14:30:00+00:00,344,1200,28.6667,synthetic
war_memorial,2026-08-23T14:45:00+00:00,418,1200,34.8333,synthetic
war_memorial,2026-08-23T15:00:00+00:00,463,1200,38.5833,synthetic
war_memorial,2026-08-23T15:15:00+00:00,505,1200,42.0833,synthetic
war_memorial,2026-08-23T15:30:00+00:00,564,1200,47.0,synthetic
war_memorial,2026-08-23T15:45:00+00:00,633,1200,52.75,synthetic
war_memorial,2026-08-23T16:00:00+00:00,658,1200,54.8333,synthetic
war_memorial,2026-08-23T16:15:00+00:00,669,1200,55.75,synthetic
war_memorial,2026-08-23T16:30:00+00:00,715,1200,59.5833,synthetic
war_memorial,2026-08-23T16:45:00+00:00,707,1200,58.9167,synthetic
war_memorial,2026-08-23T17:00:00+00:00,757,1200,63.0833,synthetic
war_memorial,2026-08-23T17:15:00+00:00,790,1200,65.8333,synthetic
war_memorial,2026-08-23T17:30:00+00:00,822,1200,68.5,synthetic
war_memorial,2026-08-23T17:45:00+00:00,823,1200,68.5833,synthetic
war_memorial,2026-08-23T18:00:00+00:00,806,1200,67.1667,synthetic
war_memorial,2026-08-23T18:15:00+00:00,800,1200,66.6667,synthetic
war_memorial,2026-08-23T18:30:00+00:00,837,1200,69.75,synthetic
war_memorial,2026-08-23T18:45:00+00:00,822,1200,68.5,synthetic
war_memorial,2026-08-23T19:00:00+00:00,851,1200,70.9167,synthetic
war_memorial,2026-08-23T19:15:00+00:00,819,1200,68.25,synthetic
war_memorial,2026-08-23T19:30:00+00:00,807,1200,67.25,synthetic
war_memorial,2026-08-23T19:45:00+00:00,796,1200,66.3333,synthetic
war_memorial,2026-08-23T20:00:00+00:00,760,1200,63.3333,synthetic
war_memorial,2026-08-23T20:15:00+00:00,712,1200,59.3333,synthetic
war_memorial,2026-08-23T20:30:00+00:00,668,1200,55.6667,synthetic
war_memorial,2026-08-23T20:45:00+00:00,616,1200,51.3333,synthetic
war_memorial,2026-08-23T21:00:00+00:00,567,1200,47.25,synthetic
war_memorial,2026-08-23T21:15:00+00:00,443,1200,36.9167,synthetic
war_memorial,2026-08-23T21:30:00+00:00,411,1200,34.25,synthetic
war_memorial,2026-08-23T21:45:00+00:00,344,1200,28.6667,synthetic
war_memorial,2026-08-23T22:00:00+00:00,298,1200,24.8333,synthetic
war_memorial,2026-08-23T22:15:00+00:00,220,1200,18.3333,synthetic
war_memorial,2026-08-23T22:30:00+00:00,181,1200,15.0833,synthetic
war_memorial,2026-08-23T22:45:00+00:00,153,1200,12.75,synthetic
war_memorial,2026-08-23T23:00:00+00:00,116,1200,9.6667,synthetic
war_memorial,2026-08-23T23:15:00+00:00,114,1200,9.5,synthetic
war_memorial,2026-08-23T23:30:00+00:00,68,1200,5.6667,synthetic
war_memorial,2026-08-23T23:45:00+00:00,114,1200,9.5,synthetic
war_memorial,2026-08-24T00:00:00+00:00,87,1200,7.25,synthetic
war_memorial,2026-08-24T00:15:00+00:00,122,1200,10.1667,synthetic
war_memorial,2026-08-24T00:30:00+00:00,111,1200,9.25,synthetic
war_memorial,2026-08-24T00:45:00+00:00,81,1200,6.75,synthetic
war_memorial,2026-08-24T01:00:00+00:00,85,1200,7.0833,synthetic
war_memorial,2026-08-24T01:15:00+00:00,71,1200,5.9167,synthetic
war_memorial,2026-08-24T01:30:00+00:00,94,1200,7.8333,synthetic
war_memorial,2026-08-24T01:45:00+00:00,89,1200,7.4167,synthetic
war_memorial,2026-08-24T02:00:00+00:00,87,1200,7.25,synthetic
war_memorial,2026-08-24T02:15:00+00:00,76,1200,6.3333,synthetic
war_memorial,2026-08-24T02:30:00+00:00,75,1200,6.25,synthetic
war_memorial,2026-08-24T02:45:00+00:00,83,1200,6.9167,synthetic
war_memorial,2026-08-24T03:00:00+00:00,89,1200,7.4167,synthetic
war_memorial,2026-08-24T03:15:00+00:00,78,1200,6.5,synthetic
war_memorial,2026-08-24T03:30:00+00:00,80,1200,6.6667,synthetic
war_memorial,2026-08-24T03:45:00+00:00,71,1200,5.9167,synthetic
mccomas,2026-08-24T04:00:00+00:00,32,600,5.3333,synthetic
mccomas,2026-08-24T04:15:00+00:00,45,600,7.5,synthetic
mccomas,2026-08-24T04:30:00+00:00,51,600,8.5,synthetic
mccomas,2026-08-24T04:45:00+00:00,44,600,7.3333,synthetic
mccomas,2026-08-24T05:00:00+00:00,47,600,7.8333,synthetic
mccomas,2026-08-24T05:15:00+00:00,55,600,9.1667,synthetic
mccomas,2026-08-24T05:30:00+00:00,38,600,6.3333,synthetic
mccomas,2026-08-24T05:45:00+00:00,53,600,8.8333,synthetic
mccomas,2026-08-24T06:00:00+00:00,60,600,10.0,synthetic
mccomas,2026-08-24T06:15:00+00:00,54,600,9.0,synthetic
mccomas,2026-08-24T06:30:00+00:00,45,600,7.5,synthetic
mccomas,2026-08-24T06:45:00+00:00,50,600,8.3333,synthetic
mccomas,2026-08-24T07:00:00+00:00,55,600,9.1667,synthetic
mccomas,2026-08-24T07:15:00+00:00,51,600,8.5,synthetic
mccomas,2026-08-24T07:30:00+00:00,43,600,7.1667,synthetic
mccomas,2026-08-24T07:45:00+00:00,62,600,10.3333,synthetic
mccomas,2026-08-24T08:00:00+00:00,54,600,9.0,synthetic
mccomas,2026-08-24T08:15:00+00:00,57,600,9.5,synthetic
mccomas,2026-08-24T08:30:00+00:00,78,600,13.0,synthetic
mccomas,2026-08-24T08:45:00+00:00,62,600,10.3333,synthetic
mccomas,2026-08-24T09:00:00+00:00,72,600,12.0,synthetic
mccomas,2026-08-24T09:15:00+00:00,61,600,10.1667,synthetic
mccomas,2026-08-24T09:30:00+00:00,59,600,9.8333,synthetic
mccomas,2026-08-24T09:45:00+00:00,80,600,13.3333,synthetic
mccomas,2026-08-24T10:00:00+00:00,80,600,13.3333,synthetic
mccomas,2026-08-24T10:15:00+00:00,88,600,14.6667,synthetic
mccomas,2026-08-24T10:30:00+00:00,120,600,20.0,synthetic
mccomas,2026-08-24T10:45:00+00:00,134,600,22.3333,synthetic
mccomas,2026-08-24T11:00:00+00:00,151,600,25.1667,synthetic
mccomas,2026-08-24T11:15:00+00:00,171,600,28.5,synthetic
mccomas,2026-08-24T11:30:00+00:00,192,600,32.0,synthetic
mccomas,2026-08-24T11:45:00+00:00,183,600,30.5,synthetic
mccomas,2026-08-24T12:00:00+00:00,189,600,31.5,synthetic
mccomas,2026-08-24T12:15:00+00:00,166,600,27.6667,synthetic
mccomas,2026-08-24T12:30:00+00:00,154,600,25.6667,synthetic
mccomas,2026-08-24T12:45:00+00:00,150,600,25.0,synthetic
mccomas,2026-08-24T13:00:00+00:00,128,600,21.3333,synthetic
mccomas,2026-08-24T13:15:00+00:00,109,600,18.1667,synthetic
mccomas,2026-08-24T13:30:00+00:00,116,600,19.3333,synthetic
mccomas,2026-08-24T13:45:00+00:00,130,600,21.6667,synthetic
mccomas,2026-08-24T14:00:00+00:00,133,600,22.1667,synthetic
mccomas,2026-08-24T14:15:00+00:00,129,600,21.5,synthetic
mccomas,2026-08-24T14:30:00+00:00,144,600,24.0,synthetic
mccomas,2026-08-24T14:45:00+00:00,153,600,25.5,synthetic
mccomas,2026-08-24T15:00:00+00:00,177,600,29.5,synthetic
mccomas,2026-08-24T15:15:00+00:00,188,600,31.3333,synthetic
mccomas,2026-08-24T15:30:00+00:00,200,600,33.3333,synthetic
mccomas,2026-08-24T15:45:00+00:00,210,600,35.0,synthetic
mccomas,2026-08-24T16:00:00+00:00,218,600,36.3333,synthetic
mccomas,2026-08-24T16:15:00+00:00,216,600,36.0,synthetic
mccomas,2026-08-24T16:30:00+00:00,208,600,34.6667,synthetic
mccomas,2026-08-24T16:45:00+00:00,209,600,34.8333,synthetic
mccomas,2026-08-24T17:00:00+00:00,211,600,35.1667,synthetic
mccomas,2026-08-24T17:15:00+00:00,201,600,33.5,synthetic
mccomas,2026-08-24T17:30:00+00:00,197,600,32.8333,synthetic
mccomas,2026-08-24T17:45:00+00:00,187,600,31.1667,synthetic
mccomas,2026-08-24T18:00:00+00:00,205,600,34.1667,synthetic
mccomas,2026-08-24T18:15:00+00:00,202,600,33.6667,synthetic
mccomas,2026-08-24T18:30:00+00:00,208,600,34.6667,synthetic
mccomas,2026-08-24T18:45:00+00:00,212,600,35.3333,synthetic
mccomas,2026-08-24T19:00:00+00:00,245,600,40.8333,synthetic
mccomas,2026-08-24T19:15:00+00:00,257,600,42.8333,synthetic
mccomas,2026-08-24T19:30:00+00:00,276,600,46.0,synthetic
mccomas,2026-08-24T19:45:00+00:00,294,600,49.0,synthetic
mccomas,2026-08-24T20:00:00+00:00,345,600,57.5,synthetic
mccomas,2026-08-24T20:15:00+00:00,368,600,61.3333,synthetic
mccomas,2026-08-24T20:30:00+00:00,396,600,66.0,synthetic
mccomas,2026-08-24T20:45:00+00:00,421,600,70.1667,synthetic
mccomas,2026-08-24T21:00:00+00:00,453,600,75.5,synthetic
mccomas,2026-08-24T21:15:00+00:00,457,600,76.1667,synthetic
mccomas,2026-08-24T21:30:00+00:00,448,600,74.6667,synthetic
mccomas,2026-08-24T21:45:00+00:00,461,600,76.8333,synthetic
mccomas,2026-08-24T22:00:00+00:00,431,600,71.8333,synthetic
mccomas,2026-08-24T22:15:00+00:00,398,600,66.3333,synthetic
mccomas,2026-08-24T22:30:00+00:00,384,600,64.0,synthetic
mccomas,2026-08-24T22:45:00+00:00,362,600,60.3333,synthetic
mccomas,2026-08-24T23:00:00+00:00,322,600,53.6667,synthetic
mccomas,2026-08-24T23:15:00+00:00,296,600,49.3333,synthetic
mccomas,2026-08-24T23:30:00+00:00,265,600,44.1667,synthetic
mccomas,2026-08-24T23:45:00+00:00,235,600,39.1667,synthetic
mccomas,2026-08-25T00:00:00+00:00,210,600,35.0,synthetic
mccomas,2026-08-25T00:15:00+00:00,178,600,29.6667,synthetic
mccomas,2026-08-25T00:30:00+00:00,166,600,27.6667,synthetic
mccomas,2026-08-25T00:45:00+00:00,119,600,19.8333,synthetic
mccomas,2026-08-25T01:00:00+00:00,97,600,16.1667,synthetic
mccomas,2026-08-25T01:15:00+00:00,90,600,15.0,synthetic
mccomas,2026-08-25T01:30:00+00:00,78,600,13.0,synthetic
mccomas,2026-08-25T01:45:00+00:00,57,600,9.5,synthetic
mccomas,2026-08-25T02:00:00+00:00,44,600,7.3333,synthetic
mccomas,2026-08-25T02:15:00+00:00,51,600,8.5,synthetic
mccomas,2026-08-25T02:30:00+00:00,38,600,6.3333,synthetic
mccomas,2026-08-25T02:45:00+00:00,49,600,8.1667,synthetic
mccomas,2026-08-25T03:00:00+00:00,57,600,9.5,synthetic
mccomas,2026-08-25T03:15:00+00:00,37,600,6.1667,synthetic
mccomas,2026-08-25T03:30:00+00:00,57,600,9.5,synthetic
mccomas,2026-08-25T03:45:00+00:00,46,600,7.6667,synthetic
war_memorial,2026-08-24T04:00:00+00:00,49,1200,4.0833,synthetic
war_memorial,2026-08-24T04:15:00+00:00,68,1200,5.6667,synthetic
war_memorial,2026-08-24T04:30:00+00:00,36,1200,3.0,synthetic
war_memorial,2026-08-24T04:45:00+00:00,53,1200,4.4167,synthetic
war_memorial,2026-08-24T05:00:00+00:00,74,1200,6.1667,synthetic
war_memorial,2026-08-24T05:15:00+00:00,54,1200,4.5,synthetic
war_memorial,2026-08-24T05:30:00+00:00,71,1200,5.9167,synthetic
war_memorial,2026-08-24T05:45:00+00:00,78,1200,6.5,synthetic
war_memorial,2026-08-24T06:00:00+00:00,107,1200,8.9167,synthetic
war_memorial,2026-08-24T06:15:00+00:00,126,1200,10.5,synthetic
war_memorial,2026-08-24T06:30:00+00:00,92,1200,7.6667,synthetic
war_memorial,2026-08-24T06:45:00+00:00,100,1200,8.3333,synthetic
war_memorial,2026-08-24T07:00:00+00:00,89,1200,7.4167,synthetic
war_memorial,2026-08-24T07:15:00+00:00,63,1200,5.25,synthetic
war_memorial,2026-08-24T07:30:00+00:00,49,1200,4.0833,synthetic
war_memorial,2026-08-24T07:45:00+00:00,57,1200,4.75,synthetic
war_memorial,2026-08-24T08:00:00+00:00,49,1200,4.0833,synthetic
war_memorial,2026-08-24T08:15:00+00:00,42,1200,3.5,synthetic
war_memorial,2026-08-24T08:30:00+00:00,62,1200,5.1667,synthetic
war_memorial,2026-08-24T08:45:00+00:00,51,1200,4.25,synthetic
war_memorial,2026-08-24T09:00:00+00:00,78,1200,6.5,synthetic
war_memorial,2026-08-24T09:15:00+00:00,92,1200,7.6667,synthetic
war_memorial,2026-08-24T09:30:00+00:00,84,1200,7.0,synthetic
war_memorial,2026-08-24T09:45:00+00:00,118,1200,9.8333,synthetic
war_memorial,2026-08-24T10:00:00+00:00,138,1200,11.5,synthetic
war_memorial,2026-08-24T10:15:00+00:00,139,1200,11.5833,synthetic
war_memorial,2026-08-24T10:30:00+00:00,193,1200,16.0833,synthetic
war_memorial,2026-08-24T10:45:00+00:00,247,1200,20.5833,synthetic
war_memorial,2026-08-24T11:00:00+00:00,237,1200,19.75,synthetic
war_memorial,2026-08-24T11:15:00+00:00,277,1200,23.0833,synthetic
war_memorial,2026-08-24T11:30:00+00:00,365,1200,30.4167,synthetic
war_memorial,2026-08-24T11:45:00+00:00,398,1200,33.1667,synthetic
war_memorial,2026-08-24T12:00:00+00:00,392,1200,32.6667,synthetic
war_memorial,2026-08-24T12:15:00+00:00,352,1200,29.3333,synthetic
war_memorial,2026-08-24T12:30:00+00:00,370,1200,30.8333,synthetic
war_memorial,2026-08-24T12:45:00+00:00,357,1200,29.75,synthetic
war_memorial,2026-08-24T13:00:00+00:00,280,1200,23.3333,synthetic
war_memorial,2026-08-24T13:15:00+00:00,252,1200,21.0,synthetic
war_memorial,2026-08-24T13:30:00+00:00,198,1200,16.5,synthetic
war_memorial,2026-08-24T13:45:00+00:00,227,1200,18.9167,synthetic
war_memorial,2026-08-24T14:00:00+00:00,226,1200,18.8333,synthetic
war_memorial,2026-08-24T14:15:00+00:00,215,1200,17.9167,synthetic
war_memorial,2026-08-24T14:30:00+00:00,237,1200,19.75,synthetic
war_memorial,2026-08-24T14:45:00+00:00,253,1200,21.0833,synthetic
war_memorial,2026-08-24T15:00:00+00:00,297,1200,24.75,synthetic
war_memorial,2026-08-24T15:15:00+00:00,306,1200,25.5,synthetic
war_memorial,2026-08-24T15:30:00+00:00,353,1200,29.4167,synthetic
war_memorial,2026-08-24T15:45:00+00:00,416,1200,34.6667,synthetic
war_memorial,2026-08-24T16:00:00+00:00,392,1200,32.6667,synthetic
war_memorial,2026-08-24T16:15:00+00:00,413,1200,34.4167,synthetic
war_memorial,2026-08-24T16:30:00+00:00,373,1200,31.0833,synthetic
war_memorial,2026-08-24T16:45:00+00:00,368,1200,30.6667,synthetic
war_memorial,2026-08-24T17:00:00+00:00,384,1200,32.0,synthetic
war_memorial,2026-08-24T17:15:00+00:00,371,1200,30.9167,synthetic
war_memorial,2026-08-24T17:30:00+00:00,332,1200,27.6667,synthetic
war_memorial,2026-08-24T17:45:00+00:00,316,1200,26.3333,synthetic
war_memorial,2026-08-24T18:00:00+00:00,264,1200,22.0,synthetic
war_memorial,2026-08-24T18:15:00+00:00,239,1200,19.9167,synthetic
war_memorial,2026-08-24T18:30:00+00:00,256,1200,21.3333,synthetic
war_memorial,2026-08-24T18:45:00+00:00,199,1200,16.5833,synthetic
war_memorial,2026-08-24T19:00:00+00:00,160,1200,13.3333,synthetic
war_memorial,2026-08-24T19:15:00+00:00,208,1200,17.3333,synthetic
war_memorial,2026-08-24T19:30:00+00:00,231,1200,19.25,synthetic
war_memorial,2026-08-24T19:45:00+00:00,236,1200,19.6667,synthetic
war_memorial,2026-08-24T20:00:00+00:00,308,1200,25.6667,synthetic
war_memorial,2026-08-24T20:15:00+00:00,397,1200,33.0833,synthetic
war_memorial,2026-08-24T20:30:00+00:00,461,1200,38.4167,synthetic
war_memorial,2026-08-24T20:45:00+00:00,532,1200,44.3333,synthetic
war_memorial,2026-08-24T21:00:00+00:00,619,1200,51.5833,synthetic
war_memorial,2026-08-24T21:15:00+00:00,671,1200,55.9167,synthetic
war_memorial,2026-08-24T21:30:00+00:00,734,1200,61.1667,synthetic
war_memorial,2026-08-24T21:45:00+00:00,822,1200,68.5,synthetic
war_memorial,2026-08-24T22:00:00+00:00,836,1200,69.6667,synthetic
war_memorial,2026-08-24T22:15:00+00:00,850,1200,70.8333,synthetic
war_memorial,2026-08-24T22:30:00+00:00,867,1200,72.25,synthetic
war_memorial,2026-08-24T22:45:00+00:00,834,1200,69.5,synthetic
war_memorial,2026-08-24T23:00:00+00:00,820,1200,68.3333,synthetic
war_memorial,2026-08-24T23:15:00+00:00,765,1200,63.75,synthetic
war_memorial,2026-08-24T23:30:00+00:00,731,1200,60.9167,synthetic
war_memorial,2026-08-24T23:45:00+00:00,677,1200,56.4167,synthetic
war_memorial,2026-08-25T00:00:00+00:00,596,1200,49.6667,synthetic
war_memorial,2026-08-25T00:15:00+00:00,523,1200,43.5833,synthetic
war_memorial,2026-08-25T00:30:00+00:00,467,1200,38.9167,synthetic
war_memorial,2026-08-25T00:45:00+00:00,408,1200,34.0,synthetic
war_memorial,2026-08-25T01:00:00+00:00,352,1200,29.3333,synthetic
war_memorial,2026-08-25T01:15:00+00:00,315,1200,26.25,synthetic
war_memorial,2026-08-25T01:30:00+00:00,256,1200,21.3333,synthetic
war_memorial,2026-08-25T01:45:00+00:00,183,1200,15.25,synthetic
war_memorial,2026-08-25T02:00:00+00:00,174,1200,14.5,synthetic
war_memorial,2026-08-25T02:15:00+00:00,130,1200,10.8333,synthetic
war_memorial,2026-08-25T02:30:00+00:00,125,1200,10.4167,synthetic
war_memorial,2026-08-25T02:45:00+00:00,110,1200,9.1667,synthetic
war_memorial,2026-08-25T03:00:00+00:00,42,1200,3.5,synthetic
war_memorial,2026-08-25T03:15:00+00:00,65,1200,5.4167,synthetic
war_memorial,2026-08-25T03:30:00+00:00,26,1200,2.1667,synthetic
war_memorial,2026-08-25T03:45:00+00:00,74,1200,6.1667,synthetic
mccomas,2026-08-25T04:00:00+00:00,1,600,0.1667,synthetic
mccomas,2026-08-25T04:15:00+00:00,11,600,1.8333,synthetic
mccomas,2026-08-25T04:30:00+00:00,22,600,3.6667,synthetic
mccomas,2026-08-25T04:45:00+00:00,7,600,1.1667,synthetic
mccomas,2026-08-25T05:00:00+00:00,0,600,0.0,synthetic
mccomas,2026-08-25T05:15:00+00:00,10,600,1.6667,synthetic
mccomas,2026-08-25T05:30:00+00:00,1,600,0.1667,synthetic
mccomas,2026-08-25T05:45:00+00:00,2,600,0.3333,synthetic
mccomas,2026-08-25T06:00:00+00:00,2,600,0.3333,synthetic
mccomas,2026-08-25T06:15:00+00:00,0,600,0.0,synthetic
mccomas,2026-08-25T06:30:00+00:00,0,600,0.0,synthetic
mccomas,2026-08-25T06:45:00+00:00,0,600,0.0,synthetic
mccomas,2026-08-25T07:00:00+00:00,0,600,0.0,synthetic
mccomas,2026-08-25T07:15:00+00:00,0,600,0.0,synthetic
mccomas,2026-08-25T07:30:00+00:00,0,600,0.0,synthetic
mccomas,2026-08-25T07:45:00+00:00,0,600,0.0,synthetic
mccomas,2026-08-25T08:00:00+00:00,0,600,0.0,synthetic
mccomas,2026-08-25T08:15:00+00:00,0,600,0.0,synthetic
mccomas,2026-08-25T08:30:00+00:00,11,600,1.8333,synthetic
mccomas,2026-08-25T08:45:00+00:00,1,600,0.1667,synthetic
mccomas,2026-08-25T09:00:00+00:00,9,600,1.5,synthetic
mccomas,2026-08-25T09:15:00+00:00,15,600,2.5,synthetic
mccomas,2026-08-25T09:30:00+00:00,35,600,5.8333,synthetic
mccomas,2026-08-25T09:45:00+00:00,58,600,9.6667,synthetic
mccomas,2026-08-25T10:00:00+00:00,54,600,9.0,synthetic
mccomas,2026-08-25T10:15:00+00:00,64,600,10.6667,synthetic
mccomas,2026-08-25T10:30:00+00:00,106,600,17.6667,synthetic
mccomas,2026-08-25T10:45:00+00:00,114,600,19.0,synthetic
mccomas,2026-08-25T11:00:00+00:00,117,600,19.5,synthetic
mccomas,2026-08-25T11:15:00+00:00,132,600,22.0,synthetic
mccomas,2026-08-25T11:30:00+00:00,138,600,23.0,synthetic
mccomas,2026-08-25T11:45:00+00:00,122,600,20.3333,synthetic
mccomas,2026-08-25T12:00:00+00:00,129,600,21.5,synthetic
mccomas,2026-08-25T12:15:00+00:00,99,600,16.5,synthetic
mccomas,2026-08-25T12:30:00+00:00,101,600,16.8333,synthetic
mccomas,2026-08-25T12:45:00+00:00,78,600,13.0,synthetic
mccomas,2026-08-25T13:00:00+00:00,63,600,10.5,synthetic
mccomas,2026-08-25T13:15:00+00:00,48,600,8.0,synthetic
mccomas,2026-08-25T13:30:00+00:00,48,600,8.0,synthetic
mccomas,2026-08-25T13:45:00+00:00,34,600,5.6667,synthetic
mccomas,2026-08-25T14:00:00+00:00,42,600,7.0,synthetic
mccomas,2026-08-25T14:15:00+00:00,41,600,6.8333,synthetic
mccomas,2026-08-25T14:30:00+00:00,41,600,6.8333,synthetic
mccomas,2026-08-25T14:45:00+00:00,81,600,13.5,synthetic
mccomas,2026-08-25T15:00:00+00:00,87,600,14.5,synthetic
mccomas,2026-08-25T15:15:00+00:00,108,600,18.0,synthetic
mccomas,2026-08-25T15:30:00+00:00,123,600,20.5,synthetic
mccomas,2026-08-25T15:45:00+00:00,136,600,22.6667,synthetic
mccomas,2026-08-25T16:00:00+00:00,137,600,22.8333,synthetic
mccomas,2026-08-25T16:15:00+00:00,158,600,26.3333,synthetic
mccomas,2026-08-25T16:30:00+00:00,173,600,28.8333,synthetic
mccomas,2026-08-25T16:45:00+00:00,183,600,30.5,synthetic
mccomas,2026-08-25T17:00:00+00:00,163,600,27.1667,synthetic
mccomas,2026-08-25T17:15:00+00:00,161,600,26.8333,synthetic
mccomas,2026-08-25T17:30:00+00:00,160,600,26.6667,synthetic
mccomas,2026-08-25T17:45:00+00:00,143,600,23.8333,synthetic
mccomas,2026-08-25T18:00:00+00:00,143,600,23.8333,synthetic
mccomas,2026-08-25T18:15:00+00:00,160,600,26.6667,synthetic
mccomas,2026-08-25T18:30:00+00:00,177,600,29.5,synthetic
mccomas,2026-08-25T18:45:00+00:00,182,600,30.3333,synthetic
mccomas,2026-08-25T19:00:00+00:00,188,600,31.3333,synthetic
mccomas,2026-08-25T19:15:00+00:00,221,600,36.8333,synthetic
mccomas,2026-08-25T19:30:00+00:00,261,600,43.5,synthetic
mccomas,2026-08-25T19:45:00+00:00,271,600,45.1667,synthetic
mccomas,2026-08-25T20:00:00+00:00,302,600,50.3333,synthetic
mccomas,2026-08-25T20:15:00+00:00,346,600,57.6667,synthetic
mccomas,2026-08-25T20:30:00+00:00,363,600,60.5,synthetic
mccomas,2026-08-25T20:45:00+00:00,392,600,65.3333,synthetic
mccomas,2026-08-25T21:00:00+00:00,417,600,69.5,synthetic
mccomas,2026-08-25T21:15:00+00:00,424,600,70.6667,synthetic
mccomas,2026-08-25T21:30:00+00:00,416,600,69.3333,synthetic
mccomas,2026-08-25T21:45:00+00:00,439,600,73.1667,synthetic
mccomas,2026-08-25T22:00:00+00:00,425,600,70.8333,synthetic
mccomas,2026-08-25T22:15:00+00:00,398,600,66.3333,synthetic
mccomas,2026-08-25T22:30:00+00:00,379,600,63.1667,synthetic
mccomas,2026-08-25T22:45:00+00:00,356,600,59.3333,synthetic
mccomas,2026-08-25T23:00:00+00:00,305,600,50.8333,synthetic
mccomas,2026-08-25T23:15:00+00:00,278,600,46.3333,synthetic
mccomas,2026-08-25T23:30:00+00:00,211,600,35.1667,synthetic
mccomas,2026-08-25T23:45:00+00:00,181,600,30.1667,synthetic
mccomas,2026-08-26T00:00:00+00:00,157,600,26.1667,synthetic
mccomas,2026-08-26T00:15:00+00:00,124,600,20.6667,synthetic
mccomas,2026-08-26T00:30:00+00:00,96,600,16.0,synthetic
mccomas,2026-08-26T00:45:00+00:00,97,600,16.1667,synthetic
mccomas,2026-08-26T01:00:00+00:00,77,600,12.8333,synthetic
mccomas,2026-08-26T01:15:00+00:00,52,600,8.6667,synthetic
mccomas,2026-08-26T01:30:00+00:00,51,600,8.5,synthetic
mccomas,2026-08-26T01:45:00+00:00,19,600,3.1667,synthetic
mccomas,2026-08-26T02:00:00+00:00,15,600,2.5,synthetic
mccomas,2026-08-26T02:15:00+00:00,21,600,3.5,synthetic
mccomas,2026-08-26T02:30:00+00:00,22,600,3.6667,synthetic
mccomas,2026-08-26T02:45:00+00:00,21,600,3.5,synthetic
mccomas,2026-08-26T03:00:00+00:00,15,600,2.5,synthetic
mccomas,2026-08-26T03:15:00+00:00,0,600,0.0,synthetic
mccomas,2026-08-26T03:30:00+00:00,0,600,0.0,synthetic
mccomas,2026-08-26T03:45:00+00:00,0,600,0.0,synthetic
war_memorial,2026-08-25T04:00:00+00:00,60,1200,5.0,synthetic
war_memorial,2026-08-25T04:15:00+00:00,63,1200,5.25,synthetic
war_memorial,2026-08-25T04:30:00+00:00,40,1200,3.3333,synthetic
war_memorial,2026-08-25T04:45:00+00:00,42,1200,3.5,synthetic
war_memorial,2026-08-25T05:00:00+00:00,83,1200,6.9167,synthetic
war_memorial,2026-08-25T05:15:00+00:00,50,1200,4.1667,synthetic
war_memorial,2026-08-25T05:30:00+00:00,65,1200,5.4167,synthetic
war_memorial,2026-08-25T05:45:00+00:00,85,1200,7.0833,synthetic
war_memorial,2026-08-25T06:00:00+00:00,84,1200,7.0,synthetic
war_memorial,2026-08-25T06:15:00+00:00,83,1200,6.9167,synthetic
war_memorial,2026-08-25T06:30:00+00:00,77,1200,6.4167,synthetic
war_memorial,2026-08-25T06:45:00+00:00,63,1200,5.25,synthetic
war_memorial,2026-08-25T07:00:00+00:00,64,1200,5.3333,synthetic
war_memorial,2026-08-25T07:15:00+00:00,40,1200,3.3333,synthetic
war_memorial,2026-08-25T07:30:00+00:00,33,1200,2.75,synthetic
war_memorial,2026-08-25T07:45:00+00:00,26,1200,2.1667,synthetic
war_memorial,2026-08-25T08:00:00+00:00,45,1200,3.75,synthetic
war_memorial,2026-08-25T08:15:00+00:00,55,1200,4.5833,synthetic
war_memorial,2026-08-25T08:30:00+00:00,25,1200,2.0833,synthetic
war_memorial,2026-08-25T08:45:00+00:00,45,1200,3.75,synthetic
war_memorial,2026-08-25T09:00:00+00:00,47,1200,3.9167,synthetic
war_memorial,2026-08-25T09:15:00+00:00,29,1200,2.4167,synthetic
war_memorial,2026-08-25T09:30:00+00:00,74,1200,6.1667,synthetic
war_memorial,2026-08-25T09:45:00+00:00,84,1200,7.0,synthetic
war_memorial,2026-08-25T10:00:00+00:00,68,1200,5.6667,synthetic
war_memorial,2026-08-25T10:15:00+00:00,67,1200,5.5833,synthetic
war_memorial,2026-08-25T10:30:00+00:00,121,1200,10.0833,synthetic
war_memorial,2026-08-25T10:45:00+00:00,158,1200,13.1667,synthetic
war_memorial,2026-08-25T11:00:00+00:00,224,1200,18.6667,synthetic
war_memorial,2026-08-25T11:15:00+00:00,254,1200,21.1667,synthetic
war_memorial,2026-08-25T11:30:00+00:00,280,1200,23.3333,synthetic
war_memorial,2026-08-25T11:45:00+00:00,317,1200,26.4167,synthetic
war_memorial,2026-08-25T12:00:00+00:00,381,1200,31.75,synthetic
war_memorial,2026-08-25T12:15:00+00:00,337,1200,28.0833,synthetic
war_memorial,2026-08-25T12:30:00+00:00,320,1200,26.6667,synthetic
war_memorial,2026-08-25T12:45:00+00:00,310,1200,25.8333,synthetic
war_memorial,2026-08-25T13:00:00+00:00,261,1200,21.75,synthetic
war_memorial,2026-08-25T13:15:00+00:00,227,1200,18.9167,synthetic
war_memorial,2026-08-25T13:30:00+00:00,241,1200,20.0833,synthetic
war_memorial,2026-08-25T13:45:00+00:00,206,1200,17.1667,synthetic
war_memorial,2026-08-25T14:00:00+00:00,213,1200,17.75,synthetic
war_memorial,2026-08-25T14:15:00+00:00,197,1200,16.4167,synthetic
war_memorial,2026-08-25T14:30:00+00:00,216,1200,18.0,synthetic
war_memorial,2026-08-25T14:45:00+00:00,261,1200,21.75,synthetic
war_memorial,2026-08-25T15:00:00+00:00,320,1200,26.6667,synthetic
war_memorial,2026-08-25T15:15:00+00:00,302,1200,25.1667,synthetic
war_memorial,2026-08-25T15:30:00+00:00,285,1200,23.75,synthetic
war_memorial,2026-08-25T15:45:00+00:00,291,1200,24.25,synthetic
war_memorial,2026-08-25T16:00:00+00:00,346,1200,28.8333,synthetic
war_memorial,2026-08-25T16:15:00+00:00,350,1200,29.1667,synthetic
war_memorial,2026-08-25T16:30:00+00:00,348,1200,29.0,synthetic
war_memorial,2026-08-25T16:45:00+00:00,372,1200,31.0,synthetic
war_memorial,2026-08-25T17:00:00+00:00,346,1200,28.8333,synthetic
war_memorial,2026-08-25T17:15:00+00:00,306,1200,25.5,synthetic
war_memorial,2026-08-25T17:30:00+00:00,317,1200,26.4167,synthetic
war_memorial,2026-08-25T17:45:00+00:00,316,1200,26.3333,synthetic
war_memorial,2026-08-25T18:00:00+00:00,252,1200,21.0,synthetic
war_memorial,2026-08-25T18:15:00+00:00,248,1200,20.6667,synthetic
war_memorial,2026-08-25T18:30:00+00:00,235,1200,19.5833,synthetic
war_memorial,2026-08-25T18:45:00+00:00,231,1200,19.25,synthetic
war_memorial,2026-08-25T19:00:00+00:00,211,1200,17.5833,synthetic
war_memorial,2026-08-25T19:15:00+00:00,264,1200,22.0,synthetic
war_memorial,2026-08-25T19:30:00+00:00,245,1200,20.4167,synthetic
war_memorial,2026-08-25T19:45:00+00:00,311,1200,25.9167,synthetic
war_memorial,2026-08-25T20:00:00+00:00,342,1200,28.5,synthetic
war_memorial,2026-08-25T20:15:00+00:00,389,1200,32.4167,synthetic
war_memorial,2026-08-25T20:30:00+00:00,434,1200,36.1667,synthetic
war_memorial,2026-08-25T20:45:00+00:00,517,1200,43.0833,synthetic
war_memorial,2026-08-25T21:00:00+00:00,594,1200,49.5,synthetic
war_memorial,2026-08-25T21:15:00+00:00,693,1200,57.75,synthetic
war_memorial,2026-08-25T21:30:00+00:00,745,1200,62.0833,synthetic
war_memorial,2026-08-25T21:45:00+00:00,760,1200,63.3333,synthetic
war_memorial,2026-08-25T22:00:00+00:00,801,1200,66.75,synthetic
war_memorial,2026-08-25T22:15:00+00:00,807,1200,67.25,synthetic
war_memorial,2026-08-25T22:30:00+00:00,850,1200,70.8333,synthetic
war_memorial,2026-08-25T22:45:00+00:00,835,1200,69.5833,synthetic
war_memorial,2026-08-25T23:00:00+00:00,786,1200,65.5,synthetic
war_memorial,2026-08-25T23:15:00+00:00,744,1200,62.0,synthetic
war_memorial,2026-08-25T23:30:00+00:00,714,1200,59.5,synthetic
war_memorial,2026-08-25T23:45:00+00:00,677,1200,56.4167,synthetic
war_memorial,2026-08-26T00:00:00+00:00,551,1200,45.9167,synthetic
war_memorial,2026-08-26T00:15:00+00:00,448,1200,37.3333,synthetic
war_memorial,2026-08-26T00:30:00+00:00,383,1200,31.9167,synthetic
war_memorial,2026-08-26T00:45:00+00:00,307,1200,25.5833,synthetic
war_memorial,2026-08-26T01:00:00+00:00,231,1200,19.25,synthetic
war_memorial,2026-08-26T01:15:00+00:00,193,1200,16.0833,synthetic
war_memorial,2026-08-26T01:30:00+00:00,193,1200,16.0833,synthetic
war_memorial,2026-08-26T01:45:00+00:00,145,1200,12.0833,synthetic
war_memorial,2026-08-26T02:00:00+00:00,127,1200,10.5833,synthetic
war_memorial,2026-08-26T02:15:00+00:00,57,1200,4.75,synthetic
war_memorial,2026-08-26T02:30:00+00:00,73,1200,6.0833,synthetic
war_memorial,2026-08-26T02:45:00+00:00,36,1200,3.0,synthetic
war_memorial,2026-08-26T03:00:00+00:00,21,1200,1.75,synthetic
war_memorial,2026-08-26T03:15:00+00:00,47,1200,3.9167,synthetic
war_memorial,2026-08-26T03:30:00+00:00,54,1200,4.5,synthetic
war_memorial,2026-08-26T03:45:00+00:00,15,1200,1.25,synthetic
mccomas,2026-08-26T04:00:00+00:00,24,600,4.0,synthetic
mccomas,2026-08-26T04:15:00+00:00,20,600,3.3333,synthetic
mccomas,2026-08-26T04:30:00+00:00,41,600,6.8333,synthetic
mccomas,2026-08-26T04:45:00+00:00,28,600,4.6667,synthetic
mccomas,2026-08-26T05:00:00+00:00,36,600,6.0,synthetic
mccomas,2026-08-26T05:15:00+00:00,28,600,4.6667,synthetic
mccomas,2026-08-26T05:30:00+00:00,36,600,6.0,synthetic
mccomas,2026-08-26T05:45:00+00:00,51,600,8.5,synthetic
mccomas,2026-08-26T06:00:00+00:00,29,600,4.8333,synthetic
mccomas,2026-08-26T06:15:00+00:00,31,600,5.1667,synthetic
mccomas,2026-08-26T06:30:00+00:00,46,600,7.6667,synthetic
mccomas,2026-08-26T06:45:00+00:00,56,600,9.3333,synthetic
mccomas,2026-08-26T07:00:00+00:00,26,600,4.3333,synthetic
mccomas,2026-08-26T07:15:00+00:00,23,600,3.8333,synthetic
mccomas,2026-08-26T07:30:00+00:00,35,600,5.8333,synthetic
mccomas,2026-08-26T07:45:00+00:00,28,600,4.6667,synthetic
mccomas,2026-08-26T08:00:00+00:00,33,600,5.5,synthetic
mccomas,2026-08-26T08:15:00+00:00,20,600,3.3333,synthetic
mccomas,2026-08-26T08:30:00+00:00,24,600,4.0,synthetic
mccomas,2026-08-26T08:45:00+00:00,20,600,3.3333,synthetic
mccomas,2026-08-26T09:00:00+00:00,22,600,3.6667,synthetic
mccomas,2026-08-26T09:15:00+00:00,16,600,2.6667,synthetic
mccomas,2026-08-26T09:30:00+00:00,36,600,6.0,synthetic
mccomas,2026-08-26T09:45:00+00:00,67,600,11.1667,synthetic
mccomas,2026-08-26T10:00:00+00:00,76,600,12.6667,synthetic
mccomas,2026-08-26T10:15:00+00:00,78,600,13.0,synthetic
mccomas,2026-08-26T10:30:00+00:00,106,600,17.6667,synthetic
mccomas,2026-08-26T10:45:00+00:00,133,600,22.1667,synthetic
mccomas,2026-08-26T11:00:00+00:00,153,600,25.5,synthetic
mccomas,2026-08-26T11:15:00+00:00,164,600,27.3333,synthetic
mccomas,2026-08-26T11:30:00+00:00,170,600,28.3333,synthetic
mccomas,2026-08-26T11:45:00+00:00,172,600,28.6667,synthetic
mccomas,2026-08-26T12:00:00+00:00,142,600,23.6667,synthetic
mccomas,2026-08-26T12:15:00+00:00,120,600,20.0,synthetic
mccomas,2026-08-26T12:30:00+00:00,120,600,20.0,synthetic
mccomas,2026-08-26T12:45:00+00:00,98,600,16.3333,synthetic
mccomas,2026-08-26T13:00:00+00:00,79,600,13.1667,synthetic
mccomas,2026-08-26T13:15:00+00:00,88,600,14.6667,synthetic
mccomas,2026-08-26T13:30:00+00:00,81,600,13.5,synthetic
mccomas,2026-08-26T13:45:00+00:00,72,600,12.0,synthetic
mccomas,2026-08-26T14:00:00+00:00,81,600,13.5,synthetic
mccomas,2026-08-26T14:15:00+00:00,68,600,11.3333,synthetic
mccomas,2026-08-26T14:30:00+00:00,100,600,16.6667,synthetic
mccomas,2026-08-26T14:45:00+00:00,92,600,15.3333,synthetic
mccomas,2026-08-26T15:00:00+00:00,130,600,21.6667,synthetic
mccomas,2026-08-26T15:15:00+00:00,137,600,22.8333,synthetic
mccomas,2026-08-26T15:30:00+00:00,164,600,27.3333,synthetic
mccomas,2026-08-26T15:45:00+00:00,166,600,27.6667,synthetic
mccomas,2026-08-26T16:00:00+00:00,175,600,29.1667,synthetic
mccomas,2026-08-26T16:15:00+00:00,194,600,32.3333,synthetic
mccomas,2026-08-26T16:30:00+00:00,207,600,34.5,synthetic
mccomas,2026-08-26T16:45:00+00:00,192,600,32.0,synthetic
mccomas,2026-08-26T17:00:00+00:00,188,600,31.3333,synthetic
mccomas,2026-08-26T17:15:00+00:00,187,600,31.1667,synthetic
mccomas,2026-08-26T17:30:00+00:00,187,600,31.1667,synthetic
mccomas,2026-08-26T17:45:00+00:00,197,600,32.8333,synthetic
mccomas,2026-08-26T18:00:00+00:00,182,600,30.3333,synthetic
mccomas,2026-08-26T18:15:00+00:00,178,600,29.6667,synthetic
mccomas,2026-08-26T18:30:00+00:00,176,600,29.3333,synthetic
mccomas,2026-08-26T18:45:00+00:00,174,600,29.0,synthetic
mccomas,2026-08-26T19:00:00+00:00,211,600,35.1667,synthetic
mccomas,2026-08-26T19:15:00+00:00,239,600,39.8333,synthetic
mccomas,2026-08-26T19:30:00+00:00,276,600,46.0,synthetic
mccomas,2026-08-26T19:45:00+00:00,314,600,52.3333,synthetic
mccomas,2026-08-26T20:00:00+00:00,344,600,57.3333,synthetic
mccomas,2026-08-26T20:15:00+00:00,366,600,61.0,synthetic
mccomas,2026-08-26T20:30:00+00:00,406,600,67.6667,synthetic
mccomas,2026-08-26T20:45:00+00:00,414,600,69.0,synthetic
mccomas,2026-08-26T21:00:00+00:00,443,600,73.8333,synthetic
mccomas,2026-08-26T21:15:00+00:00,448,600,74.6667,synthetic
mccomas,2026-08-26T21:30:00+00:00,445,600,74.1667,synthetic
mccomas,2026-08-26T21:45:00+00:00,449,600,74.8333,synthetic
mccomas,2026-08-26T22:00:00+00:00,425,600,70.8333,synthetic
mccomas,2026-08-26T22:15:00+00:00,403,600,67.1667,synthetic
mccomas,2026-08-26T22:30:00+00:00,372,600,62.0,synthetic
mccomas,2026-08-26T22:45:00+00:00,348,600,58.0,synthetic
mccomas,2026-08-26T23:00:00+00:00,316,600,52.6667,synthetic
mccomas,2026-08-26T23:15:00+00:00,275,600,45.8333,synthetic
mccomas,2026-08-26T23:30:00+00:00,240,600,40.0,synthetic
mccomas,2026-08-26T23:45:00+00:00,216,600,36.0,synthetic
mccomas,2026-08-27T00:00:00+00:00,160,600,26.6667,synthetic
mccomas,2026-08-27T00:15:00+00:00,145,600,24.1667,synthetic
mccomas,2026-08-27T00:30:00+00:00,109,600,18.1667,synthetic
mccomas,2026-08-27T00:45:00+00:00,87,600,14.5,synthetic
mccomas,2026-08-27T01:00:00+00:00,83,600,13.8333,synthetic
mccomas,2026-08-27T01:15:00+00:00,77,600,12.8333,synthetic
mccomas,2026-08-27T01:30:00+00:00,72,600,12.0,synthetic
mccomas,2026-08-27T01:45:00+00:00,62,600,10.3333,synthetic
mccomas,2026-08-27T02:00:00+00:00,50,600,8.3333,synthetic
mccomas,2026-08-27T02:15:00+00:00,42,600,7.0,synthetic
mccomas,2026-08-27T02:30:00+00:00,36,600,6.0,synthetic
mccomas,2026-08-27T02:45:00+00:00,34,600,5.6667,synthetic
mccomas,2026-08-27T03:00:00+00:00,31,600,5.1667,synthetic
mccomas,2026-08-27T03:15:00+00:00,47,600,7.8333,synthetic
mccomas,2026-08-27T03:30:00+00:00,26,600,4.3333,synthetic
mccomas,2026-08-27T03:45:00+00:00,33,600,5.5,synthetic
war_memorial,2026-08-26T04:00:00+00:00,86,1200,7.1667,synthetic
war_memorial,2026-08-26T04:15:00+00:00,63,1200,5.25,synthetic
war_memorial,2026-08-26T04:30:00+00:00,112,1200,9.3333,synthetic
war_memorial,2026-08-26T04:45:00+00:00,73,1200,6.0833,synthetic
war_memorial,2026-08-26T05:00:00+00:00,77,1200,6.4167,synthetic
war_memorial,2026-08-26T05:15:00+00:00,100,1200,8.3333,synthetic
war_memorial,2026-08-26T05:30:00+00:00,95,1200,7.9167,synthetic
war_memorial,2026-08-26T05:45:00+00:00,82,1200,6.8333,synthetic
war_memorial,2026-08-26T06:00:00+00:00,151,1200,12.5833,synthetic
war_memorial,2026-08-26T06:15:00+00:00,117,1200,9.75,synthetic
war_memorial,2026-08-26T06:30:00+00:00,124,1200,10.3333,synthetic
war_memorial,2026-08-26T06:45:00+00:00,110,1200,9.1667,synthetic
war_memorial,2026-08-26T07:00:00+00:00,122,1200,10.1667,synthetic
war_memorial,2026-08-26T07:15:00+00:00,131,1200,10.9167,synthetic
war_memorial,2026-08-26T07:30:00+00:00,146,1200,12.1667,synthetic
war_memorial,2026-08-26T07:45:00+00:00,131,1200,10.9167,synthetic
war_memorial,2026-08-26T08:00:00+00:00,110,1200,9.1667,synthetic
war_memorial,2026-08-26T08:15:00+00:00,81,1200,6.75,synthetic
war_memorial,2026-08-26T08:30:00+00:00,94,1200,7.8333,synthetic
war_memorial,2026-08-26T08:45:00+00:00,151,1200,12.5833,synthetic
war_memorial,2026-08-26T09:00:00+00:00,137,1200,11.4167,synthetic
war_memorial,2026-08-26T09:15:00+00:00,152,1200,12.6667,synthetic
war_memorial,2026-08-26T09:30:00+00:00,146,1200,12.1667,synthetic
war_memorial,2026-08-26T09:45:00+00:00,164,1200,13.6667,synthetic
war_memorial,2026-08-26T10:00:00+00:00,164,1200,13.6667,synthetic
war_memorial,2026-08-26T10:15:00+00:00,198,1200,16.5,synthetic
war_memorial,2026-08-26T10:30:00+00:00,217,1200,18.0833,synthetic
war_memorial,2026-08-26T10:45:00+00:00,284,1200,23.6667,synthetic
war_memorial,2026-08-26T11:00:00+00:00,293,1200,24.4167,synthetic
war_memorial,2026-08-26T11:15:00+00:00,322,1200,26.8333,synthetic
war_memorial,2026-08-26T11:30:00+00:00,366,1200,30.5,synthetic
war_memorial,2026-08-26T11:45:00+00:00,392,1200,32.6667,synthetic
war_memorial,2026-08-26T12:00:00+00:00,409,1200,34.0833,synthetic
war_memorial,2026-08-26T12:15:00+00:00,397,1200,33.0833,synthetic
war_memorial,2026-08-26T12:30:00+00:00,396,1200,33.0,synthetic
war_memorial,2026-08-26T12:45:00+00:00,366,1200,30.5,synthetic
war_memorial,2026-08-26T13:00:00+00:00,330,1200,27.5,synthetic
war_memorial,2026-08-26T13:15:00+00:00,320,1200,26.6667,synthetic
war_memorial,2026-08-26T13:30:00+00:00,299,1200,24.9167,synthetic
war_memorial,2026-08-26T13:45:00+00:00,287,1200,23.9167,synthetic
war_memorial,2026-08-26T14:00:00+00:00,295,1200,24.5833,synthetic
war_memorial,2026-08-26T14:15:00+00:00,284,1200,23.6667,synthetic
war_memorial,2026-08-26T14:30:00+00:00,283,1200,23.5833,synthetic
war_memorial,2026-08-26T14:45:00+00:00,309,1200,25.75,synthetic
war_memorial,2026-08-26T15:00:00+00:00,305,1200,25.4167,synthetic
war_memorial,2026-08-26T15:15:00+00:00,353,1200,29.4167,synthetic
war_memorial,2026-08-26T15:30:00+00:00,408,1200,34.0,synthetic
war_memorial,2026-08-26T15:45:00+00:00,408,1200,34.0,synthetic
war_memorial,2026-08-26T16:00:00+00:00,449,1200,37.4167,synthetic
war_memorial,2026-08-26T16:15:00+00:00,413,1200,34.4167,synthetic
war_memorial,2026-08-26T16:30:00+00:00,415,1200,34.5833,synthetic
war_memorial,2026-08-26T16:45:00+00:00,399,1200,33.25,synthetic
war_memorial,2026-08-26T17:00:00+00:00,443,1200,36.9167,synthetic
war_memorial,2026-08-26T17:15:00+00:00,423,1200,35.25,synthetic
war_memorial,2026-08-26T17:30:00+00:00,437,1200,36.4167,synthetic
war_memorial,2026-08-26T17:45:00+00:00,378,1200,31.5,synthetic
war_memorial,2026-08-26T18:00:00+00:00,361,1200,30.0833,synthetic
war_memorial,2026-08-26T18:15:00+00:00,363,1200,30.25,synthetic
war_memorial,2026-08-26T18:30:00+00:00,320,1200,26.6667,synthetic
war_memorial,2026-08-26T18:45:00+00:00,347,1200,28.9167,synthetic
war_memorial,2026-08-26T19:00:00+00:00,320,1200,26.6667,synthetic
war_memorial,2026-08-26T19:15:00+00:00,326,1200,27.1667,synthetic
war_memorial,2026-08-26T19:30:00+00:00,307,1200,25.5833,synthetic
war_memorial,2026-08-26T19:45:00+00:00,362,1200,30.1667,synthetic
war_memorial,2026-08-26T20:00:00+00:00,414,1200,34.5,synthetic
war_memorial,2026-08-26T20:15:00+00:00,446,1200,37.1667,synthetic
war_memorial,2026-08-26T20:30:00+00:00,485,1200,40.4167,synthetic
war_memorial,2026-08-26T20:45:00+00:00,556,1200,46.3333,synthetic
war_memorial,2026-08-26T21:00:00+00:00,626,1200,52.1667,synthetic
war_memorial,2026-08-26T21:15:00+00:00,690,1200,57.5,synthetic
war_memorial,2026-08-26T21:30:00+00:00,758,1200,63.1667,synthetic
war_memorial,2026-08-26T21:45:00+00:00,790,1200,65.8333,synthetic
war_memorial,2026-08-26T22:00:00+00:00,848,1200,70.6667,synthetic
war_memorial,2026-08-26T22:15:00+00:00,865,1200,72.0833,synthetic
war_memorial,2026-08-26T22:30:00+00:00,867,1200,72.25,synthetic
war_memorial,2026-08-26T22:45:00+00:00,892,1200,74.3333,synthetic
war_memorial,2026-08-26T23:00:00+00:00,865,1200,72.0833,synthetic
war_memorial,2026-08-26T23:15:00+00:00,805,1200,67.0833,synthetic
war_memorial,2026-08-26T23:30:00+00:00,763,1200,63.5833,synthetic
war_memorial,2026-08-26T23:45:00+00:00,751,1200,62.5833,synthetic
war_memorial,2026-08-27T00:00:00+00:00,668,1200,55.6667,synthetic
war_memorial,2026-08-27T00:15:00+00:00,605,1200,50.4167,synthetic
war_memorial,2026-08-27T00:30:00+00:00,539,1200,44.9167,synthetic
war_memorial,2026-08-27T00:45:00+00:00,485,1200,40.4167,synthetic
war_memorial,2026-08-27T01:00:00+00:00,418,1200,34.8333,synthetic
war_memorial,2026-08-27T01:15:00+00:00,328,1200,27.3333,synthetic
war_memorial,2026-08-27T01:30:00+00:00,275,1200,22.9167,synthetic
war_memorial,2026-08-27T01:45:00+00:00,251,1200,20.9167,synthetic
war_memorial,2026-08-27T02:00:00+00:00,201,1200,16.75,synthetic
war_memorial,2026-08-27T02:15:00+00:00,182,1200,15.1667,synthetic
war_memorial,2026-08-27T02:30:00+00:00,159,1200,13.25,synthetic
war_memorial,2026-08-27T02:45:00+00:00,161,1200,13.4167,synthetic
war_memorial,2026-08-27T03:00:00+00:00,142,1200,11.8333,synthetic
war_memorial,2026-08-27T03:15:00+00:00,133,1200,11.0833,synthetic
war_memorial,2026-08-27T03:30:00+00:00,115,1200,9.5833,synthetic
war_memorial,2026-08-27T03:45:00+00:00,120,1200,10.0,synthetic
mccomas,2026-08-27T04:00:00+00:00,34,600,5.6667,synthetic
mccomas,2026-08-27T04:15:00+00:00,29,600,4.8333,synthetic
mccomas,2026-08-27T04:30:00+00:00,33,600,5.5,synthetic
mccomas,2026-08-27T04:45:00+00:00,33,600,5.5,synthetic
mccomas,2026-08-27T05:00:00+00:00,51,600,8.5,synthetic
mccomas,2026-08-27T05:15:00+00:00,44,600,7.3333,synthetic
mccomas,2026-08-27T05:30:00+00:00,51,600,8.5,synthetic
mccomas,2026-08-27T05:45:00+00:00,32,600,5.3333,synthetic
mccomas,2026-08-27T06:00:00+00:00,30,600,5.0,synthetic
mccomas,2026-08-27T06:15:00+00:00,42,600,7.0,synthetic
mccomas,2026-08-27T06:30:00+00:00,39,600,6.5,synthetic
mccomas,2026-08-27T06:45:00+00:00,52,600,8.6667,synthetic
mccomas,2026-08-27T07:00:00+00:00,39,600,6.5,synthetic
mccomas,2026-08-27T07:15:00+00:00,40,600,6.6667,synthetic
mccomas,2026-08-27T07:30:00+00:00,30,600,5.0,synthetic
mccomas,2026-08-27T07:45:00+00:00,38,600,6.3333,synthetic
mccomas,2026-08-27T08:00:00+00:00,33,600,5.5,synthetic
mccomas,2026-08-27T08:15:00+00:00,44,600,7.3333,synthetic
mccomas,2026-08-27T08:30:00+00:00,62,600,10.3333,synthetic
mccomas,2026-08-27T08:45:00+00:00,55,600,9.1667,synthetic
mccomas,2026-08-27T09:00:00+00:00,57,600,9.5,synthetic
mccomas,2026-08-27T09:15:00+00:00,50,600,8.3333,synthetic
mccomas,2026-08-27T09:30:00+00:00,48,600,8.0,synthetic
mccomas,2026-08-27T09:45:00+00:00,73,600,12.1667,synthetic
mccomas,2026-08-27T10:00:00+00:00,93,600,15.5,synthetic
mccomas,2026-08-27T10:15:00+00:00,115,600,19.1667,synthetic
mccomas,2026-08-27T10:30:00+00:00,131,600,21.8333,synthetic
mccomas,2026-08-27T10:45:00+00:00,150,600,25.0,synthetic
mccomas,2026-08-27T11:00:00+00:00,172,600,28.6667,synthetic
mccomas,2026-08-27T11:15:00+00:00,172,600,28.6667,synthetic
mccomas,2026-08-27T11:30:00+00:00,175,600,29.1667,synthetic
mccomas,2026-08-27T11:45:00+00:00,188,600,31.3333,synthetic
mccomas,2026-08-27T12:00:00+00:00,165,600,27.5,synthetic
mccomas,2026-08-27T12:15:00+00:00,155,600,25.8333,synthetic
mccomas,2026-08-27T12:30:00+00:00,122,600,20.3333,synthetic
mccomas,2026-08-27T12:45:00+00:00,122,600,20.3333,synthetic
mccomas,2026-08-27T13:00:00+00:00,83,600,13.8333,synthetic
mccomas,2026-08-27T13:15:00+00:00,65,600,10.8333,synthetic
mccomas,2026-08-27T13:30:00+00:00,91,600,15.1667,synthetic
mccomas,2026-08-27T13:45:00+00:00,96,600,16.0,synthetic
mccomas,2026-08-27T14:00:00+00:00,99,600,16.5,synthetic
mccomas,2026-08-27T14:15:00+00:00,92,600,15.3333,synthetic
mccomas,2026-08-27T14:30:00+00:00,107,600,17.8333,synthetic
mccomas,2026-08-27T14:45:00+00:00,124,600,20.6667,synthetic
mccomas,2026-08-27T15:00:00+00:00,145,600,24.1667,synthetic
mccomas,2026-08-27T15:15:00+00:00,149,600,24.8333,synthetic
mccomas,2026-08-27T15:30:00+00:00,176,600,29.3333,synthetic
mccomas,2026-08-27T15:45:00+00:00,182,600,30.3333,synthetic
mccomas,2026-08-27T16:00:00+00:00,206,600,34.3333,synthetic
mccomas,2026-08-27T16:15:00+00:00,206,600,34.3333,synthetic
mccomas,2026-08-27T16:30:00+00:00,207,600,34.5,synthetic
mccomas,2026-08-27T16:45:00+00:00,201,600,33.5,synthetic
mccomas,2026-08-27T17:00:00+00:00,182,600,30.3333,synthetic
mccomas,2026-08-27T17:15:00+00:00,180,600,30.0,synthetic
mccomas,2026-08-27T17:30:00+00:00,164,600,27.3333,synthetic
mccomas,2026-08-27T17:45:00+00:00,172,600,28.6667,synthetic
mccomas,2026-08-27T18:00:00+00:00,144,600,24.0,synthetic
mccomas,2026-08-27T18:15:00+00:00,170,600,28.3333,synthetic
mccomas,2026-08-27T18:30:00+00:00,175,600,29.1667,synthetic
mccomas,2026-08-27T18:45:00+00:00,177,600,29.5,synthetic
mccomas,2026-08-27T19:00:00+00:00,196,600,32.6667,synthetic
mccomas,2026-08-27T19:15:00+00:00,237,600,39.5,synthetic
mccomas,2026-08-27T19:30:00+00:00,240,600,40.0,synthetic
mccomas,2026-08-27T19:45:00+00:00,278,600,46.3333,synthetic
mccomas,2026-08-27T20:00:00+00:00,331,600,55.1667,synthetic
mccomas,2026-08-27T20:15:00+00:00,344,600,57.3333,synthetic
mccomas,2026-08-27T20:30:00+00:00,397,600,66.1667,synthetic
mccomas,2026-08-27T20:45:00+00:00,416,600,69.3333,synthetic
mccomas,2026-08-27T21:00:00+00:00,455,600,75.8333,synthetic
mccomas,2026-08-27T21:15:00+00:00,456,600,76.0,synthetic
mccomas,2026-08-27T21:30:00+00:00,437,600,72.8333,synthetic
mccomas,2026-08-27T21:45:00+00:00,454,600,75.6667,synthetic
mccomas,2026-08-27T22:00:00+00:00,445,600,74.1667,synthetic
mccomas,2026-08-27T22:15:00+00:00,423,600,70.5,synthetic
mccomas,2026-08-27T22:30:00+00:00,395,600,65.8333,synthetic
mccomas,2026-08-27T22:45:00+00:00,366,600,61.0,synthetic
mccomas,2026-08-27T23:00:00+00:00,324,600,54.0,synthetic
mccomas,2026-08-27T23:15:00+00:00,270,600,45.0,synthetic
mccomas,2026-08-27T23:30:00+00:00,229,600,38.1667,synthetic
mccomas,2026-08-27T23:45:00+00:00,206,600,34.3333,synthetic
mccomas,2026-08-28T00:00:00+00:00,171,600,28.5,synthetic
mccomas,2026-08-28T00:15:00+00:00,139,600,23.1667,synthetic
mccomas,2026-08-28T00:30:00+00:00,115,600,19.1667,synthetic
mccomas,2026-08-28T00:45:00+00:00,108,600,18.0,synthetic
mccomas,2026-08-28T01:00:00+00:00,84,600,14.0,synthetic
mccomas,2026-08-28T01:15:00+00:00,68,600,11.3333,synthetic
mccomas,2026-08-28T01:30:00+00:00,50,600,8.3333,synthetic
mccomas,2026-08-28T01:45:00+00:00,31,600,5.1667,synthetic
mccomas,2026-08-28T02:00:00+00:00,35,600,5.8333,synthetic
mccomas,2026-08-28T02:15:00+00:00,37,600,6.1667,synthetic
mccomas,2026-08-28T02:30:00+00:00,42,600,7.0,synthetic
mccomas,2026-08-28T02:45:00+00:00,47,600,7.8333,synthetic
mccomas,2026-08-28T03:00:00+00:00,63,600,10.5,synthetic
mccomas,2026-08-28T03:15:00+00:00,37,600,6.1667,synthetic
mccomas,2026-08-28T03:30:00+00:00,34,600,5.6667,synthetic
mccomas,2026-08-28T03:45:00+00:00,39,600,6.5,synthetic
war_memorial,2026-08-27T04:00:00+00:00,87,1200,7.25,synthetic
war_memorial,2026-08-27T04:15:00+00:00,33,1200,2.75,synthetic
war_memorial,2026-08-27T04:30:00+00:00,37,1200,3.0833,synthetic
war_memorial,2026-08-27T04:45:00+00:00,57,1200,4.75,synthetic
war_memorial,2026-08-27T05:00:00+00:00,56,1200,4.6667,synthetic
war_memorial,2026-08-27T05:15:00+00:00,21,1200,1.75,synthetic
war_memorial,2026-08-27T05:30:00+00:00,56,1200,4.6667,synthetic
war_memorial,2026-08-27T05:45:00+00:00,50,1200,4.1667,synthetic
war_memorial,2026-08-27T06:00:00+00:00,41,1200,3.4167,synthetic
war_memorial,2026-08-27T06:15:00+00:00,35,1200,2.9167,synthetic
war_memorial,2026-08-27T06:30:00+00:00,86,1200,7.1667,synthetic
war_memorial,2026-08-27T06:45:00+00:00,86,1200,7.1667,synthetic
war_memorial,2026-08-27T07:00:00+00:00,90,1200,7.5,synthetic
war_memorial,2026-08-27T07:15:00+00:00,94,1200,7.8333,synthetic
war_memorial,2026-08-27T07:30:00+00:00,65,1200,5.4167,synthetic
war_memorial,2026-08-27T07:45:00+00:00,68,1200,5.6667,synthetic
war_memorial,2026-08-27T08:00:00+00:00,85,1200,7.0833,synthetic
war_memorial,2026-08-27T08:15:00+00:00,53,1200,4.4167,synthetic
war_memorial,2026-08-27T08:30:00+00:00,46,1200,3.8333,synthetic
war_memorial,2026-08-27T08:45:00+00:00,24,1200,2.0,synthetic
war_memorial,2026-08-27T09:00:00+00:00,68,1200,5.6667,synthetic
war_memorial,2026-08-27T09:15:00+00:00,63,1200,5.25,synthetic
war_memorial,2026-08-27T09:30:00+00:00,108,1200,9.0,synthetic
war_memorial,2026-08-27T09:45:00+00:00,145,1200,12.0833,synthetic
war_memorial,2026-08-27T10:00:00+00:00,143,1200,11.9167,synthetic
war_memorial,2026-08-27T10:15:00+00:00,152,1200,12.6667,synthetic
war_memorial,2026-08-27T10:30:00+00:00,188,1200,15.6667,synthetic
war_memorial,2026-08-27T10:45:00+00:00,199,1200,16.5833,synthetic
war_memorial,2026-08-27T11:00:00+00:00,264,1200,22.0,synthetic
war_memorial,2026-08-27T11:15:00+00:00,291,1200,24.25,synthetic
war_memorial,2026-08-27T11:30:00+00:00,344,1200,28.6667,synthetic
war_memorial,2026-08-27T11:45:00+00:00,386,1200,32.1667,synthetic
war_memorial,2026-08-27T12:00:00+00:00,347,1200,28.9167,synthetic
war_memorial,2026-08-27T12:15:00+00:00,323,1200,26.9167,synthetic
war_memorial,2026-08-27T12:30:00+00:00,319,1200,26.5833,synthetic
war_memorial,2026-08-27T12:45:00+00:00,356,1200,29.6667,synthetic
war_memorial,2026-08-27T13:00:00+00:00,297,1200,24.75,synthetic
war_memorial,2026-08-27T13:15:00+00:00,278,1200,23.1667,synthetic
war_memorial,2026-08-27T13:30:00+00:00,271,1200,22.5833,synthetic
war_memorial,2026-08-27T13:45:00+00:00,263,1200,21.9167,synthetic
war_memorial,2026-08-27T14:00:00+00:00,210,1200,17.5,synthetic
war_memorial,2026-08-27T14:15:00+00:00,223,1200,18.5833,synthetic
war_memorial,2026-08-27T14:30:00+00:00,219,1200,18.25,synthetic
war_memorial,2026-08-27T14:45:00+00:00,283,1200,23.5833,synthetic
war_memorial,2026-08-27T15:00:00+00:00,309,1200,25.75,synthetic
war_memorial,2026-08-27T15:15:00+00:00,312,1200,26.0,synthetic
war_memorial,2026-08-27T15:30:00+00:00,384,1200,32.0,synthetic
war_memorial,2026-08-27T15:45:00+00:00,395,1200,32.9167,synthetic
war_memorial,2026-08-27T16:00:00+00:00,409,1200,34.0833,synthetic
war_memorial,2026-08-27T16:15:00+00:00,420,1200,35.0,synthetic
war_memorial,2026-08-27T16:30:00+00:00,428,1200,35.6667,synthetic
war_memorial,2026-08-27T16:45:00+00:00,409,1200,34.0833,synthetic
war_memorial,2026-08-27T17:00:00+00:00,392,1200,32.6667,synthetic
war_memorial,2026-08-27T17:15:00+00:00,370,1200,30.8333,synthetic
war_memorial,2026-08-27T17:30:00+00:00,348,1200,29.0,synthetic
war_memorial,2026-08-27T17:45:00+00:00,322,1200,26.8333,synthetic
war_memorial,2026-08-27T18:00:00+00:00,268,1200,22.3333,synthetic
war_memorial,2026-08-27T18:15:00+00:00,222,1200,18.5,synthetic
war_memorial,2026-08-27T18:30:00+00:00,209,1200,17.4167,synthetic
war_memorial,2026-08-27T18:45:00+00:00,204,1200,17.0,synthetic
war_memorial,2026-08-27T19:00:00+00:00,189,1200,15.75,synthetic
war_memorial,2026-08-27T19:15:00+00:00,221,1200,18.4167,synthetic
war_memorial,2026-08-27T19:30:00+00:00,243,1200,20.25,synthetic
war_memorial,2026-08-27T19:45:00+00:00,297,1200,24.75,synthetic
war_memorial,2026-08-27T20:00:00+00:00,325,1200,27.0833,synthetic
war_memorial,2026-08-27T20:15:00+00:00,360,1200,30.0,synthetic
war_memorial,2026-08-27T20:30:00+00:00,444,1200,37.0,synthetic
war_memorial,2026-08-27T20:45:00+00:00,516,1200,43.0,synthetic
war_memorial,2026-08-27T21:00:00+00:00,524,1200,43.6667,synthetic
war_memorial,2026-08-27T21:15:00+00:00,624,1200,52.0,synthetic
war_memorial,2026-08-27T21:30:00+00:00,678,1200,56.5,synthetic
war_memorial,2026-08-27T21:45:00+00:00,724,1200,60.3333,synthetic
war_memorial,2026-08-27T22:00:00+00:00,748,1200,62.3333,synthetic
war_memorial,2026-08-27T22:15:00+00:00,775,1200,64.5833,synthetic
war_memorial,2026-08-27T22:30:00+00:00,803,1200,66.9167,synthetic
war_memorial,2026-08-27T22:45:00+00:00,824,1200,68.6667,synthetic
war_memorial,2026-08-27T23:00:00+00:00,786,1200,65.5,synthetic
war_memorial,2026-08-27T23:15:00+00:00,751,1200,62.5833,synthetic
war_memorial,2026-08-27T23:30:00+00:00,675,1200,56.25,synthetic
war_memorial,2026-08-27T23:45:00+00:00,651,1200,54.25,synthetic
war_memorial,2026-08-28T00:00:00+00:00,607,1200,50.5833,synthetic
war_memorial,2026-08-28T00:15:00+00:00,513,1200,42.75,synthetic
war_memorial,2026-08-28T00:30:00+00:00,432,1200,36.0,synthetic
war_memorial,2026-08-28T00:45:00+00:00,386,1200,32.1667,synthetic
war_memorial,2026-08-28T01:00:00+00:00,307,1200,25.5833,synthetic
war_memorial,2026-08-28T01:15:00+00:00,284,1200,23.6667,synthetic
war_memorial,2026-08-28T01:30:00+00:00,224,1200,18.6667,synthetic
war_memorial,2026-08-28T01:45:00+00:00,158,1200,13.1667,synthetic
war_memorial,2026-08-28T02:00:00+00:00,159,1200,13.25,synthetic
war_memorial,2026-08-28T02:15:00+00:00,155,1200,12.9167,synthetic
war_memorial,2026-08-28T02:30:00+00:00,133,1200,11.0833,synthetic
war_memorial,2026-08-28T02:45:00+00:00,111,1200,9.25,synthetic
war_memorial,2026-08-28T03:00:00+00:00,118,1200,9.8333,synthetic
war_memorial,2026-08-28T03:15:00+00:00,105,1200,8.75,synthetic
war_memorial,2026-08-28T03:30:00+00:00,87,1200,7.25,synthetic
war_memorial,2026-08-28T03:45:00+00:00,74,1200,6.1667,synthetic
mccomas,2026-08-28T04:00:00+00:00,28,600,4.6667,synthetic
mccomas,2026-08-28T04:15:00+00:00,17,600,2.8333,synthetic
mccomas,2026-08-28T04:30:00+00:00,6,600,1.0,synthetic
mccomas,2026-08-28T04:45:00+00:00,43,600,7.1667,synthetic
mccomas,2026-08-28T05:00:00+00:00,24,600,4.0,synthetic
mccomas,2026-08-28T05:15:00+00:00,32,600,5.3333,synthetic
mccomas,2026-08-28T05:30:00+00:00,34,600,5.6667,synthetic
mccomas,2026-08-28T05:45:00+00:00,66,600,11.0,synthetic
mccomas,2026-08-28T06:00:00+00:00,53,600,8.8333,synthetic
mccomas,2026-08-28T06:15:00+00:00,59,600,9.8333,synthetic
mccomas,2026-08-28T06:30:00+00:00,74,600,12.3333,synthetic
mccomas,2026-08-28T06:45:00+00:00,74,600,12.3333,synthetic
mccomas,2026-08-28T07:00:00+00:00,80,600,13.3333,synthetic
mccomas,2026-08-28T07:15:00+00:00,73,600,12.1667,synthetic
mccomas,2026-08-28T07:30:00+00:00,69,600,11.5,synthetic
mccomas,2026-08-28T07:45:00+00:00,39,600,6.5,synthetic
mccomas,2026-08-28T08:00:00+00:00,42,600,7.0,synthetic
mccomas,2026-08-28T08:15:00+00:00,40,600,6.6667,synthetic
mccomas,2026-08-28T08:30:00+00:00,48,600,8.0,synthetic
mccomas,2026-08-28T08:45:00+00:00,72,600,12.0,synthetic
mccomas,2026-08-28T09:00:00+00:00,67,600,11.1667,synthetic
mccomas,2026-08-28T09:15:00+00:00,66,600,11.0,synthetic
mccomas,2026-08-28T09:30:00+00:00,69,600,11.5,synthetic
mccomas,2026-08-28T09:45:00+00:00,100,600,16.6667,synthetic
mccomas,2026-08-28T10:00:00+00:00,100,600,16.6667,synthetic
mccomas,2026-08-28T10:15:00+00:00,130,600,21.6667,synthetic
mccomas,2026-08-28T10:30:00+00:00,150,600,25.0,synthetic
mccomas,2026-08-28T10:45:00+00:00,158,600,26.3333,synthetic
mccomas,2026-08-28T11:00:00+00:00,177,600,29.5,synthetic
mccomas,2026-08-28T11:15:00+00:00,184,600,30.6667,synthetic
mccomas,2026-08-28T11:30:00+00:00,200,600,33.3333,synthetic
mccomas,2026-08-28T11:45:00+00:00,190,600,31.6667,synthetic
mccomas,2026-08-28T12:00:00+00:00,202,600,33.6667,synthetic
mccomas,2026-08-28T12:15:00+00:00,161,600,26.8333,synthetic
mccomas,2026-08-28T12:30:00+00:00,153,600,25.5,synthetic
mccomas,2026-08-28T12:45:00+00:00,131,600,21.8333,synthetic
mccomas,2026-08-28T13:00:00+00:00,122,600,20.3333,synthetic
mccomas,2026-08-28T13:15:00+00:00,111,600,18.5,synthetic
mccomas,2026-08-28T13:30:00+00:00,116,600,19.3333,synthetic
mccomas,2026-08-28T13:45:00+00:00,106,600,17.6667,synthetic
mccomas,2026-08-28T14:00:00+00:00,122,600,20.3333,synthetic
mccomas,2026-08-28T14:15:00+00:00,110,600,18.3333,synthetic
mccomas,2026-08-28T14:30:00+00:00,120,600,20.0,synthetic
mccomas,2026-08-28T14:45:00+00:00,115,600,19.1667,synthetic
mccomas,2026-08-28T15:00:00+00:00,150,600,25.0,synthetic
mccomas,2026-08-28T15:15:00+00:00,167,600,27.8333,synthetic
mccomas,2026-08-28T15:30:00+00:00,180,600,30.0,synthetic
mccomas,2026-08-28T15:45:00+00:00,224,600,37.3333,synthetic
mccomas,2026-08-28T16:00:00+00:00,216,600,36.0,synthetic
mccomas,2026-08-28T16:15:00+00:00,250,600,41.6667,synthetic
mccomas,2026-08-28T16:30:00+00:00,259,600,43.1667,synthetic
mccomas,2026-08-28T16:45:00+00:00,260,600,43.3333,synthetic
mccomas,2026-08-28T17:00:00+00:00,256,600,42.6667,synthetic
mccomas,2026-08-28T17:15:00+00:00,239,600,39.8333,synthetic
mccomas,2026-08-28T17:30:00+00:00,217,600,36.1667,synthetic
mccomas,2026-08-28T17:45:00+00:00,199,600,33.1667,synthetic
mccomas,2026-08-28T18:00:00+00:00,178,600,29.6667,synthetic
mccomas,2026-08-28T18:15:00+00:00,201,600,33.5,synthetic
mccomas,2026-08-28T18:30:00+00:00,176,600,29.3333,synthetic
mccomas,2026-08-28T18:45:00+00:00,195,600,32.5,synthetic
mccomas,2026-08-28T19:00:00+00:00,230,600,38.3333,synthetic
mccomas,2026-08-28T19:15:00+00:00,261,600,43.5,synthetic
mccomas,2026-08-28T19:30:00+00:00,292,600,48.6667,synthetic
mccomas,2026-08-28T19:45:00+00:00,310,600,51.6667,synthetic
mccomas,2026-08-28T20:00:00+00:00,336,600,56.0,synthetic
mccomas,2026-08-28T20:15:00+00:00,373,600,62.1667,synthetic
mccomas,2026-08-28T20:30:00+00:00,414,600,69.0,synthetic
mccomas,2026-08-28T20:45:00+00:00,411,600,68.5,synthetic
mccomas,2026-08-28T21:00:00+00:00,434,600,72.3333,synthetic
mccomas,2026-08-28T21:15:00+00:00,447,600,74.5,synthetic
mccomas,2026-08-28T21:30:00+00:00,452,600,75.3333,synthetic
mccomas,2026-08-28T21:45:00+00:00,449,600,74.8333,synthetic
mccomas,2026-08-28T22:00:00+00:00,428,600,71.3333,synthetic
mccomas,2026-08-28T22:15:00+00:00,425,600,70.8333,synthetic
mccomas,2026-08-28T22:30:00+00:00,398,600,66.3333,synthetic
mccomas,2026-08-28T22:45:00+00:00,369,600,61.5,synthetic
mccomas,2026-08-28T23:00:00+00:00,336,600,56.0,synthetic
mccomas,2026-08-28T23:15:00+00:00,306,600,51.0,synthetic
mccomas,2026-08-28T23:30:00+00:00,253,600,42.1667,synthetic
mccomas,2026-08-28T23:45:00+00:00,217,600,36.1667,synthetic
mccomas,2026-08-29T00:00:00+00:00,190,600,31.6667,synthetic
mccomas,2026-08-29T00:15:00+00:00,163,600,27.1667,synthetic
mccomas,2026-08-29T00:30:00+00:00,133,600,22.1667,synthetic
mccomas,2026-08-29T00:45:00+00:00,111,600,18.5,synthetic
mccomas,2026-08-29T01:00:00+00:00,73,600,12.1667,synthetic
mccomas,2026-08-29T01:15:00+00:00,73,600,12.1667,synthetic
mccomas,2026-08-29T01:30:00+00:00,74,600,12.3333,synthetic
mccomas,2026-08-29T01:45:00+00:00,49,600,8.1667,synthetic
mccomas,2026-08-29T02:00:00+00:00,36,600,6.0,synthetic
mccomas,2026-08-29T02:15:00+00:00,27,600,4.5,synthetic
mccomas,2026-08-29T02:30:00+00:00,44,600,7.3333,synthetic
mccomas,2026-08-29T02:45:00+00:00,63,600,10.5,synthetic
mccomas,2026-08-29T03:00:00+00:00,49,600,8.1667,synthetic
mccomas,2026-08-29T03:15:00+00:00,53,600,8.8333,synthetic
mccomas,2026-08-29T03:30:00+00:00,33,600,5.5,synthetic
mccomas,2026-08-29T03:45:00+00:00,31,600,5.1667,synthetic
war_memorial,2026-08-28T04:00:00+00:00,72,1200,6.0,synthetic
war_memorial,2026-08-28T04:15:00+00:00,58,1200,4.8333,synthetic
war_memorial,2026-08-28T04:30:00+00:00,91,1200,7.5833,synthetic
war_memorial,2026-08-28T04:45:00+00:00,67,1200,5.5833,synthetic
war_memorial,2026-08-28T05:00:00+00:00,66,1200,5.5,synthetic
war_memorial,2026-08-28T05:15:00+00:00,75,1200,6.25,synthetic
war_memorial,2026-08-28T05:30:00+00:00,76,1200,6.3333,synthetic
war_memorial,2026-08-28T05:45:00+00:00,43,1200,3.5833,synthetic
war_memorial,2026-08-28T06:00:00+00:00,31,1200,2.5833,synthetic
war_memorial,2026-08-28T06:15:00+00:00,26,1200,2.1667,synthetic
war_memorial,2026-08-28T06:30:00+00:00,44,1200,3.6667,synthetic
war_memorial,2026-08-28T06:45:00+00:00,25,1200,2.0833,synthetic
war_memorial,2026-08-28T07:00:00+00:00,32,1200,2.6667,synthetic
war_memorial,2026-08-28T07:15:00+00:00,40,1200,3.3333,synthetic
war_memorial,2026-08-28T07:30:00+00:00,26,1200,2.1667,synthetic
war_memorial,2026-08-28T07:45:00+00:00,45,1200,3.75,synthetic
war_memorial,2026-08-28T08:00:00+00:00,53,1200,4.4167,synthetic
war_memorial,2026-08-28T08:15:00+00:00,76,1200,6.3333,synthetic
war_memorial,2026-08-28T08:30:00+00:00,53,1200,4.4167,synthetic
war_memorial,2026-08-28T08:45:00+00:00,72,1200,6.0,synthetic
war_memorial,2026-08-28T09:00:00+00:00,66,1200,5.5,synthetic
war_memorial,2026-08-28T09:15:00+00:00,77,1200,6.4167,synthetic
war_memorial,2026-08-28T09:30:00+00:00,110,1200,9.1667,synthetic
war_memorial,2026-08-28T09:45:00+00:00,84,1200,7.0,synthetic
war_memorial,2026-08-28T10:00:00+00:00,109,1200,9.0833,synthetic
war_memorial,2026-08-28T10:15:00+00:00,127,1200,10.5833,synthetic
war_memorial,2026-08-28T10:30:00+00:00,147,1200,12.25,synthetic
war_memorial,2026-08-28T10:45:00+00:00,190,1200,15.8333,synthetic
war_memorial,2026-08-28T11:00:00+00:00,264,1200,22.0,synthetic
war_memorial,2026-08-28T11:15:00+00:00,256,1200,21.3333,synthetic
war_memorial,2026-08-28T11:30:00+00:00,312,1200,26.0,synthetic
war_memorial,2026-08-28T11:45:00+00:00,343,1200,28.5833,synthetic
war_memorial,2026-08-28T12:00:00+00:00,357,1200,29.75,synthetic
war_memorial,2026-08-28T12:15:00+00:00,370,1200,30.8333,synthetic
war_memorial,2026-08-28T12:30:00+00:00,357,1200,29.75,synthetic
war_memorial,2026-08-28T12:45:00+00:00,326,1200,27.1667,synthetic
war_memorial,2026-08-28T13:00:00+00:00,244,1200,20.3333,synthetic
war_memorial,2026-08-28T13:15:00+00:00,238,1200,19.8333,synthetic
war_memorial,2026-08-28T13:30:00+00:00,200,1200,16.6667,synthetic
war_memorial,2026-08-28T13:45:00+00:00,209,1200,17.4167,synthetic
war_memorial,2026-08-28T14:00:00+00:00,197,1200,16.4167,synthetic
war_memorial,2026-08-28T14:15:00+00:00,252,1200,21.0,synthetic
war_memorial,2026-08-28T14:30:00+00:00,240,1200,20.0,synthetic
war_memorial,2026-08-28T14:45:00+00:00,242,1200,20.1667,synthetic
war_memorial,2026-08-28T15:00:00+00:00,294,1200,24.5,synthetic
war_memorial,2026-08-28T15:15:00+00:00,290,1200,24.1667,synthetic
war_memorial,2026-08-28T15:30:00+00:00,320,1200,26.6667,synthetic
war_memorial,2026-08-28T15:45:00+00:00,305,1200,25.4167,synthetic
war_memorial,2026-08-28T16:00:00+00:00,363,1200,30.25,synthetic
war_memorial,2026-08-28T16:15:00+00:00,400,1200,33.3333,synthetic
war_memorial,2026-08-28T16:30:00+00:00,436,1200,36.3333,synthetic
war_memorial,2026-08-28T16:45:00+00:00,376,1200,31.3333,synthetic
war_memorial,2026-08-28T17:00:00+00:00,397,1200,33.0833,synthetic
war_memorial,2026-08-28T17:15:00+00:00,366,1200,30.5,synthetic
war_memorial,2026-08-28T17:30:00+00:00,315,1200,26.25,synthetic
war_memorial,2026-08-28T17:45:00+00:00,333,1200,27.75,synthetic
war_memorial,2026-08-28T18:00:00+00:00,274,1200,22.8333,synthetic
war_memorial,2026-08-28T18:15:00+00:00,256,1200,21.3333,synthetic
war_memorial,2026-08-28T18:30:00+00:00,194,1200,16.1667,synthetic
war_memorial,2026-08-28T18:45:00+00:00,232,1200,19.3333,synthetic
war_memorial,2026-08-28T19:00:00+00:00,248,1200,20.6667,synthetic
war_memorial,2026-08-28T19:15:00+00:00,246,1200,20.5,synthetic
war_memorial,2026-08-28T19:30:00+00:00,275,1200,22.9167,synthetic
war_memorial,2026-08-28T19:45:00+00:00,286,1200,23.8333,synthetic
war_memorial,2026-08-28T20:00:00+00:00,352,1200,29.3333,synthetic
war_memorial,2026-08-28T20:15:00+00:00,414,1200,34.5,synthetic
war_memorial,2026-08-28T20:30:00+00:00,473,1200,39.4167,synthetic
war_memorial,2026-08-28T20:45:00+00:00,538,1200,44.8333,synthetic
war_memorial,2026-08-28T21:00:00+00:00,607,1200,50.5833,synthetic
war_memorial,2026-08-28T21:15:00+00:00,666,1200,55.5,synthetic
war_memorial,2026-08-28T21:30:00+00:00,753,1200,62.75,synthetic
war_memorial,2026-08-28T21:45:00+00:00,776,1200,64.6667,synthetic
war_memorial,2026-08-28T22:00:00+00:00,830,1200,69.1667,synthetic
war_memorial,2026-08-28T22:15:00+00:00,831,1200,69.25,synthetic
war_memorial,2026-08-28T22:30:00+00:00,822,1200,68.5,synthetic
war_memorial,2026-08-28T22:45:00+00:00,793,1200,66.0833,synthetic
war_memorial,2026-08-28T23:00:00+00:00,781,1200,65.0833,synthetic
war_memorial,2026-08-28T23:15:00+00:00,716,1200,59.6667,synthetic
war_memorial,2026-08-28T23:30:00+00:00,730,1200,60.8333,synthetic
war_memorial,2026-08-28T23:45:00+00:00,680,1200,56.6667,synthetic
war_memorial,2026-08-29T00:00:00+00:00,595,1200,49.5833,synthetic
war_memorial,2026-08-29T00:15:00+00:00,502,1200,41.8333,synthetic
war_memorial,2026-08-29T00:30:00+00:00,459,1200,38.25,synthetic
war_memorial,2026-08-29T00:45:00+00:00,345,1200,28.75,synthetic
war_memorial,2026-08-29T01:00:00+00:00,304,1200,25.3333,synthetic
war_memorial,2026-08-29T01:15:00+00:00,247,1200,20.5833,synthetic
war_memorial,2026-08-29T01:30:00+00:00,180,1200,15.0,synthetic
war_memorial,2026-08-29T01:45:00+00:00,172,1200,14.3333,synthetic
war_memorial,2026-08-29T02:00:00+00:00,143,1200,11.9167,synthetic
war_memorial,2026-08-29T02:15:00+00:00,133,1200,11.0833,synthetic
war_memorial,2026-08-29T02:30:00+00:00,107,1200,8.9167,synthetic
war_memorial,2026-08-29T02:45:00+00:00,60,1200,5.0,synthetic
war_memorial,2026-08-29T03:00:00+00:00,41,1200,3.4167,synthetic
war_memorial,2026-08-29T03:15:00+00:00,41,1200,3.4167,synthetic
war_memorial,2026-08-29T03:30:00+00:00,30,1200,2.5,synthetic
war_memorial,2026-08-29T03:45:00+00:00,37,1200,3.0833,synthetic
mccomas,2026-08-29T04:00:00+00:00,22,600,3.6667,synthetic
mccomas,2026-08-29T04:15:00+00:00,22,600,3.6667,synthetic
mccomas,2026-08-29T04:30:00+00:00,10,600,1.6667,synthetic
mccomas,2026-08-29T04:45:00+00:00,22,600,3.6667,synthetic
mccomas,2026-08-29T05:00:00+00:00,28,600,4.6667,synthetic
mccomas,2026-08-29T05:15:00+00:00,39,600,6.5,synthetic
mccomas,2026-08-29T05:30:00+00:00,36,600,6.0,synthetic
mccomas,2026-08-29T05:45:00+00:00,40,600,6.6667,synthetic
mccomas,2026-08-29T06:00:00+00:00,26,600,4.3333,synthetic
mccomas,2026-08-29T06:15:00+00:00,25,600,4.1667,synthetic
mccomas,2026-08-29T06:30:00+00:00,12,600,2.0,synthetic
mccomas,2026-08-29T06:45:00+00:00,19,600,3.1667,synthetic
mccomas,2026-08-29T07:00:00+00:00,24,600,4.0,synthetic
mccomas,2026-08-29T07:15:00+00:00,36,600,6.0,synthetic
mccomas,2026-08-29T07:30:00+00:00,17,600,2.8333,synthetic
mccomas,2026-08-29T07:45:00+00:00,12,600,2.0,synthetic
mccomas,2026-08-29T08:00:00+00:00,26,600,4.3333,synthetic
mccomas,2026-08-29T08:15:00+00:00,19,600,3.1667,synthetic
mccomas,2026-08-29T08:30:00+00:00,29,600,4.8333,synthetic
mccomas,2026-08-29T08:45:00+00:00,23,600,3.8333,synthetic
mccomas,2026-08-29T09:00:00+00:00,8,600,1.3333,synthetic
mccomas,2026-08-29T09:15:00+00:00,28,600,4.6667,synthetic
mccomas,2026-08-29T09:30:00+00:00,18,600,3.0,synthetic
mccomas,2026-08-29T09:45:00+00:00,24,600,4.0,synthetic
mccomas,2026-08-29T10:00:00+00:00,33,600,5.5,synthetic
mccomas,2026-08-29T10:15:00+00:00,48,600,8.0,synthetic
mccomas,2026-08-29T10:30:00+00:00,52,600,8.6667,synthetic
mccomas,2026-08-29T10:45:00+00:00,39,600,6.5,synthetic
mccomas,2026-08-29T11:00:00+00:00,29,600,4.8333,synthetic
mccomas,2026-08-29T11:15:00+00:00,28,600,4.6667,synthetic
mccomas,2026-08-29T11:30:00+00:00,33,600,5.5,synthetic
mccomas,2026-08-29T11:45:00+00:00,22,600,3.6667,synthetic
mccomas,2026-08-29T12:00:00+00:00,33,600,5.5,synthetic
mccomas,2026-08-29T12:15:00+00:00,48,600,8.0,synthetic
mccomas,2026-08-29T12:30:00+00:00,50,600,8.3333,synthetic
mccomas,2026-08-29T12:45:00+00:00,80,600,13.3333,synthetic
mccomas,2026-08-29T13:00:00+00:00,94,600,15.6667,synthetic
mccomas,2026-08-29T13:15:00+00:00,104,600,17.3333,synthetic
mccomas,2026-08-29T13:30:00+00:00,125,600,20.8333,synthetic
mccomas,2026-08-29T13:45:00+00:00,167,600,27.8333,synthetic
mccomas,2026-08-29T14:00:00+00:00,170,600,28.3333,synthetic
mccomas,2026-08-29T14:15:00+00:00,214,600,35.6667,synthetic
mccomas,2026-08-29T14:30:00+00:00,239,600,39.8333,synthetic
mccomas,2026-08-29T14:45:00+00:00,254,600,42.3333,synthetic
mccomas,2026-08-29T15:00:00+00:00,261,600,43.5,synthetic
mccomas,2026-08-29T15:15:00+00:00,288,600,48.0,synthetic
mccomas,2026-08-29T15:30:00+00:00,298,600,49.6667,synthetic
mccomas,2026-08-29T15:45:00+00:00,295,600,49.1667,synthetic
mccomas,2026-08-29T16:00:00+00:00,275,600,45.8333,synthetic
mccomas,2026-08-29T16:15:00+00:00,271,600,45.1667,synthetic
mccomas,2026-08-29T16:30:00+00:00,251,600,41.8333,synthetic
mccomas,2026-08-29T16:45:00+00:00,236,600,39.3333,synthetic
mccomas,2026-08-29T17:00:00+00:00,215,600,35.8333,synthetic
mccomas,2026-08-29T17:15:00+00:00,209,600,34.8333,synthetic
mccomas,2026-08-29T17:30:00+00:00,185,600,30.8333,synthetic
mccomas,2026-08-29T17:45:00+00:00,201,600,33.5,synthetic
mccomas,2026-08-29T18:00:00+00:00,187,600,31.1667,synthetic
mccomas,2026-08-29T18:15:00+00:00,208,600,34.6667,synthetic
mccomas,2026-08-29T18:30:00+00:00,211,600,35.1667,synthetic
mccomas,2026-08-29T18:45:00+00:00,223,600,37.1667,synthetic
mccomas,2026-08-29T19:00:00+00:00,250,600,41.6667,synthetic
mccomas,2026-08-29T19:15:00+00:00,264,600,44.0,synthetic
mccomas,2026-08-29T19:30:00+00:00,295,600,49.1667,synthetic
mccomas,2026-08-29T19:45:00+00:00,330,600,55.0,synthetic
mccomas,2026-08-29T20:00:00+00:00,337,600,56.1667,synthetic
mccomas,2026-08-29T20:15:00+00:00,335,600,55.8333,synthetic
mccomas,2026-08-29T20:30:00+00:00,361,600,60.1667,synthetic
mccomas,2026-08-29T20:45:00+00:00,357,600,59.5,synthetic
mccomas,2026-08-29T21:00:00+00:00,347,600,57.8333,synthetic
mccomas,2026-08-29T21:15:00+00:00,340,600,56.6667,synthetic
mccomas,2026-08-29T21:30:00+00:00,301,600,50.1667,synthetic
mccomas,2026-08-29T21:45:00+00:00,284,600,47.3333,synthetic
mccomas,2026-08-29T22:00:00+00:00,240,600,40.0,synthetic
mccomas,2026-08-29T22:15:00+00:00,220,600,36.6667,synthetic
mccomas,2026-08-29T22:30:00+00:00,189,600,31.5,synthetic
mccomas,2026-08-29T22:45:00+00:00,183,600,30.5,synthetic
mccomas,2026-08-29T23:00:00+00:00,133,600,22.1667,synthetic
mccomas,2026-08-29T23:15:00+00:00,110,600,18.3333,synthetic
mccomas,2026-08-29T23:30:00+00:00,96,600,16.0,synthetic
mccomas,2026-08-29T23:45:00+00:00,75,600,12.5,synthetic
mccomas,2026-08-30T00:00:00+00:00,66,600,11.0,synthetic
mccomas,2026-08-30T00:15:00+00:00,69,600,11.5,synthetic
mccomas,2026-08-30T00:30:00+00:00,54,600,9.0,synthetic
mccomas,2026-08-30T00:45:00+00:00,48,600,8.0,synthetic
mccomas,2026-08-30T01:00:00+00:00,40,600,6.6667,synthetic
mccomas,2026-08-30T01:15:00+00:00,43,600,7.1667,synthetic
mccomas,2026-08-30T01:30:00+00:00,26,600,4.3333,synthetic
mccomas,2026-08-30T01:45:00+00:00,28,600,4.6667,synthetic
mccomas,2026-08-30T02:00:00+00:00,26,600,4.3333,synthetic
mccomas,2026-08-30T02:15:00+00:00,51,600,8.5,synthetic
mccomas,2026-08-30T02:30:00+00:00,41,600,6.8333,synthetic
mccomas,2026-08-30T02:45:00+00:00,42,600,7.0,synthetic
mccomas,2026-08-30T03:00:00+00:00,27,600,4.5,synthetic
mccomas,2026-08-30T03:15:00+00:00,31,600,5.1667,synthetic
mccomas,2026-08-30T03:30:00+00:00,41,600,6.8333,synthetic
mccomas,2026-08-30T03:45:00+00:00,31,600,5.1667,synthetic
war_memorial,2026-08-29T04:00:00+00:00,18,1200,1.5,synthetic
war_memorial,2026-08-29T04:15:00+00:00,0,1200,0.0,synthetic
war_memorial,2026-08-29T04:30:00+00:00,30,1200,2.5,synthetic
war_memorial,2026-08-29T04:45:00+00:00,9,1200,0.75,synthetic
war_memorial,2026-08-29T05:00:00+00:00,43,1200,3.5833,synthetic
war_memorial,2026-08-29T05:15:00+00:00,43,1200,3.5833,synthetic
war_memorial,2026-08-29T05:30:00+00:00,67,1200,5.5833,synthetic
war_memorial,2026-08-29T05:45:00+00:00,19,1200,1.5833,synthetic
war_memorial,2026-08-29T06:00:00+00:00,51,1200,4.25,synthetic
war_memorial,2026-08-29T06:15:00+00:00,10,1200,0.8333,synthetic
war_memorial,2026-08-29T06:30:00+00:00,50,1200,4.1667,synthetic
war_memorial,2026-08-29T06:45:00+00:00,42,1200,3.5,synthetic
war_memorial,2026-08-29T07:00:00+00:00,47,1200,3.9167,synthetic
war_memorial,2026-08-29T07:15:00+00:00,42,1200,3.5,synthetic
war_memorial,2026-08-29T07:30:00+00:00,24,1200,2.0,synthetic
war_memorial,2026-08-29T07:45:00+00:00,30,1200,2.5,synthetic
war_memorial,2026-08-29T08:00:00+00:00,22,1200,1.8333,synthetic
war_memorial,2026-08-29T08:15:00+00:00,1,1200,0.0833,synthetic
war_memorial,2026-08-29T08:30:00+00:00,21,1200,1.75,synthetic
war_memorial,2026-08-29T08:45:00+00:00,0,1200,0.0,synthetic
war_memorial,2026-08-29T09:00:00+00:00,0,1200,0.0,synthetic
war_memorial,2026-08-29T09:15:00+00:00,0,1200,0.0,synthetic
war_memorial,2026-08-29T09:30:00+00:00,0,1200,0.0,synthetic
war_memorial,2026-08-29T09:45:00+00:00,17,1200,1.4167,synthetic
war_memorial,2026-08-29T10:00:00+00:00,38,1200,3.1667,synthetic
war_memorial,2026-08-29T10:15:00+00:00,33,1200,2.75,synthetic
war_memorial,2026-08-29T10:30:00+00:00,23,1200,1.9167,synthetic
war_memorial,2026-08-29T10:45:00+00:00,5,1200,0.4167,synthetic
war_memorial,2026-08-29T11:00:00+00:00,10,1200,0.8333,synthetic
war_memorial,2026-08-29T11:15:00+00:00,78,1200,6.5,synthetic
war_memorial,2026-08-29T11:30:00+00:00,92,1200,7.6667,synthetic
war_memorial,2026-08-29T11:45:00+00:00,62,1200,5.1667,synthetic
war_memorial,2026-08-29T12:00:00+00:00,52,1200,4.3333,synthetic
war_memorial,2026-08-29T12:15:00+00:00,79,1200,6.5833,synthetic
war_memorial,2026-08-29T12:30:00+00:00,87,1200,7.25,synthetic
war_memorial,2026-08-29T12:45:00+00:00,100,1200,8.3333,synthetic
war_memorial,2026-08-29T13:00:00+00:00,109,1200,9.0833,synthetic
war_memorial,2026-08-29T13:15:00+00:00,136,1200,11.3333,synthetic
war_memorial,2026-08-29T13:30:00+00:00,183,1200,15.25,synthetic
war_memorial,2026-08-29T13:45:00+00:00,210,1200,17.5,synthetic
war_memorial,2026-08-29T14:00:00+00:00,262,1200,21.8333,synthetic
war_memorial,2026-08-29T14:15:00+00:00,285,1200,23.75,synthetic
war_memorial,2026-08-29T14:30:00+00:00,297,1200,24.75,synthetic
war_memorial,2026-08-29T14:45:00+00:00,379,1200,31.5833,synthetic
war_memorial,2026-08-29T15:00:00+00:00,424,1200,35.3333,synthetic
war_memorial,2026-08-29T15:15:00+00:00,488,1200,40.6667,synthetic
war_memorial,2026-08-29T15:30:00+00:00,530,1200,44.1667,synthetic
war_memorial,2026-08-29T15:45:00+00:00,613,1200,51.0833,synthetic
war_memorial,2026-08-29T16:00:00+00:00,648,1200,54.0,synthetic
war_memorial,2026-08-29T16:15:00+00:00,707,1200,58.9167,synthetic
war_memorial,2026-08-29T16:30:00+00:00,754,1200,62.8333,synthetic
war_memorial,2026-08-29T16:45:00+00:00,767,1200,63.9167,synthetic
war_memorial,2026-08-29T17:00:00+00:00,816,1200,68.0,synthetic
war_memorial,2026-08-29T17:15:00+00:00,823,1200,68.5833,synthetic
war_memorial,2026-08-29T17:30:00+00:00,859,1200,71.5833,synthetic
war_memorial,2026-08-29T17:45:00+00:00,850,1200,70.8333,synthetic
war_memorial,2026-08-29T18:00:00+00:00,860,1200,71.6667,synthetic
war_memorial,2026-08-29T18:15:00+00:00,877,1200,73.0833,synthetic
war_memorial,2026-08-29T18:30:00+00:00,852,1200,71.0,synthetic
war_memorial,2026-08-29T18:45:00+00:00,825,1200,68.75,synthetic
war_memorial,2026-08-29T19:00:00+00:00,802,1200,66.8333,synthetic
war_memorial,2026-08-29T19:15:00+00:00,817,1200,68.0833,synthetic
war_memorial,2026-08-29T19:30:00+00:00,753,1200,62.75,synthetic
war_memorial,2026-08-29T19:45:00+00:00,710,1200,59.1667,synthetic
war_memorial,2026-08-29T20:00:00+00:00,664,1200,55.3333,synthetic
war_memorial,2026-08-29T20:15:00+00:00,608,1200,50.6667,synthetic
war_memorial,2026-08-29T20:30:00+00:00,573,1200,47.75,synthetic
war_memorial,2026-08-29T20:45:00+00:00,516,1200,43.0,synthetic
war_memorial,2026-08-29T21:00:00+00:00,419,1200,34.9167,synthetic
war_memorial,2026-08-29T21:15:00+00:00,411,1200,34.25,synthetic
war_memorial,2026-08-29T21:30:00+00:00,357,1200,29.75,synthetic
war_memorial,2026-08-29T21:45:00+00:00,282,1200,23.5,synthetic
war_memorial,2026-08-29T22:00:00+00:00,253,1200,21.0833,synthetic
war_memorial,2026-08-29T22:15:00+00:00,183,1200,15.25,synthetic
war_memorial,2026-08-29T22:30:00+00:00,176,1200,14.6667,synthetic
war_memorial,2026-08-29T22:45:00+00:00,151,1200,12.5833,synthetic
war_memorial,2026-08-29T23:00:00+00:00,111,1200,9.25,synthetic
war_memorial,2026-08-29T23:15:00+00:00,75,1200,6.25,synthetic
war_memorial,2026-08-29T23:30:00+00:00,48,1200,4.0,synthetic
war_memorial,2026-08-29T23:45:00+00:00,60,1200,5.0,synthetic
war_memorial,2026-08-30T00:00:00+00:00,59,1200,4.9167,synthetic
war_memorial,2026-08-30T00:15:00+00:00,45,1200,3.75,synthetic
war_memorial,2026-08-30T00:30:00+00:00,23,1200,1.9167,synthetic
war_memorial,2026-08-30T00:45:00+00:00,39,1200,3.25,synthetic
war_memorial,2026-08-30T01:00:00+00:00,14,1200,1.1667,synthetic
war_memorial,2026-08-30T01:15:00+00:00,4,1200,0.3333,synthetic
war_memorial,2026-08-30T01:30:00+00:00,9,1200,0.75,synthetic
war_memorial,2026-08-30T01:45:00+00:00,25,1200,2.0833,synthetic
war_memorial,2026-08-30T02:00:00+00:00,0,1200,0.0,synthetic
war_memorial,2026-08-30T02:15:00+00:00,0,1200,0.0,synthetic
war_memorial,2026-08-30T02:30:00+00:00,4,1200,0.3333,synthetic
war_memorial,2026-08-30T02:45:00+00:00,29,1200,2.4167,synthetic
war_memorial,2026-08-30T03:00:00+00:00,35,1200,2.9167,synthetic
war_memorial,2026-08-30T03:15:00+00:00,13,1200,1.0833,synthetic
war_memorial,2026-08-30T03:30:00+00:00,0,1200,0.0,synthetic
war_memorial,2026-08-30T03:45:00+00:00,45,1200,3.75,synthetic
mccomas,2026-08-30T04:00:00+00:00,26,600,4.3333,synthetic
mccomas,2026-08-30T04:15:00+00:00,15,600,2.5,synthetic
mccomas,2026-08-30T04:30:00+00:00,17,600,2.8333,synthetic
mccomas,2026-08-30T04:45:00+00:00,15,600,2.5,synthetic
mccomas,2026-08-30T05:00:00+00:00,19,600,3.1667,synthetic
mccomas,2026-08-30T05:15:00+00:00,32,600,5.3333,synthetic
mccomas,2026-08-30T05:30:00+00:00,15,600,2.5,synthetic
mccomas,2026-08-30T05:45:00+00:00,6,600,1.0,synthetic
mccomas,2026-08-30T06:00:00+00:00,9,600,1.5,synthetic
mccomas,2026-08-30T06:15:00+00:00,26,600,4.3333,synthetic
mccomas,2026-08-30T06:30:00+00:00,28,600,4.6667,synthetic
mccomas,2026-08-30T06:45:00+00:00,26,600,4.3333,synthetic
mccomas,2026-08-30T07:00:00+00:00,47,600,7.8333,synthetic
mccomas,2026-08-30T07:15:00+00:00,44,600,7.3333,synthetic
mccomas,2026-08-30T07:30:00+00:00,27,600,4.5,synthetic
mccomas,2026-08-30T07:45:00+00:00,25,600,4.1667,synthetic
mccomas,2026-08-30T08:00:00+00:00,18,600,3.0,synthetic
mccomas,2026-08-30T08:15:00+00:00,23,600,3.8333,synthetic
mccomas,2026-08-30T08:30:00+00:00,18,600,3.0,synthetic
mccomas,2026-08-30T08:45:00+00:00,23,600,3.8333,synthetic
mccomas,2026-08-30T09:00:00+00:00,25,600,4.1667,synthetic
mccomas,2026-08-30T09:15:00+00:00,32,600,5.3333,synthetic
mccomas,2026-08-30T09:30:00+00:00,20,600,3.3333,synthetic
mccomas,2026-08-30T09:45:00+00:00,0,600,0.0,synthetic
mccomas,2026-08-30T10:00:00+00:00,1,600,0.1667,synthetic
mccomas,2026-08-30T10:15:00+00:00,24,600,4.0,synthetic
mccomas,2026-08-30T10:30:00+00:00,23,600,3.8333,synthetic
mccomas,2026-08-30T10:45:00+00:00,30,600,5.0,synthetic
mccomas,2026-08-30T11:00:00+00:00,8,600,1.3333,synthetic
mccomas,2026-08-30T11:15:00+00:00,9,600,1.5,synthetic
mccomas,2026-08-30T11:30:00+00:00,0,600,0.0,synthetic
mccomas,2026-08-30T11:45:00+00:00,8,600,1.3333,synthetic
mccomas,2026-08-30T12:00:00+00:00,34,600,5.6667,synthetic
mccomas,2026-08-30T12:15:00+00:00,47,600,7.8333,synthetic
mccomas,2026-08-30T12:30:00+00:00,64,600,10.6667,synthetic
mccomas,2026-08-30T12:45:00+00:00,80,600,13.3333,synthetic
mccomas,2026-08-30T13:00:00+00:00,81,600,13.5,synthetic
mccomas,2026-08-30T13:15:00+00:00,102,600,17.0,synthetic
mccomas,2026-08-30T13:30:00+00:00,118,600,19.6667,synthetic
mccomas,2026-08-30T13:45:00+00:00,132,600,22.0,synthetic
mccomas,2026-08-30T14:00:00+00:00,175,600,29.1667,synthetic
mccomas,2026-08-30T14:15:00+00:00,206,600,34.3333,synthetic
mccomas,2026-08-30T14:30:00+00:00,220,600,36.6667,synthetic
mccomas,2026-08-30T14:45:00+00:00,261,600,43.5,synthetic
mccomas,2026-08-30T15:00:00+00:00,285,600,47.5,synthetic
mccomas,2026-08-30T15:15:00+00:00,286,600,47.6667,synthetic
mccomas,2026-08-30T15:30:00+00:00,293,600,48.8333,synthetic
mccomas,2026-08-30T15:45:00+00:00,295,600,49.1667,synthetic
mccomas,2026-08-30T16:00:00+00:00,290,600,48.3333,synthetic
mccomas,2026-08-30T16:15:00+00:00,288,600,48.0,synthetic
mccomas,2026-08-30T16:30:00+00:00,260,600,43.3333,synthetic
mccomas,2026-08-30T16:45:00+00:00,256,600,42.6667,synthetic
mccomas,2026-08-30T17:00:00+00:00,235,600,39.1667,synthetic
mccomas,2026-08-30T17:15:00+00:00,240,600,40.0,synthetic
mccomas,2026-08-30T17:30:00+00:00,194,600,32.3333,synthetic
mccomas,2026-08-30T17:45:00+00:00,213,600,35.5,synthetic
mccomas,2026-08-30T18:00:00+00:00,204,600,34.0,synthetic
mccomas,2026-08-30T18:15:00+00:00,217,600,36.1667,synthetic
mccomas,2026-08-30T18:30:00+00:00,220,600,36.6667,synthetic
mccomas,2026-08-30T18:45:00+00:00,226,600,37.6667,synthetic
mccomas,2026-08-30T19:00:00+00:00,264,600,44.0,synthetic
mccomas,2026-08-30T19:15:00+00:00,286,600,47.6667,synthetic
mccomas,2026-08-30T19:30:00+00:00,287,600,47.8333,synthetic
mccomas,2026-08-30T19:45:00+00:00,304,600,50.6667,synthetic
mccomas,2026-08-30T20:00:00+00:00,326,600,54.3333,synthetic
mccomas,2026-08-30T20:15:00+00:00,328,600,54.6667,synthetic
mccomas,2026-08-30T20:30:00+00:00,323,600,53.8333,synthetic
mccomas,2026-08-30T20:45:00+00:00,334,600,55.6667,synthetic
mccomas,2026-08-30T21:00:00+00:00,328,600,54.6667,synthetic
mccomas,2026-08-30T21:15:00+00:00,325,600,54.1667,synthetic
mccomas,2026-08-30T21:30:00+00:00,273,600,45.5,synthetic
mccomas,2026-08-30T21:45:00+00:00,250,600,41.6667,synthetic
mccomas,2026-08-30T22:00:00+00:00,241,600,40.1667,synthetic
mccomas,2026-08-30T22:15:00+00:00,224,600,37.3333,synthetic
mccomas,2026-08-30T22:30:00+00:00,178,600,29.6667,synthetic
mccomas,2026-08-30T22:45:00+00:00,144,600,24.0,synthetic
mccomas,2026-08-30T23:00:00+00:00,125,600,20.8333,synthetic
mccomas,2026-08-30T23:15:00+00:00,98,600,16.3333,synthetic
mccomas,2026-08-30T23:30:00+00:00,95,600,15.8333,synthetic
mccomas,2026-08-30T23:45:00+00:00,85,600,14.1667,synthetic
mccomas,2026-08-31T00:00:00+00:00,67,600,11.1667,synthetic
mccomas,2026-08-31T00:15:00+00:00,46,600,7.6667,synthetic
mccomas,2026-08-31T00:30:00+00:00,34,600,5.6667,synthetic
mccomas,2026-08-31T00:45:00+00:00,8,600,1.3333,synthetic
mccomas,2026-08-31T01:00:00+00:00,0,600,0.0,synthetic
mccomas,2026-08-31T01:15:00+00:00,9,600,1.5,synthetic
mccomas,2026-08-31T01:30:00+00:00,4,600,0.6667,synthetic
mccomas,2026-08-31T01:45:00+00:00,8,600,1.3333,synthetic
mccomas,2026-08-31T02:00:00+00:00,13,600,2.1667,synthetic
mccomas,2026-08-31T02:15:00+00:00,23,600,3.8333,synthetic
mccomas,2026-08-31T02:30:00+00:00,22,600,3.6667,synthetic
mccomas,2026-08-31T02:45:00+00:00,42,600,7.0,synthetic
mccomas,2026-08-31T03:00:00+00:00,37,600,6.1667,synthetic
mccomas,2026-08-31T03:15:00+00:00,27,600,4.5,synthetic
mccomas,2026-08-31T03:30:00+00:00,32,600,5.3333,synthetic
mccomas,2026-08-31T03:45:00+00:00,27,600,4.5,synthetic
war_memorial,2026-08-30T04:00:00+00:00,38,1200,3.1667,synthetic
war_memorial,2026-08-30T04:15:00+00:00,55,1200,4.5833,synthetic
war_memorial,2026-08-30T04:30:00+00:00,70,1200,5.8333,synthetic
war_memorial,2026-08-30T04:45:00+00:00,62,1200,5.1667,synthetic
war_memorial,2026-08-30T05:00:00+00:00,65,1200,5.4167,synthetic
war_memorial,2026-08-30T05:15:00+00:00,105,1200,8.75,synthetic
war_memorial,2026-08-30T05:30:00+00:00,103,1200,8.5833,synthetic
war_memorial,2026-08-30T05:45:00+00:00,59,1200,4.9167,synthetic
war_memorial,2026-08-30T06:00:00+00:00,69,1200,5.75,synthetic
war_memorial,2026-08-30T06:15:00+00:00,47,1200,3.9167,synthetic
war_memorial,2026-08-30T06:30:00+00:00,35,1200,2.9167,synthetic
war_memorial,2026-08-30T06:45:00+00:00,92,1200,7.6667,synthetic
war_memorial,2026-08-30T07:00:00+00:00,44,1200,3.6667,synthetic
war_memorial,2026-08-30T07:15:00+00:00,76,1200,6.3333,synthetic
war_memorial,2026-08-30T07:30:00+00:00,46,1200,3.8333,synthetic
war_memorial,2026-08-30T07:45:00+00:00,57,1200,4.75,synthetic
war_memorial,2026-08-30T08:00:00+00:00,35,1200,2.9167,synthetic
war_memorial,2026-08-30T08:15:00+00:00,15,1200,1.25,synthetic
war_memorial,2026-08-30T08:30:00+00:00,43,1200,3.5833,synthetic
war_memorial,2026-08-30T08:45:00+00:00,31,1200,2.5833,synthetic
war_memorial,2026-08-30T09:00:00+00:00,46,1200,3.8333,synthetic
war_memorial,2026-08-30T09:15:00+00:00,38,1200,3.1667,synthetic
war_memorial,2026-08-30T09:30:00+00:00,22,1200,1.8333,synthetic
war_memorial,2026-08-30T09:45:00+00:00,12,1200,1.0,synthetic
war_memorial,2026-08-30T10:00:00+00:00,0,1200,0.0,synthetic
war_memorial,2026-08-30T10:15:00+00:00,7,1200,0.5833,synthetic
war_memorial,2026-08-30T10:30:00+00:00,6,1200,0.5,synthetic
war_memorial,2026-08-30T10:45:00+00:00,0,1200,0.0,synthetic
war_memorial,2026-08-30T11:00:00+00:00,22,1200,1.8333,synthetic
war_memorial,2026-08-30T11:15:00+00:00,31,1200,2.5833,synthetic
war_memorial,2026-08-30T11:30:00+00:00,23,1200,1.9167,synthetic
war_memorial,2026-08-30T11:45:00+00:00,52,1200,4.3333,synthetic
war_memorial,2026-08-30T12:00:00+00:00,14,1200,1.1667,synthetic
war_memorial,2026-08-30T12:15:00+00:00,41,1200,3.4167,synthetic
war_memorial,2026-08-30T12:30:00+00:00,59,1200,4.9167,synthetic
war_memorial,2026-08-30T12:45:00+00:00,115,1200,9.5833,synthetic
war_memorial,2026-08-30T13:00:00+00:00,104,1200,8.6667,synthetic
war_memorial,2026-08-30T13:15:00+00:00,104,1200,8.6667,synthetic
war_memorial,2026-08-30T13:30:00+00:00,141,1200,11.75,synthetic
war_memorial,2026-08-30T13:45:00+00:00,217,1200,18.0833,synthetic
war_memorial,2026-08-30T14:00:00+00:00,266,1200,22.1667,synthetic
war_memorial,2026-08-30T14:15:00+00:00,307,1200,25.5833,synthetic
war_memorial,2026-08-30T14:30:00+00:00,352,1200,29.3333,synthetic
war_memorial,2026-08-30T14:45:00+00:00,399,1200,33.25,synthetic
war_memorial,2026-08-30T15:00:00+00:00,479,1200,39.9167,synthetic
war_memorial,2026-08-30T15:15:00+00:00,525,1200,43.75,synthetic
war_memorial,2026-08-30T15:30:00+00:00,581,1200,48.4167,synthetic
war_memorial,2026-08-30T15:45:00+00:00,601,1200,50.0833,synthetic
war_memorial,2026-08-30T16:00:00+00:00,670,1200,55.8333,synthetic
war_memorial,2026-08-30T16:15:00+00:00,719,1200,59.9167,synthetic
war_memorial,2026-08-30T16:30:00+00:00,765,1200,63.75,synthetic
war_memorial,2026-08-30T16:45:00+00:00,774,1200,64.5,synthetic
war_memorial,2026-08-30T17:00:00+00:00,828,1200,69.0,synthetic
war_memorial,2026-08-30T17:15:00+00:00,836,1200,69.6667,synthetic
war_memorial,2026-08-30T17:30:00+00:00,859,1200,71.5833,synthetic
war_memorial,2026-08-30T17:45:00+00:00,837,1200,69.75,synthetic
war_memorial,2026-08-30T18:00:00+00:00,897,1200,74.75,synthetic
war_memorial,2026-08-30T18:15:00+00:00,892,1200,74.3333,synthetic
war_memorial,2026-08-30T18:30:00+00:00,879,1200,73.25,synthetic
war_memorial,2026-08-30T18:45:00+00:00,868,1200,72.3333,synthetic
war_memorial,2026-08-30T19:00:00+00:00,844,1200,70.3333,synthetic
war_memorial,2026-08-30T19:15:00+00:00,811,1200,67.5833,synthetic
war_memorial,2026-08-30T19:30:00+00:00,762,1200,63.5,synthetic
war_memorial,2026-08-30T19:45:00+00:00,728,1200,60.6667,synthetic
war_memorial,2026-08-30T20:00:00+00:00,717,1200,59.75,synthetic
war_memorial,2026-08-30T20:15:00+00:00,667,1200,55.5833,synthetic
war_memorial,2026-08-30T20:30:00+00:00,651,1200,54.25,synthetic
war_memorial,2026-08-30T20:45:00+00:00,560,1200,46.6667,synthetic
war_memorial,2026-08-30T21:00:00+00:00,533,1200,44.4167,synthetic
war_memorial,2026-08-30T21:15:00+00:00,452,1200,37.6667,synthetic
war_memorial,2026-08-30T21:30:00+00:00,409,1200,34.0833,synthetic
war_memorial,2026-08-30T21:45:00+00:00,334,1200,27.8333,synthetic
war_memorial,2026-08-30T22:00:00+00:00,312,1200,26.0,synthetic
war_memorial,2026-08-30T22:15:00+00:00,280,1200,23.3333,synthetic
war_memorial,2026-08-30T22:30:00+00:00,240,1200,20.0,synthetic
war_memorial,2026-08-30T22:45:00+00:00,152,1200,12.6667,synthetic
war_memorial,2026-08-30T23:00:00+00:00,117,1200,9.75,synthetic
war_memorial,2026-08-30T23:15:00+00:00,81,1200,6.75,synthetic
war_memorial,2026-08-30T23:30:00+00:00,65,1200,5.4167,synthetic
war_memorial,2026-08-30T23:45:00+00:00,85,1200,7.0833,synthetic
war_memorial,2026-08-31T00:00:00+00:00,31,1200,2.5833,synthetic
war_memorial,2026-08-31T00:15:00+00:00,81,1200,6.75,synthetic
war_memorial,2026-08-31T00:30:00+00:00,58,1200,4.8333,synthetic
war_memorial,2026-08-31T00:45:00+00:00,79,1200,6.5833,synthetic
war_memorial,2026-08-31T01:00:00+00:00,56,1200,4.6667,synthetic
war_memorial,2026-08-31T01:15:00+00:00,52,1200,4.3333,synthetic
war_memorial,2026-08-31T01:30:00+00:00,56,1200,4.6667,synthetic
war_memorial,2026-08-31T01:45:00+00:00,58,1200,4.8333,synthetic
war_memorial,2026-08-31T02:00:00+00:00,35,1200,2.9167,synthetic
war_memorial,2026-08-31T02:15:00+00:00,27,1200,2.25,synthetic
war_memorial,2026-08-31T02:30:00+00:00,49,1200,4.0833,synthetic
war_memorial,2026-08-31T02:45:00+00:00,58,1200,4.8333,synthetic
war_memorial,2026-08-31T03:00:00+00:00,55,1200,4.5833,synthetic
war_memorial,2026-08-31T03:15:00+00:00,27,1200,2.25,synthetic
war_memorial,2026-08-31T03:30:00+00:00,0,1200,0.0,synthetic
war_memorial,2026-08-31T03:45:00+00:00,30,1200,2.5,synthetic
mccomas,2026-08-31T04:00:00+00:00,20,600,3.3333,synthetic
mccomas,2026-08-31T04:15:00+00:00,8,600,1.3333,synthetic
mccomas,2026-08-31T04:30:00+00:00,16,600,2.6667,synthetic
mccomas,2026-08-31T04:45:00+00:00,18,600,3.0,synthetic
mccomas,2026-08-31T05:00:00+00:00,28,600,4.6667,synthetic
mccomas,2026-08-31T05:15:00+00:00,21,600,3.5,synthetic
mccomas,2026-08-31T05:30:00+00:00,16,600,2.6667,synthetic
mccomas,2026-08-31T05:45:00+00:00,25,600,4.1667,synthetic
mccomas,2026-08-31T06:00:00+00:00,10,600,1.6667,synthetic
mccomas,2026-08-31T06:15:00+00:00,18,600,3.0,synthetic
mccomas,2026-08-31T06:30:00+00:00,0,600,0.0,synthetic
mccomas,2026-08-31T06:45:00+00:00,2,600,0.3333,synthetic
mccomas,2026-08-31T07:00:00+00:00,11,600,1.8333,synthetic
mccomas,2026-08-31T07:15:00+00:00,0,600,0.0,synthetic
mccomas,2026-08-31T07:30:00+00:00,1,600,0.1667,synthetic
mccomas,2026-08-31T07:45:00+00:00,3,600,0.5,synthetic
mccomas,2026-08-31T08:00:00+00:00,6,600,1.0,synthetic
mccomas,2026-08-31T08:15:00+00:00,15,600,2.5,synthetic
mccomas,2026-08-31T08:30:00+00:00,13,600,2.1667,synthetic
mccomas,2026-08-31T08:45:00+00:00,4,600,0.6667,synthetic
mccomas,2026-08-31T09:00:00+00:00,26,600,4.3333,synthetic
mccomas,2026-08-31T09:15:00+00:00,8,600,1.3333,synthetic
mccomas,2026-08-31T09:30:00+00:00,21,600,3.5,synthetic
mccomas,2026-08-31T09:45:00+00:00,29,600,4.8333,synthetic
mccomas,2026-08-31T10:00:00+00:00,39,600,6.5,synthetic
mccomas,2026-08-31T10:15:00+00:00,81,600,13.5,synthetic
mccomas,2026-08-31T10:30:00+00:00,105,600,17.5,synthetic
mccomas,2026-08-31T10:45:00+00:00,118,600,19.6667,synthetic
mccomas,2026-08-31T11:00:00+00:00,127,600,21.1667,synthetic
mccomas,2026-08-31T11:15:00+00:00,145,600,24.1667,synthetic
mccomas,2026-08-31T11:30:00+00:00,147,600,24.5,synthetic
mccomas,2026-08-31T11:45:00+00:00,145,600,24.1667,synthetic
mccomas,2026-08-31T12:00:00+00:00,151,600,25.1667,synthetic
mccomas,2026-08-31T12:15:00+00:00,133,600,22.1667,synthetic
mccomas,2026-08-31T12:30:00+00:00,110,600,18.3333,synthetic
mccomas,2026-08-31T12:45:00+00:00,100,600,16.6667,synthetic
mccomas,2026-08-31T13:00:00+00:00,64,600,10.6667,synthetic
mccomas,2026-08-31T13:15:00+00:00,82,600,13.6667,synthetic
mccomas,2026-08-31T13:30:00+00:00,77,600,12.8333,synthetic
mccomas,2026-08-31T13:45:00+00:00,66,600,11.0,synthetic
mccomas,2026-08-31T14:00:00+00:00,58,600,9.6667,synthetic
mccomas,2026-08-31T14:15:00+00:00,81,600,13.5,synthetic
mccomas,2026-08-31T14:30:00+00:00,90,600,15.0,synthetic
mccomas,2026-08-31T14:45:00+00:00,111,600,18.5,synthetic
mccomas,2026-08-31T15:00:00+00:00,129,600,21.5,synthetic
mccomas,2026-08-31T15:15:00+00:00,126,600,21.0,synthetic
mccomas,2026-08-31T15:30:00+00:00,150,600,25.0,synthetic
mccomas,2026-08-31T15:45:00+00:00,161,600,26.8333,synthetic
mccomas,2026-08-31T16:00:00+00:00,171,600,28.5,synthetic
mccomas,2026-08-31T16:15:00+00:00,193,600,32.1667,synthetic
mccomas,2026-08-31T16:30:00+00:00,197,600,32.8333,synthetic
mccomas,2026-08-31T16:45:00+00:00,193,600,32.1667,synthetic
mccomas,2026-08-31T17:00:00+00:00,202,600,33.6667,synthetic
mccomas,2026-08-31T17:15:00+00:00,185,600,30.8333,synthetic
mccomas,2026-08-31T17:30:00+00:00,166,600,27.6667,synthetic
mccomas,2026-08-31T17:45:00+00:00,152,600,25.3333,synthetic
mccomas,2026-08-31T18:00:00+00:00,159,600,26.5,synthetic
mccomas,2026-08-31T18:15:00+00:00,142,600,23.6667,synthetic
mccomas,2026-08-31T18:30:00+00:00,149,600,24.8333,synthetic
mccomas,2026-08-31T18:45:00+00:00,148,600,24.6667,synthetic
mccomas,2026-08-31T19:00:00+00:00,168,600,28.0,synthetic
mccomas,2026-08-31T19:15:00+00:00,214,600,35.6667,synthetic
mccomas,2026-08-31T19:30:00+00:00,242,600,40.3333,synthetic
mccomas,2026-08-31T19:45:00+00:00,279,600,46.5,synthetic
mccomas,2026-08-31T20:00:00+00:00,320,600,53.3333,synthetic
mccomas,2026-08-31T20:15:00+00:00,344,600,57.3333,synthetic
mccomas,2026-08-31T20:30:00+00:00,375,600,62.5,synthetic
mccomas,2026-08-31T20:45:00+00:00,408,600,68.0,synthetic
mccomas,2026-08-31T21:00:00+00:00,406,600,67.6667,synthetic
mccomas,2026-08-31T21:15:00+00:00,442,600,73.6667,synthetic
mccomas,2026-08-31T21:30:00+00:00,417,600,69.5,synthetic
mccomas,2026-08-31T21:45:00+00:00,421,600,70.1667,synthetic
mccomas,2026-08-31T22:00:00+00:00,418,600,69.6667,synthetic
mccomas,2026-08-31T22:15:00+00:00,400,600,66.6667,synthetic
mccomas,2026-08-31T22:30:00+00:00,384,600,64.0,synthetic
mccomas,2026-08-31T22:45:00+00:00,361,600,60.1667,synthetic
mccomas,2026-08-31T23:00:00+00:00,323,600,53.8333,synthetic
mccomas,2026-08-31T23:15:00+00:00,266,600,44.3333,synthetic
mccomas,2026-08-31T23:30:00+00:00,225,600,37.5,synthetic
mccomas,2026-08-31T23:45:00+00:00,217,600,36.1667,synthetic
mccomas,2026-09-01T00:00:00+00:00,161,600,26.8333,synthetic
mccomas,2026-09-01T00:15:00+00:00,129,600,21.5,synthetic
mccomas,2026-09-01T00:30:00+00:00,95,600,15.8333,synthetic
mccomas,2026-09-01T00:45:00+00:00,73,600,12.1667,synthetic
mccomas,2026-09-01T01:00:00+00:00,42,600,7.0,synthetic
mccomas,2026-09-01T01:15:00+00:00,47,600,7.8333,synthetic
mccomas,2026-09-01T01:30:00+00:00,32,600,5.3333,synthetic
mccomas,2026-09-01T01:45:00+00:00,36,600,6.0,synthetic
mccomas,2026-09-01T02:00:00+00:00,34,600,5.6667,synthetic
mccomas,2026-09-01T02:15:00+00:00,35,600,5.8333,synthetic
mccomas,2026-09-01T02:30:00+00:00,16,600,2.6667,synthetic
mccomas,2026-09-01T02:45:00+00:00,17,600,2.8333,synthetic
mccomas,2026-09-01T03:00:00+00:00,15,600,2.5,synthetic
mccomas,2026-09-01T03:15:00+00:00,19,600,3.1667,synthetic
mccomas,2026-09-01T03:30:00+00:00,18,600,3.0,synthetic
mccomas,2026-09-01T03:45:00+00:00,0,600,0.0,synthetic
war_memorial,2026-08-31T04:00:00+00:00,0,1200,0.0,synthetic
war_memorial,2026-08-31T04:15:00+00:00,16,1200,1.3333,synthetic
war_memorial,2026-08-31T04:30:00+00:00,26,1200,2.1667,synthetic
war_memorial,2026-08-31T04:45:00+00:00,37,1200,3.0833,synthetic
war_memorial,2026-08-31T05:00:00+00:00,2,1200,0.1667,synthetic
war_memorial,2026-08-31T05:15:00+00:00,20,1200,1.6667,synthetic
war_memorial,2026-08-31T05:30:00+00:00,21,1200,1.75,synthetic
war_memorial,2026-08-31T05:45:00+00:00,6,1200,0.5,synthetic
war_memorial,2026-08-31T06:00:00+00:00,35,1200,2.9167,synthetic
war_memorial,2026-08-31T06:15:00+00:00,54,1200,4.5,synthetic
war_memorial,2026-08-31T06:30:00+00:00,53,1200,4.4167,synthetic
war_memorial,2026-08-31T06:45:00+00:00,36,1200,3.0,synthetic
war_memorial,2026-08-31T07:00:00+00:00,27,1200,2.25,synthetic
war_memorial,2026-08-31T07:15:00+00:00,15,1200,1.25,synthetic
war_memorial,2026-08-31T07:30:00+00:00,15,1200,1.25,synthetic
war_memorial,2026-08-31T07:45:00+00:00,0,1200,0.0,synthetic
war_memorial,2026-08-31T08:00:00+00:00,2,1200,0.1667,synthetic
war_memorial,2026-08-31T08:15:00+00:00,47,1200,3.9167,synthetic
war_memorial,2026-08-31T08:30:00+00:00,41,1200,3.4167,synthetic
war_memorial,2026-08-31T08:45:00+00:00,0,1200,0.0,synthetic
war_memorial,2026-08-31T09:00:00+00:00,0,1200,0.0,synthetic
war_memorial,2026-08-31T09:15:00+00:00,6,1200,0.5,synthetic
war_memorial,2026-08-31T09:30:00+00:00,0,1200,0.0,synthetic
war_memorial,2026-08-31T09:45:00+00:00,4,1200,0.3333,synthetic
war_memorial,2026-08-31T10:00:00+00:00,44,1200,3.6667,synthetic
war_memorial,2026-08-31T10:15:00+00:00,63,1200,5.25,synthetic
war_memorial,2026-08-31T10:30:00+00:00,123,1200,10.25,synthetic
war_memorial,2026-08-31T10:45:00+00:00,148,1200,12.3333,synthetic
war_memorial,2026-08-31T11:00:00+00:00,198,1200,16.5,synthetic
war_memorial,2026-08-31T11:15:00+00:00,250,1200,20.8333,synthetic
war_memorial,2026-08-31T11:30:00+00:00,284,1200,23.6667,synthetic
war_memorial,2026-08-31T11:45:00+00:00,344,1200,28.6667,synthetic
war_memorial,2026-08-31T12:00:00+00:00,331,1200,27.5833,synthetic
war_memorial,2026-08-31T12:15:00+00:00,304,1200,25.3333,synthetic
war_memorial,2026-08-31T12:30:00+00:00,290,1200,24.1667,synthetic
war_memorial,2026-08-31T12:45:00+00:00,294,1200,24.5,synthetic
war_memorial,2026-08-31T13:00:00+00:00,234,1200,19.5,synthetic
war_memorial,2026-08-31T13:15:00+00:00,178,1200,14.8333,synthetic
war_memorial,2026-08-31T13:30:00+00:00,131,1200,10.9167,synthetic
war_memorial,2026-08-31T13:45:00+00:00,112,1200,9.3333,synthetic
war_memorial,2026-08-31T14:00:00+00:00,122,1200,10.1667,synthetic
war_memorial,2026-08-31T14:15:00+00:00,152,1200,12.6667,synthetic
war_memorial,2026-08-31T14:30:00+00:00,178,1200,14.8333,synthetic
war_memorial,2026-08-31T14:45:00+00:00,178,1200,14.8333,synthetic
war_memorial,2026-08-31T15:00:00+00:00,235,1200,19.5833,synthetic
war_memorial,2026-08-31T15:15:00+00:00,240,1200,20.0,synthetic
war_memorial,2026-08-31T15:30:00+00:00,258,1200,21.5,synthetic
war_memorial,2026-08-31T15:45:00+00:00,292,1200,24.3333,synthetic
war_memorial,2026-08-31T16:00:00+00:00,326,1200,27.1667,synthetic
war_memorial,2026-08-31T16:15:00+00:00,349,1200,29.0833,synthetic
war_memorial,2026-08-31T16:30:00+00:00,344,1200,28.6667,synthetic
war_memorial,2026-08-31T16:45:00+00:00,368,1200,30.6667,synthetic
war_memorial,2026-08-31T17:00:00+00:00,340,1200,28.3333,synthetic
war_memorial,2026-08-31T17:15:00+00:00,343,1200,28.5833,synthetic
war_memorial,2026-08-31T17:30:00+00:00,283,1200,23.5833,synthetic
war_memorial,2026-08-31T17:45:00+00:00,275,1200,22.9167,synthetic
war_memorial,2026-08-31T18:00:00+00:00,237,1200,19.75,synthetic
war_memorial,2026-08-31T18:15:00+00:00,216,1200,18.0,synthetic
war_memorial,2026-08-31T18:30:00+00:00,195,1200,16.25,synthetic
war_memorial,2026-08-31T18:45:00+00:00,207,1200,17.25,synthetic
war_memorial,2026-08-31T19:00:00+00:00,212,1200,17.6667,synthetic
war_memorial,2026-08-31T19:15:00+00:00,196,1200,16.3333,synthetic
war_memorial,2026-08-31T19:30:00+00:00,244,1200,20.3333,synthetic
war_memorial,2026-08-31T19:45:00+00:00,259,1200,21.5833,synthetic
war_memorial,2026-08-31T20:00:00+00:00,264,1200,22.0,synthetic
war_memorial,2026-08-31T20:15:00+00:00,359,1200,29.9167,synthetic
war_memorial,2026-08-31T20:30:00+00:00,438,1200,36.5,synthetic
war_memorial,2026-08-31T20:45:00+00:00,477,1200,39.75,synthetic
war_memorial,2026-08-31T21:00:00+00:00,542,1200,45.1667,synthetic
war_memorial,2026-08-31T21:15:00+00:00,614,1200,51.1667,synthetic
war_memorial,2026-08-31T21:30:00+00:00,675,1200,56.25,synthetic
war_memorial,2026-08-31T21:45:00+00:00,714,1200,59.5,synthetic
war_memorial,2026-08-31T22:00:00+00:00,702,1200,58.5,synthetic
war_memorial,2026-08-31T22:15:00+00:00,757,1200,63.0833,synthetic
war_memorial,2026-08-31T22:30:00+00:00,749,1200,62.4167,synthetic
war_memorial,2026-08-31T22:45:00+00:00,788,1200,65.6667,synthetic
war_memorial,2026-08-31T23:00:00+00:00,744,1200,62.0,synthetic
war_memorial,2026-08-31T23:15:00+00:00,721,1200,60.0833,synthetic
war_memorial,2026-08-31T23:30:00+00:00,694,1200,57.8333,synthetic
war_memorial,2026-08-31T23:45:00+00:00,628,1200,52.3333,synthetic
war_memorial,2026-09-01T00:00:00+00:00,560,1200,46.6667,synthetic
war_memorial,2026-09-01T00:15:00+00:00,471,1200,39.25,synthetic
war_memorial,2026-09-01T00:30:00+00:00,413,1200,34.4167,synthetic
war_memorial,2026-09-01T00:45:00+00:00,328,1200,27.3333,synthetic
war_memorial,2026-09-01T01:00:00+00:00,274,1200,22.8333,synthetic
war_memorial,2026-09-01T01:15:00+00:00,201,1200,16.75,synthetic
war_memorial,2026-09-01T01:30:00+00:00,159,1200,13.25,synthetic
war_memorial,2026-09-01T01:45:00+00:00,124,1200,10.3333,synthetic
war_memorial,2026-09-01T02:00:00+00:00,71,1200,5.9167,synthetic
war_memorial,2026-09-01T02:15:00+00:00,34,1200,2.8333,synthetic
war_memorial,2026-09-01T02:30:00+00:00,26,1200,2.1667,synthetic
war_memorial,2026-09-01T02:45:00+00:00,63,1200,5.25,synthetic
war_memorial,2026-09-01T03:00:00+00:00,59,1200,4.9167,synthetic
war_memorial,2026-09-01T03:15:00+00:00,50,1200,4.1667,synthetic
war_memorial,2026-09-01T03:30:00+00:00,57,1200,4.75,synthetic
war_memorial,2026-09-01T03:45:00+00:00,35,1200,2.9167,synthetic
mccomas,2026-09-01T04:00:00+00:00,33,600,5.5,synthetic
mccomas,2026-09-01T04:15:00+00:00,40,600,6.6667,synthetic
mccomas,2026-09-01T04:30:00+00:00,58,600,9.6667,synthetic
mccomas,2026-09-01T04:45:00+00:00,66,600,11.0,synthetic
mccomas,2026-09-01T05:00:00+00:00,51,600,8.5,synthetic
mccomas,2026-09-01T05:15:00+00:00,56,600,9.3333,synthetic
mccomas,2026-09-01T05:30:00+00:00,63,600,10.5,synthetic
mccomas,2026-09-01T05:45:00+00:00,55,600,9.1667,synthetic
mccomas,2026-09-01T06:00:00+00:00,42,600,7.0,synthetic
mccomas,2026-09-01T06:15:00+00:00,43,600,7.1667,synthetic
mccomas,2026-09-01T06:30:00+00:00,46,600,7.6667,synthetic
mccomas,2026-09-01T06:45:00+00:00,40,600,6.6667,synthetic
mccomas,2026-09-01T07:00:00+00:00,42,600,7.0,synthetic
mccomas,2026-09-01T07:15:00+00:00,49,600,8.1667,synthetic
mccomas,2026-09-01T07:30:00+00:00,58,600,9.6667,synthetic
mccomas,2026-09-01T07:45:00+00:00,32,600,5.3333,synthetic
mccomas,2026-09-01T08:00:00+00:00,34,600,5.6667,synthetic
mccomas,2026-09-01T08:15:00+00:00,35,600,5.8333,synthetic
mccomas,2026-09-01T08:30:00+00:00,48,600,8.0,synthetic
mccomas,2026-09-01T08:45:00+00:00,45,600,7.5,synthetic
mccomas,2026-09-01T09:00:00+00:00,51,600,8.5,synthetic
mccomas,2026-09-01T09:15:00+00:00,52,600,8.6667,synthetic
mccomas,2026-09-01T09:30:00+00:00,49,600,8.1667,synthetic
mccomas,2026-09-01T09:45:00+00:00,65,600,10.8333,synthetic
mccomas,2026-09-01T10:00:00+00:00,79,600,13.1667,synthetic
mccomas,2026-09-01T10:15:00+00:00,124,600,20.6667,synthetic
mccomas,2026-09-01T10:30:00+00:00,141,600,23.5,synthetic
mccomas,2026-09-01T10:45:00+00:00,146,600,24.3333,synthetic
mccomas,2026-09-01T11:00:00+00:00,147,600,24.5,synthetic
mccomas,2026-09-01T11:15:00+00:00,176,600,29.3333,synthetic
mccomas,2026-09-01T11:30:00+00:00,166,600,27.6667,synthetic
mccomas,2026-09-01T11:45:00+00:00,172,600,28.6667,synthetic
mccomas,2026-09-01T12:00:00+00:00,162,600,27.0,synthetic
mccomas,2026-09-01T12:15:00+00:00,150,600,25.0,synthetic
mccomas,2026-09-01T12:30:00+00:00,122,600,20.3333,synthetic
mccomas,2026-09-01T12:45:00+00:00,104,600,17.3333,synthetic
mccomas,2026-09-01T13:00:00+00:00,92,600,15.3333,synthetic
mccomas,2026-09-01T13:15:00+00:00,87,600,14.5,synthetic
mccomas,2026-09-01T13:30:00+00:00,82,600,13.6667,synthetic
mccomas,2026-09-01T13:45:00+00:00,88,600,14.6667,synthetic
mccomas,2026-09-01T14:00:00+00:00,86,600,14.3333,synthetic
mccomas,2026-09-01T14:15:00+00:00,89,600,14.8333,synthetic
mccomas,2026-09-01T14:30:00+00:00,119,600,19.8333,synthetic
mccomas,2026-09-01T14:45:00+00:00,136,600,22.6667,synthetic
mccomas,2026-09-01T15:00:00+00:00,135,600,22.5,synthetic
mccomas,2026-09-01T15:15:00+00:00,164,600,27.3333,synthetic
mccomas,2026-09-01T15:30:00+00:00,193,600,32.1667,synthetic
mccomas,2026-09-01T15:45:00+00:00,194,600,32.3333,synthetic
mccomas,2026-09-01T16:00:00+00:00,233,600,38.8333,synthetic
mccomas,2026-09-01T16:15:00+00:00,226,600,37.6667,synthetic
mccomas,2026-09-01T16:30:00+00:00,232,600,38.6667,synthetic
mccomas,2026-09-01T16:45:00+00:00,219,600,36.5,synthetic
mccomas,2026-09-01T17:00:00+00:00,258,600,43.0,synthetic
mccomas,2026-09-01T17:15:00+00:00,236,600,39.3333,synthetic
mccomas,2026-09-01T17:30:00+00:00,219,600,36.5,synthetic
mccomas,2026-09-01T17:45:00+00:00,218,600,36.3333,synthetic
mccomas,2026-09-01T18:00:00+00:00,207,600,34.5,synthetic
mccomas,2026-09-01T18:15:00+00:00,208,600,34.6667,synthetic
mccomas,2026-09-01T18:30:00+00:00,211,600,35.1667,synthetic
mccomas,2026-09-01T18:45:00+00:00,196,600,32.6667,synthetic
mccomas,2026-09-01T19:00:00+00:00,214,600,35.6667,synthetic
mccomas,2026-09-01T19:15:00+00:00,239,600,39.8333,synthetic
mccomas,2026-09-01T19:30:00+00:00,284,600,47.3333,synthetic
mccomas,2026-09-01T19:45:00+00:00,298,600,49.6667,synthetic
mccomas,2026-09-01T20:00:00+00:00,335,600,55.8333,synthetic
mccomas,2026-09-01T20:15:00+00:00,361,600,60.1667,synthetic
mccomas,2026-09-01T20:30:00+00:00,398,600,66.3333,synthetic
mccomas,2026-09-01T20:45:00+00:00,421,600,70.1667,synthetic
mccomas,2026-09-01T21:00:00+00:00,445,600,74.1667,synthetic
mccomas,2026-09-01T21:15:00+00:00,460,600,76.6667,synthetic
mccomas,2026-09-01T21:30:00+00:00,477,600,79.5,synthetic
mccomas,2026-09-01T21:45:00+00:00,464,600,77.3333,synthetic
mccomas,2026-09-01T22:00:00+00:00,460,600,76.6667,synthetic
mccomas,2026-09-01T22:15:00+00:00,437,600,72.8333,synthetic
mccomas,2026-09-01T22:30:00+00:00,405,600,67.5,synthetic
mccomas,2026-09-01T22:45:00+00:00,376,600,62.6667,synthetic
mccomas,2026-09-01T23:00:00+00:00,338,600,56.3333,synthetic
mccomas,2026-09-01T23:15:00+00:00,305,600,50.8333,synthetic
mccomas,2026-09-01T23:30:00+00:00,244,600,40.6667,synthetic
mccomas,2026-09-01T23:45:00+00:00,213,600,35.5,synthetic
mccomas,2026-09-02T00:00:00+00:00,176,600,29.3333,synthetic
mccomas,2026-09-02T00:15:00+00:00,136,600,22.6667,synthetic
mccomas,2026-09-02T00:30:00+00:00,120,600,20.0,synthetic
mccomas,2026-09-02T00:45:00+00:00,115,600,19.1667,synthetic
mccomas,2026-09-02T01:00:00+00:00,103,600,17.1667,synthetic
mccomas,2026-09-02T01:15:00+00:00,80,600,13.3333,synthetic
mccomas,2026-09-02T01:30:00+00:00,70,600,11.6667,synthetic
mccomas,2026-09-02T01:45:00+00:00,52,600,8.6667,synthetic
mccomas,2026-09-02T02:00:00+00:00,39,600,6.5,synthetic
mccomas,2026-09-02T02:15:00+00:00,36,600,6.0,synthetic
mccomas,2026-09-02T02:30:00+00:00,28,600,4.6667,synthetic
mccomas,2026-09-02T02:45:00+00:00,27,600,4.5,synthetic
mccomas,2026-09-02T03:00:00+00:00,46,600,7.6667,synthetic
mccomas,2026-09-02T03:15:00+00:00,47,600,7.8333,synthetic
mccomas,2026-09-02T03:30:00+00:00,59,600,9.8333,synthetic
mccomas,2026-09-02T03:45:00+00:00,34,600,5.6667,synthetic
war_memorial,2026-09-01T04:00:00+00:00,32,1200,2.6667,synthetic
war_memorial,2026-09-01T04:15:00+00:00,0,1200,0.0,synthetic
war_memorial,2026-09-01T04:30:00+00:00,0,1200,0.0,synthetic
war_memorial,2026-09-01T04:45:00+00:00,0,1200,0.0,synthetic
war_memorial,2026-09-01T05:00:00+00:00,2,1200,0.1667,synthetic
war_memorial,2026-09-01T05:15:00+00:00,0,1200,0.0,synthetic
war_memorial,2026-09-01T05:30:00+00:00,21,1200,1.75,synthetic
war_memorial,2026-09-01T05:45:00+00:00,3,1200,0.25,synthetic
war_memorial,2026-09-01T06:00:00+00:00,3,1200,0.25,synthetic
war_memorial,2026-09-01T06:15:00+00:00,27,1200,2.25,synthetic
war_memorial,2026-09-01T06:30:00+00:00,5,1200,0.4167,synthetic
war_memorial,2026-09-01T06:45:00+00:00,2,1200,0.1667,synthetic
war_memorial,2026-09-01T07:00:00+00:00,0,1200,0.0,synthetic
war_memorial,2026-09-01T07:15:00+00:00,1,1200,0.0833,synthetic
war_memorial,2026-09-01T07:30:00+00:00,0,1200,0.0,synthetic
war_memorial,2026-09-01T07:45:00+00:00,0,1200,0.0,synthetic
war_memorial,2026-09-01T08:00:00+00:00,33,1200,2.75,synthetic
war_memorial,2026-09-01T08:15:00+00:00,38,1200,3.1667,synthetic
war_memorial,2026-09-01T08:30:00+00:00,12,1200,1.0,synthetic
war_memorial,2026-09-01T08:45:00+00:00,22,1200,1.8333,synthetic
war_memorial,2026-09-01T09:00:00+00:00,6,1200,0.5,synthetic
war_memorial,2026-09-01T09:15:00+00:00,44,1200,3.6667,synthetic
war_memorial,2026-09-01T09:30:00+00:00,54,1200,4.5,synthetic
war_memorial,2026-09-01T09:45:00+00:00,55,1200,4.5833,synthetic
war_memorial,2026-09-01T10:00:00+00:00,75,1200,6.25,synthetic
war_memorial,2026-09-01T10:15:00+00:00,102,1200,8.5,synthetic
war_memorial,2026-09-01T10:30:00+00:00,148,1200,12.3333,synthetic
war_memorial,2026-09-01T10:45:00+00:00,194,1200,16.1667,synthetic
war_memorial,2026-09-01T11:00:00+00:00,261,1200,21.75,synthetic
war_memorial,2026-09-01T11:15:00+00:00,296,1200,24.6667,synthetic
war_memorial,2026-09-01T11:30:00+00:00,326,1200,27.1667,synthetic
war_memorial,2026-09-01T11:45:00+00:00,325,1200,27.0833,synthetic
war_memorial,2026-09-01T12:00:00+00:00,327,1200,27.25,synthetic
war_memorial,2026-09-01T12:15:00+00:00,349,1200,29.0833,synthetic
war_memorial,2026-09-01T12:30:00+00:00,319,1200,26.5833,synthetic
war_memorial,2026-09-01T12:45:00+00:00,304,1200,25.3333,synthetic
war_memorial,2026-09-01T13:00:00+00:00,246,1200,20.5,synthetic
war_memorial,2026-09-01T13:15:00+00:00,188,1200,15.6667,synthetic
war_memorial,2026-09-01T13:30:00+00:00,149,1200,12.4167,synthetic
war_memorial,2026-09-01T13:45:00+00:00,113,1200,9.4167,synthetic
war_memorial,2026-09-01T14:00:00+00:00,98,1200,8.1667,synthetic
war_memorial,2026-09-01T14:15:00+00:00,137,1200,11.4167,synthetic
war_memorial,2026-09-01T14:30:00+00:00,147,1200,12.25,synthetic
war_memorial,2026-09-01T14:45:00+00:00,160,1200,13.3333,synthetic
war_memorial,2026-09-01T15:00:00+00:00,208,1200,17.3333,synthetic
war_memorial,2026-09-01T15:15:00+00:00,238,1200,19.8333,synthetic
war_memorial,2026-09-01T15:30:00+00:00,308,1200,25.6667,synthetic
war_memorial,2026-09-01T15:45:00+00:00,299,1200,24.9167,synthetic
war_memorial,2026-09-01T16:00:00+00:00,349,1200,29.0833,synthetic
war_memorial,2026-09-01T16:15:00+00:00,412,1200,34.3333,synthetic
war_memorial,2026-09-01T16:30:00+00:00,396,1200,33.0,synthetic
war_memorial,2026-09-01T16:45:00+00:00,369,1200,30.75,synthetic
war_memorial,2026-09-01T17:00:00+00:00,378,1200,31.5,synthetic
war_memorial,2026-09-01T17:15:00+00:00,374,1200,31.1667,synthetic
war_memorial,2026-09-01T17:30:00+00:00,342,1200,28.5,synthetic
war_memorial,2026-09-01T17:45:00+00:00,289,1200,24.0833,synthetic
war_memorial,2026-09-01T18:00:00+00:00,259,1200,21.5833,synthetic
war_memorial,2026-09-01T18:15:00+00:00,304,1200,25.3333,synthetic
war_memorial,2026-09-01T18:30:00+00:00,255,1200,21.25,synthetic
war_memorial,2026-09-01T18:45:00+00:00,235,1200,19.5833,synthetic
war_memorial,2026-09-01T19:00:00+00:00,225,1200,18.75,synthetic
war_memorial,2026-09-01T19:15:00+00:00,245,1200,20.4167,synthetic
war_memorial,2026-09-01T19:30:00+00:00,268,1200,22.3333,synthetic
war_memorial,2026-09-01T19:45:00+00:00,257,1200,21.4167,synthetic
war_memorial,2026-09-01T20:00:00+00:00,291,1200,24.25,synthetic
war_memorial,2026-09-01T20:15:00+00:00,356,1200,29.6667,synthetic
war_memorial,2026-09-01T20:30:00+00:00,373,1200,31.0833,synthetic
war_memorial,2026-09-01T20:45:00+00:00,449,1200,37.4167,synthetic
war_memorial,2026-09-01T21:00:00+00:00,518,1200,43.1667,synthetic
war_memorial,2026-09-01T21:15:00+00:00,597,1200,49.75,synthetic
war_memorial,2026-09-01T21:30:00+00:00,662,1200,55.1667,synthetic
war_memorial,2026-09-01T21:45:00+00:00,722,1200,60.1667,synthetic
war_memorial,2026-09-01T22:00:00+00:00,749,1200,62.4167,synthetic
war_memorial,2026-09-01T22:15:00+00:00,760,1200,63.3333,synthetic
war_memorial,2026-09-01T22:30:00+00:00,760,1200,63.3333,synthetic
war_memorial,2026-09-01T22:45:00+00:00,752,1200,62.6667,synthetic
war_memorial,2026-09-01T23:00:00+00:00,730,1200,60.8333,synthetic
war_memorial,2026-09-01T23:15:00+00:00,738,1200,61.5,synthetic
war_memorial,2026-09-01T23:30:00+00:00,694,1200,57.8333,synthetic
war_memorial,2026-09-01T23:45:00+00:00,618,1200,51.5,synthetic
war_memorial,2026-09-02T00:00:00+00:00,576,1200,48.0,synthetic
war_memorial,2026-09-02T00:15:00+00:00,474,1200,39.5,synthetic
war_memorial,2026-09-02T00:30:00+00:00,383,1200,31.9167,synthetic
war_memorial,2026-09-02T00:45:00+00:00,361,1200,30.0833,synthetic
war_memorial,2026-09-02T01:00:00+00:00,258,1200,21.5,synthetic
war_memorial,2026-09-02T01:15:00+00:00,208,1200,17.3333,synthetic
war_memorial,2026-09-02T01:30:00+00:00,190,1200,15.8333,synthetic
war_memorial,2026-09-02T01:45:00+00:00,159,1200,13.25,synthetic
war_memorial,2026-09-02T02:00:00+00:00,137,1200,11.4167,synthetic
war_memorial,2026-09-02T02:15:00+00:00,84,1200,7.0,synthetic
war_memorial,2026-09-02T02:30:00+00:00,34,1200,2.8333,synthetic
war_memorial,2026-09-02T02:45:00+00:00,74,1200,6.1667,synthetic
war_memorial,2026-09-02T03:00:00+00:00,82,1200,6.8333,synthetic
war_memorial,2026-09-02T03:15:00+00:00,35,1200,2.9167,synthetic
war_memorial,2026-09-02T03:30:00+00:00,0,1200,0.0,synthetic
war_memorial,2026-09-02T03:45:00+00:00,8,1200,0.6667,synthetic
mccomas,2026-09-02T04:00:00+00:00,19,600,3.1667,synthetic
mccomas,2026-09-02T04:15:00+00:00,3,600,0.5,synthetic
mccomas,2026-09-02T04:30:00+00:00,19,600,3.1667,synthetic
mccomas,2026-09-02T04:45:00+00:00,8,600,1.3333,synthetic
mccomas,2026-09-02T05:00:00+00:00,7,600,1.1667,synthetic
mccomas,2026-09-02T05:15:00+00:00,0,600,0.0,synthetic
mccomas,2026-09-02T05:30:00+00:00,14,600,2.3333,synthetic
mccomas,2026-09-02T05:45:00+00:00,0,600,0.0,synthetic
mccomas,2026-09-02T06:00:00+00:00,7,600,1.1667,synthetic
mccomas,2026-09-02T06:15:00+00:00,0,600,0.0,synthetic
mccomas,2026-09-02T06:30:00+00:00,0,600,0.0,synthetic
mccomas,2026-09-02T06:45:00+00:00,0,600,0.0,synthetic
mccomas,2026-09-02T07:00:00+00:00,6,600,1.0,synthetic
mccomas,2026-09-02T07:15:00+00:00,5,600,0.8333,synthetic
mccomas,2026-09-02T07:30:00+00:00,0,600,0.0,synthetic
mccomas,2026-09-02T07:45:00+00:00,0,600,0.0,synthetic
mccomas,2026-09-02T08:00:00+00:00,3,600,0.5,synthetic
mccomas,2026-09-02T08:15:00+00:00,4,600,0.6667,synthetic
mccomas,2026-09-02T08:30:00+00:00,28,600,4.6667,synthetic
mccomas,2026-09-02T08:45:00+00:00,27,600,4.5,synthetic
mccomas,2026-09-02T09:00:00+00:00,20,600,3.3333,synthetic
mccomas,2026-09-02T09:15:00+00:00,8,600,1.3333,synthetic
mccomas,2026-09-02T09:30:00+00:00,37,600,6.1667,synthetic
mccomas,2026-09-02T09:45:00+00:00,42,600,7.0,synthetic
mccomas,2026-09-02T10:00:00+00:00,79,600,13.1667,synthetic
mccomas,2026-09-02T10:15:00+00:00,100,600,16.6667,synthetic
mccomas,2026-09-02T10:30:00+00:00,122,600,20.3333,synthetic
mccomas,2026-09-02T10:45:00+00:00,133,600,22.1667,synthetic
mccomas,2026-09-02T11:00:00+00:00,151,600,25.1667,synthetic
mccomas,2026-09-02T11:15:00+00:00,155,600,25.8333,synthetic
mccomas,2026-09-02T11:30:00+00:00,157,600,26.1667,synthetic
mccomas,2026-09-02T11:45:00+00:00,152,600,25.3333,synthetic
mccomas,2026-09-02T12:00:00+00:00,128,600,21.3333,synthetic
mccomas,2026-09-02T12:15:00+00:00,105,600,17.5,synthetic
mccomas,2026-09-02T12:30:00+00:00,107,600,17.8333,synthetic
mccomas,2026-09-02T12:45:00+00:00,90,600,15.0,synthetic
mccomas,2026-09-02T13:00:00+00:00,60,600,10.0,synthetic
mccomas,2026-09-02T13:15:00+00:00,61,600,10.1667,synthetic
mccomas,2026-09-02T13:30:00+00:00,56,600,9.3333,synthetic
mccomas,2026-09-02T13:45:00+00:00,62,600,10.3333,synthetic
mccomas,2026-09-02T14:00:00+00:00,61,600,10.1667,synthetic
mccomas,2026-09-02T14:15:00+00:00,69,600,11.5,synthetic
mccomas,2026-09-02T14:30:00+00:00,93,600,15.5,synthetic
mccomas,2026-09-02T14:45:00+00:00,102,600,17.0,synthetic
mccomas,2026-09-02T15:00:00+00:00,122,600,20.3333,synthetic
mccomas,2026-09-02T15:15:00+00:00,167,600,27.8333,synthetic
mccomas,2026-09-02T15:30:00+00:00,168,600,28.0,synthetic
mccomas,2026-09-02T15:45:00+00:00,180,600,30.0,synthetic
mccomas,2026-09-02T16:00:00+00:00,198,600,33.0,synthetic
mccomas,2026-09-02T16:15:00+00:00,182,600,30.3333,synthetic
mccomas,2026-09-02T16:30:00+00:00,173,600,28.8333,synthetic
mccomas,2026-09-02T16:45:00+00:00,199,600,33.1667,synthetic
mccomas,2026-09-02T17:00:00+00:00,180,600,30.0,synthetic
mccomas,2026-09-02T17:15:00+00:00,194,600,32.3333,synthetic
mccomas,2026-09-02T17:30:00+00:00,204,600,34.0,synthetic
mccomas,2026-09-02T17:45:00+00:00,171,600,28.5,synthetic
mccomas,2026-09-02T18:00:00+00:00,181,600,30.1667,synthetic
mccomas,2026-09-02T18:15:00+00:00,165,600,27.5,synthetic
mccomas,2026-09-02T18:30:00+00:00,181,600,30.1667,synthetic
mccomas,2026-09-02T18:45:00+00:00,197,600,32.8333,synthetic
mccomas,2026-09-02T19:00:00+00:00,213,600,35.5,synthetic
mccomas,2026-09-02T19:15:00+00:00,207,600,34.5,synthetic
mccomas,2026-09-02T19:30:00+00:00,246,600,41.0,synthetic
mccomas,2026-09-02T19:45:00+00:00,288,600,48.0,synthetic
mccomas,2026-09-02T20:00:00+00:00,324,600,54.0,synthetic
mccomas,2026-09-02T20:15:00+00:00,358,600,59.6667,synthetic
mccomas,2026-09-02T20:30:00+00:00,385,600,64.1667,synthetic
mccomas,2026-09-02T20:45:00+00:00,407,600,67.8333,synthetic
mccomas,2026-09-02T21:00:00+00:00,403,600,67.1667,synthetic
mccomas,2026-09-02T21:15:00+00:00,438,600,73.0,synthetic
mccomas,2026-09-02T21:30:00+00:00,440,600,73.3333,synthetic
mccomas,2026-09-02T21:45:00+00:00,434,600,72.3333,synthetic
mccomas,2026-09-02T22:00:00+00:00,437,600,72.8333,synthetic
mccomas,2026-09-02T22:15:00+00:00,421,600,70.1667,synthetic
mccomas,2026-09-02T22:30:00+00:00,373,600,62.1667,synthetic
mccomas,2026-09-02T22:45:00+00:00,337,600,56.1667,synthetic
mccomas,2026-09-02T23:00:00+00:00,294,600,49.0,synthetic
mccomas,2026-09-02T23:15:00+00:00,274,600,45.6667,synthetic
mccomas,2026-09-02T23:30:00+00:00,231,600,38.5,synthetic
mccomas,2026-09-02T23:45:00+00:00,199,600,33.1667,synthetic
mccomas,2026-09-03T00:00:00+00:00,174,600,29.0,synthetic
mccomas,2026-09-03T00:15:00+00:00,142,600,23.6667,synthetic
mccomas,2026-09-03T00:30:00+00:00,92,600,15.3333,synthetic
mccomas,2026-09-03T00:45:00+00:00,85,600,14.1667,synthetic
mccomas,2026-09-03T01:00:00+00:00,65,600,10.8333,synthetic
mccomas,2026-09-03T01:15:00+00:00,50,600,8.3333,synthetic
mccomas,2026-09-03T01:30:00+00:00,41,600,6.8333,synthetic
mccomas,2026-09-03T01:45:00+00:00,27,600,4.5,synthetic
mccomas,2026-09-03T02:00:00+00:00,4,600,0.6667,synthetic
mccomas,2026-09-03T02:15:00+00:00,3,600,0.5,synthetic
mccomas,2026-09-03T02:30:00+00:00,0,600,0.0,synthetic
mccomas,2026-09-03T02:45:00+00:00,9,600,1.5,synthetic
mccomas,2026-09-03T03:00:00+00:00,0,600,0.0,synthetic
mccomas,2026-09-03T03:15:00+00:00,0,600,0.0,synthetic
mccomas,2026-09-03T03:30:00+00:00,0,600,0.0,synthetic
mccomas,2026-09-03T03:45:00+00:00,1,600,0.1667,synthetic
war_memorial,2026-09-02T04:00:00+00:00,45,1200,3.75,synthetic
war_memorial,2026-09-02T04:15:00+00:00,40,1200,3.3333,synthetic
war_memorial,2026-09-02T04:30:00+00:00,48,1200,4.0,synthetic
war_memorial,2026-09-02T04:45:00+00:00,40,1200,3.3333,synthetic
war_memorial,2026-09-02T05:00:00+00:00,78,1200,6.5,synthetic
war_memorial,2026-09-02T05:15:00+00:00,36,1200,3.0,synthetic
war_memorial,2026-09-02T05:30:00+00:00,48,1200,4.0,synthetic
war_memorial,2026-09-02T05:45:00+00:00,58,1200,4.8333,synthetic
war_memorial,2026-09-02T06:00:00+00:00,36,1200,3.0,synthetic
war_memorial,2026-09-02T06:15:00+00:00,3,1200,0.25,synthetic
war_memorial,2026-09-02T06:30:00+00:00,10,1200,0.8333,synthetic
war_memorial,2026-09-02T06:45:00+00:00,23,1200,1.9167,synthetic
war_memorial,2026-09-02T07:00:00+00:00,39,1200,3.25,synthetic
war_memorial,2026-09-02T07:15:00+00:00,57,1200,4.75,synthetic
war_memorial,2026-09-02T07:30:00+00:00,26,1200,2.1667,synthetic
war_memorial,2026-09-02T07:45:00+00:00,5,1200,0.4167,synthetic
war_memorial,2026-09-02T08:00:00+00:00,25,1200,2.0833,synthetic
war_memorial,2026-09-02T08:15:00+00:00,20,1200,1.6667,synthetic
war_memorial,2026-09-02T08:30:00+00:00,19,1200,1.5833,synthetic
war_memorial,2026-09-02T08:45:00+00:00,47,1200,3.9167,synthetic
war_memorial,2026-09-02T09:00:00+00:00,36,1200,3.0,synthetic
war_memorial,2026-09-02T09:15:00+00:00,34,1200,2.8333,synthetic
war_memorial,2026-09-02T09:30:00+00:00,53,1200,4.4167,synthetic
war_memorial,2026-09-02T09:45:00+00:00,76,1200,6.3333,synthetic
war_memorial,2026-09-02T10:00:00+00:00,96,1200,8.0,synthetic
war_memorial,2026-09-02T10:15:00+00:00,158,1200,13.1667,synthetic
war_memorial,2026-09-02T10:30:00+00:00,166,1200,13.8333,synthetic
war_memorial,2026-09-02T10:45:00+00:00,201,1200,16.75,synthetic
war_memorial,2026-09-02T11:00:00+00:00,230,1200,19.1667,synthetic
war_memorial,2026-09-02T11:15:00+00:00,282,1200,23.5,synthetic
war_memorial,2026-09-02T11:30:00+00:00,313,1200,26.0833,synthetic
war_memorial,2026-09-02T11:45:00+00:00,359,1200,29.9167,synthetic
war_memorial,2026-09-02T12:00:00+00:00,356,1200,29.6667,synthetic
war_memorial,2026-09-02T12:15:00+00:00,357,1200,29.75,synthetic
war_memorial,2026-09-02T12:30:00+00:00,325,1200,27.0833,synthetic
war_memorial,2026-09-02T12:45:00+00:00,326,1200,27.1667,synthetic
war_memorial,2026-09-02T13:00:00+00:00,300,1200,25.0,synthetic
war_memorial,2026-09-02T13:15:00+00:00,247,1200,20.5833,synthetic
war_memorial,2026-09-02T13:30:00+00:00,227,1200,18.9167,synthetic
war_memorial,2026-09-02T13:45:00+00:00,185,1200,15.4167,synthetic
war_memorial,2026-09-02T14:00:00+00:00,180,1200,15.0,synthetic
war_memorial,2026-09-02T14:15:00+00:00,162,1200,13.5,synthetic
war_memorial,2026-09-02T14:30:00+00:00,172,1200,14.3333,synthetic
war_memorial,2026-09-02T14:45:00+00:00,208,1200,17.3333,synthetic
war_memorial,2026-09-02T15:00:00+00:00,219,1200,18.25,synthetic
war_memorial,2026-09-02T15:15:00+00:00,243,1200,20.25,synthetic
war_memorial,2026-09-02T15:30:00+00:00,246,1200,20.5,synthetic
war_memorial,2026-09-02T15:45:00+00:00,291,1200,24.25,synthetic
war_memorial,2026-09-02T16:00:00+00:00,328,1200,27.3333,synthetic
war_memorial,2026-09-02T16:15:00+00:00,300,1200,25.0,synthetic
war_memorial,2026-09-02T16:30:00+00:00,319,1200,26.5833,synthetic
war_memorial,2026-09-02T16:45:00+00:00,387,1200,32.25,synthetic
war_memorial,2026-09-02T17:00:00+00:00,330,1200,27.5,synthetic
war_memorial,2026-09-02T17:15:00+00:00,311,1200,25.9167,synthetic
war_memorial,2026-09-02T17:30:00+00:00,316,1200,26.3333,synthetic
war_memorial,2026-09-02T17:45:00+00:00,276,1200,23.0,synthetic
war_memorial,2026-09-02T18:00:00+00:00,238,1200,19.8333,synthetic
war_memorial,2026-09-02T18:15:00+00:00,224,1200,18.6667,synthetic
war_memorial,2026-09-02T18:30:00+00:00,216,1200,18.0,synthetic
war_memorial,2026-09-02T18:45:00+00:00,198,1200,16.5,synthetic
war_memorial,2026-09-02T19:00:00+00:00,177,1200,14.75,synthetic
war_memorial,2026-09-02T19:15:00+00:00,172,1200,14.3333,synthetic
war_memorial,2026-09-02T19:30:00+00:00,241,1200,20.0833,synthetic
war_memorial,2026-09-02T19:45:00+00:00,290,1200,24.1667,synthetic
war_memorial,2026-09-02T20:00:00+00:00,329,1200,27.4167,synthetic
war_memorial,2026-09-02T20:15:00+00:00,394,1200,32.8333,synthetic
war_memorial,2026-09-02T20:30:00+00:00,452,1200,37.6667,synthetic
war_memorial,2026-09-02T20:45:00+00:00,478,1200,39.8333,synthetic
war_memorial,2026-09-02T21:00:00+00:00,552,1200,46.0,synthetic
war_memorial,2026-09-02T21:15:00+00:00,618,1200,51.5,synthetic
war_memorial,2026-09-02T21:30:00+00:00,699,1200,58.25,synthetic
war_memorial,2026-09-02T21:45:00+00:00,713,1200,59.4167,synthetic
war_memorial,2026-09-02T22:00:00+00:00,751,1200,62.5833,synthetic
war_memorial,2026-09-02T22:15:00+00:00,785,1200,65.4167,synthetic
war_memorial,2026-09-02T22:30:00+00:00,784,1200,65.3333,synthetic
war_memorial,2026-09-02T22:45:00+00:00,801,1200,66.75,synthetic
war_memorial,2026-09-02T23:00:00+00:00,769,1200,64.0833,synthetic
war_memorial,2026-09-02T23:15:00+00:00,745,1200,62.0833,synthetic
war_memorial,2026-09-02T23:30:00+00:00,677,1200,56.4167,synthetic
war_memorial,2026-09-02T23:45:00+00:00,626,1200,52.1667,synthetic
war_memorial,2026-09-03T00:00:00+00:00,561,1200,46.75,synthetic
war_memorial,2026-09-03T00:15:00+00:00,477,1200,39.75,synthetic
war_memorial,2026-09-03T00:30:00+00:00,426,1200,35.5,synthetic
war_memorial,2026-09-03T00:45:00+00:00,346,1200,28.8333,synthetic
war_memorial,2026-09-03T01:00:00+00:00,259,1200,21.5833,synthetic
war_memorial,2026-09-03T01:15:00+00:00,223,1200,18.5833,synthetic
war_memorial,2026-09-03T01:30:00+00:00,133,1200,11.0833,synthetic
war_memorial,2026-09-03T01:45:00+00:00,132,1200,11.0,synthetic
war_memorial,2026-09-03T02:00:00+00:00,69,1200,5.75,synthetic
war_memorial,2026-09-03T02:15:00+00:00,66,1200,5.5,synthetic
war_memorial,2026-09-03T02:30:00+00:00,63,1200,5.25,synthetic
war_memorial,2026-09-03T02:45:00+00:00,44,1200,3.6667,synthetic
war_memorial,2026-09-03T03:00:00+00:00,41,1200,3.4167,synthetic
war_memorial,2026-09-03T03:15:00+00:00,22,1200,1.8333,synthetic
war_memorial,2026-09-03T03:30:00+00:00,39,1200,3.25,synthetic
war_memorial,2026-09-03T03:45:00+00:00,67,1200,5.5833,synthetic
mccomas,2026-09-03T04:00:00+00:00,5,600,0.8333,synthetic
mccomas,2026-09-03T04:15:00+00:00,24,600,4.0,synthetic
mccomas,2026-09-03T04:30:00+00:00,20,600,3.3333,synthetic
mccomas,2026-09-03T04:45:00+00:00,28,600,4.6667,synthetic
mccomas,2026-09-03T05:00:00+00:00,6,600,1.0,synthetic
mccomas,2026-09-03T05:15:00+00:00,6,600,1.0,synthetic
mccomas,2026-09-03T05:30:00+00:00,16,600,2.6667,synthetic
mccomas,2026-09-03T05:45:00+00:00,0,600,0.0,synthetic
mccomas,2026-09-03T06:00:00+00:00,0,600,0.0,synthetic
mccomas,2026-09-03T06:15:00+00:00,25,600,4.1667,synthetic
mccomas,2026-09-03T06:30:00+00:00,15,600,2.5,synthetic
mccomas,2026-09-03T06:45:00+00:00,22,600,3.6667,synthetic
mccomas,2026-09-03T07:00:00+00:00,11,600,1.8333,synthetic
mccomas,2026-09-03T07:15:00+00:00,3,600,0.5,synthetic
mccomas,2026-09-03T07:30:00+00:00,14,600,2.3333,synthetic
mccomas,2026-09-03T07:45:00+00:00,17,600,2.8333,synthetic
mccomas,2026-09-03T08:00:00+00:00,29,600,4.8333,synthetic
mccomas,2026-09-03T08:15:00+00:00,20,600,3.3333,synthetic
mccomas,2026-09-03T08:30:00+00:00,3,600,0.5,synthetic
mccomas,2026-09-03T08:45:00+00:00,14,600,2.3333,synthetic
mccomas,2026-09-03T09:00:00+00:00,30,600,5.0,synthetic
mccomas,2026-09-03T09:15:00+00:00,15,600,2.5,synthetic
mccomas,2026-09-03T09:30:00+00:00,33,600,5.5,synthetic
mccomas,2026-09-03T09:45:00+00:00,55,600,9.1667,synthetic
mccomas,2026-09-03T10:00:00+00:00,70,600,11.6667,synthetic
mccomas,2026-09-03T10:15:00+00:00,97,600,16.1667,synthetic
mccomas,2026-09-03T10:30:00+00:00,104,600,17.3333,synthetic
mccomas,2026-09-03T10:45:00+00:00,139,600,23.1667,synthetic
mccomas,2026-09-03T11:00:00+00:00,147,600,24.5,synthetic
mccomas,2026-09-03T11:15:00+00:00,159,600,26.5,synthetic
mccomas,2026-09-03T11:30:00+00:00,159,600,26.5,synthetic
mccomas,2026-09-03T11:45:00+00:00,163,600,27.1667,synthetic
mccomas,2026-09-03T12:00:00+00:00,140,600,23.3333,synthetic
mccomas,2026-09-03T12:15:00+00:00,121,600,20.1667,synthetic
mccomas,2026-09-03T12:30:00+00:00,115,600,19.1667,synthetic
mccomas,2026-09-03T12:45:00+00:00,115,600,19.1667,synthetic
mccomas,2026-09-03T13:00:00+00:00,80,600,13.3333,synthetic
mccomas,2026-09-03T13:15:00+00:00,65,600,10.8333,synthetic
mccomas,2026-09-03T13:30:00+00:00,82,600,13.6667,synthetic
mccomas,2026-09-03T13:45:00+00:00,53,600,8.8333,synthetic
mccomas,2026-09-03T14:00:00+00:00,75,600,12.5,synthetic
mccomas,2026-09-03T14:15:00+00:00,85,600,14.1667,synthetic
mccomas,2026-09-03T14:30:00+00:00,107,600,17.8333,synthetic
mccomas,2026-09-03T14:45:00+00:00,111,600,18.5,synthetic
mccomas,2026-09-03T15:00:00+00:00,115,600,19.1667,synthetic
mccomas,2026-09-03T15:15:00+00:00,142,600,23.6667,synthetic
mccomas,2026-09-03T15:30:00+00:00,167,600,27.8333,synthetic
mccomas,2026-09-03T15:45:00+00:00,159,600,26.5,synthetic
mccomas,2026-09-03T16:00:00+00:00,175,600,29.1667,synthetic
mccomas,2026-09-03T16:15:00+00:00,204,600,34.0,synthetic
mccomas,2026-09-03T16:30:00+00:00,206,600,34.3333,synthetic
mccomas,2026-09-03T16:45:00+00:00,209,600,34.8333,synthetic
mccomas,2026-09-03T17:00:00+00:00,195,600,32.5,synthetic
mccomas,2026-09-03T17:15:00+00:00,199,600,33.1667,synthetic
mccomas,2026-09-03T17:30:00+00:00,201,600,33.5,synthetic
mccomas,2026-09-03T17:45:00+00:00,186,600,31.0,synthetic
mccomas,2026-09-03T18:00:00+00:00,179,600,29.8333,synthetic
mccomas,2026-09-03T18:15:00+00:00,176,600,29.3333,synthetic
mccomas,2026-09-03T18:30:00+00:00,194,600,32.3333,synthetic
mccomas,2026-09-03T18:45:00+00:00,206,600,34.3333,synthetic
mccomas,2026-09-03T19:00:00+00:00,217,600,36.1667,synthetic
mccomas,2026-09-03T19:15:00+00:00,228,600,38.0,synthetic
mccomas,2026-09-03T19:30:00+00:00,255,600,42.5,synthetic
mccomas,2026-09-03T19:45:00+00:00,283,600,47.1667,synthetic
mccomas,2026-09-03T20:00:00+00:00,311,600,51.8333,synthetic
mccomas,2026-09-03T20:15:00+00:00,355,600,59.1667,synthetic
mccomas,2026-09-03T20:30:00+00:00,395,600,65.8333,synthetic
mccomas,2026-09-03T20:45:00+00:00,425,600,70.8333,synthetic
mccomas,2026-09-03T21:00:00+00:00,433,600,72.1667,synthetic
mccomas,2026-09-03T21:15:00+00:00,457,600,76.1667,synthetic
mccomas,2026-09-03T21:30:00+00:00,461,600,76.8333,synthetic
mccomas,2026-09-03T21:45:00+00:00,454,600,75.6667,synthetic
mccomas,2026-09-03T22:00:00+00:00,463,600,77.1667,synthetic
mccomas,2026-09-03T22:15:00+00:00,444,600,74.0,synthetic
mccomas,2026-09-03T22:30:00+00:00,420,600,70.0,synthetic
mccomas,2026-09-03T22:45:00+00:00,379,600,63.1667,synthetic
mccomas,2026-09-03T23:00:00+00:00,335,600,55.8333,synthetic
mccomas,2026-09-03T23:15:00+00:00,323,600,53.8333,synthetic
mccomas,2026-09-03T23:30:00+00:00,265,600,44.1667,synthetic
mccomas,2026-09-03T23:45:00+00:00,226,600,37.6667,synthetic
mccomas,2026-09-04T00:00:00+00:00,196,600,32.6667,synthetic
mccomas,2026-09-04T00:15:00+00:00,157,600,26.1667,synthetic
mccomas,2026-09-04T00:30:00+00:00,146,600,24.3333,synthetic
mccomas,2026-09-04T00:45:00+00:00,134,600,22.3333,synthetic
mccomas,2026-09-04T01:00:00+00:00,90,600,15.0,synthetic
mccomas,2026-09-04T01:15:00+00:00,63,600,10.5,synthetic
mccomas,2026-09-04T01:30:00+00:00,55,600,9.1667,synthetic
mccomas,2026-09-04T01:45:00+00:00,36,600,6.0,synthetic
mccomas,2026-09-04T02:00:00+00:00,18,600,3.0,synthetic
mccomas,2026-09-04T02:15:00+00:00,26,600,4.3333,synthetic
mccomas,2026-09-04T02:30:00+00:00,17,600,2.8333,synthetic
mccomas,2026-09-04T02:45:00+00:00,0,600,0.0,synthetic
mccomas,2026-09-04T03:00:00+00:00,8,600,1.3333,synthetic
mccomas,2026-09-04T03:15:00+00:00,19,600,3.1667,synthetic
mccomas,2026-09-04T03:30:00+00:00,14,600,2.3333,synthetic
mccomas,2026-09-04T03:45:00+00:00,15,600,2.5,synthetic
war_memorial,2026-09-03T04:00:00+00:00,74,1200,6.1667,synthetic
war_memorial,2026-09-03T04:15:00+00:00,105,1200,8.75,synthetic
war_memorial,2026-09-03T04:30:00+00:00,116,1200,9.6667,synthetic
war_memorial,2026-09-03T04:45:00+00:00,105,1200,8.75,synthetic
war_memorial,2026-09-03T05:00:00+00:00,93,1200,7.75,synthetic
war_memorial,2026-09-03T05:15:00+00:00,101,1200,8.4167,synthetic
war_memorial,2026-09-03T05:30:00+00:00,110,1200,9.1667,synthetic
war_memorial,2026-09-03T05:45:00+00:00,89,1200,7.4167,synthetic
war_memorial,2026-09-03T06:00:00+00:00,99,1200,8.25,synthetic
war_memorial,2026-09-03T06:15:00+00:00,117,1200,9.75,synthetic
war_memorial,2026-09-03T06:30:00+00:00,143,1200,11.9167,synthetic
war_memorial,2026-09-03T06:45:00+00:00,87,1200,7.25,synthetic
war_memorial,2026-09-03T07:00:00+00:00,69,1200,5.75,synthetic
war_memorial,2026-09-03T07:15:00+00:00,47,1200,3.9167,synthetic
war_memorial,2026-09-03T07:30:00+00:00,57,1200,4.75,synthetic
war_memorial,2026-09-03T07:45:00+00:00,66,1200,5.5,synthetic
war_memorial,2026-09-03T08:00:00+00:00,54,1200,4.5,synthetic
war_memorial,2026-09-03T08:15:00+00:00,37,1200,3.0833,synthetic
war_memorial,2026-09-03T08:30:00+00:00,41,1200,3.4167,synthetic
war_memorial,2026-09-03T08:45:00+00:00,52,1200,4.3333,synthetic
war_memorial,2026-09-03T09:00:00+00:00,47,1200,3.9167,synthetic
war_memorial,2026-09-03T09:15:00+00:00,18,1200,1.5,synthetic
war_memorial,2026-09-03T09:30:00+00:00,74,1200,6.1667,synthetic
war_memorial,2026-09-03T09:45:00+00:00,73,1200,6.0833,synthetic
war_memorial,2026-09-03T10:00:00+00:00,92,1200,7.6667,synthetic
war_memorial,2026-09-03T10:15:00+00:00,107,1200,8.9167,synthetic
war_memorial,2026-09-03T10:30:00+00:00,147,1200,12.25,synthetic
war_memorial,2026-09-03T10:45:00+00:00,192,1200,16.0,synthetic
war_memorial,2026-09-03T11:00:00+00:00,248,1200,20.6667,synthetic
war_memorial,2026-09-03T11:15:00+00:00,272,1200,22.6667,synthetic
war_memorial,2026-09-03T11:30:00+00:00,297,1200,24.75,synthetic
war_memorial,2026-09-03T11:45:00+00:00,335,1200,27.9167,synthetic
war_memorial,2026-09-03T12:00:00+00:00,355,1200,29.5833,synthetic
war_memorial,2026-09-03T12:15:00+00:00,317,1200,26.4167,synthetic
war_memorial,2026-09-03T12:30:00+00:00,325,1200,27.0833,synthetic
war_memorial,2026-09-03T12:45:00+00:00,348,1200,29.0,synthetic
war_memorial,2026-09-03T13:00:00+00:00,293,1200,24.4167,synthetic
war_memorial,2026-09-03T13:15:00+00:00,265,1200,22.0833,synthetic
war_memorial,2026-09-03T13:30:00+00:00,243,1200,20.25,synthetic
war_memorial,2026-09-03T13:45:00+00:00,195,1200,16.25,synthetic
war_memorial,2026-09-03T14:00:00+00:00,186,1200,15.5,synthetic
war_memorial,2026-09-03T14:15:00+00:00,221,1200,18.4167,synthetic
war_memorial,2026-09-03T14:30:00+00:00,264,1200,22.0,synthetic
war_memorial,2026-09-03T14:45:00+00:00,276,1200,23.0,synthetic
war_memorial,2026-09-03T15:00:00+00:00,305,1200,25.4167,synthetic
war_memorial,2026-09-03T15:15:00+00:00,320,1200,26.6667,synthetic
war_memorial,2026-09-03T15:30:00+00:00,382,1200,31.8333,synthetic
war_memorial,2026-09-03T15:45:00+00:00,420,1200,35.0,synthetic
war_memorial,2026-09-03T16:00:00+00:00,434,1200,36.1667,synthetic
war_memorial,2026-09-03T16:15:00+00:00,475,1200,39.5833,synthetic
war_memorial,2026-09-03T16:30:00+00:00,517,1200,43.0833,synthetic
war_memorial,2026-09-03T16:45:00+00:00,443,1200,36.9167,synthetic
war_memorial,2026-09-03T17:00:00+00:00,452,1200,37.6667,synthetic
war_memorial,2026-09-03T17:15:00+00:00,421,1200,35.0833,synthetic
war_memorial,2026-09-03T17:30:00+00:00,446,1200,37.1667,synthetic
war_memorial,2026-09-03T17:45:00+00:00,403,1200,33.5833,synthetic
war_memorial,2026-09-03T18:00:00+00:00,355,1200,29.5833,synthetic
war_memorial,2026-09-03T18:15:00+00:00,320,1200,26.6667,synthetic
war_memorial,2026-09-03T18:30:00+00:00,313,1200,26.0833,synthetic
war_memorial,2026-09-03T18:45:00+00:00,286,1200,23.8333,synthetic
war_memorial,2026-09-03T19:00:00+00:00,301,1200,25.0833,synthetic
war_memorial,2026-09-03T19:15:00+00:00,261,1200,21.75,synthetic
war_memorial,2026-09-03T19:30:00+00:00,303,1200,25.25,synthetic
war_memorial,2026-09-03T19:45:00+00:00,344,1200,28.6667,synthetic
war_memorial,2026-09-03T20:00:00+00:00,390,1200,32.5,synthetic
war_memorial,2026-09-03T20:15:00+00:00,426,1200,35.5,synthetic
war_memorial,2026-09-03T20:30:00+00:00,492,1200,41.0,synthetic
war_memorial,2026-09-03T20:45:00+00:00,542,1200,45.1667,synthetic
war_memorial,2026-09-03T21:00:00+00:00,622,1200,51.8333,synthetic
war_memorial,2026-09-03T21:15:00+00:00,665,1200,55.4167,synthetic
war_memorial,2026-09-03T21:30:00+00:00,725,1200,60.4167,synthetic
war_memorial,2026-09-03T21:45:00+00:00,814,1200,67.8333,synthetic
war_memorial,2026-09-03T22:00:00+00:00,835,1200,69.5833,synthetic
war_memorial,2026-09-03T22:15:00+00:00,863,1200,71.9167,synthetic
war_memorial,2026-09-03T22:30:00+00:00,907,1200,75.5833,synthetic
war_memorial,2026-09-03T22:45:00+00:00,863,1200,71.9167,synthetic
war_memorial,2026-09-03T23:00:00+00:00,841,1200,70.0833,synthetic
war_memorial,2026-09-03T23:15:00+00:00,829,1200,69.0833,synthetic
war_memorial,2026-09-03T23:30:00+00:00,743,1200,61.9167,synthetic
war_memorial,2026-09-03T23:45:00+00:00,680,1200,56.6667,synthetic
war_memorial,2026-09-04T00:00:00+00:00,635,1200,52.9167,synthetic
war_memorial,2026-09-04T00:15:00+00:00,528,1200,44.0,synthetic
war_memorial,2026-09-04T00:30:00+00:00,477,1200,39.75,synthetic
war_memorial,2026-09-04T00:45:00+00:00,425,1200,35.4167,synthetic
war_memorial,2026-09-04T01:00:00+00:00,349,1200,29.0833,synthetic
war_memorial,2026-09-04T01:15:00+00:00,300,1200,25.0,synthetic
war_memorial,2026-09-04T01:30:00+00:00,271,1200,22.5833,synthetic
war_memorial,2026-09-04T01:45:00+00:00,250,1200,20.8333,synthetic
war_memorial,2026-09-04T02:00:00+00:00,265,1200,22.0833,synthetic
war_memorial,2026-09-04T02:15:00+00:00,203,1200,16.9167,synthetic
war_memorial,2026-09-04T02:30:00+00:00,202,1200,16.8333,synthetic
war_memorial,2026-09-04T02:45:00+00:00,248,1200,20.6667,synthetic
war_memorial,2026-09-04T03:00:00+00:00,223,1200,18.5833,synthetic
war_memorial,2026-09-04T03:15:00+00:00,196,1200,16.3333,synthetic
war_memorial,2026-09-04T03:30:00+00:00,162,1200,13.5,synthetic
war_memorial,2026-09-04T03:45:00+00:00,145,1200,12.0833,synthetic
mccomas,2026-09-04T04:00:00+00:00,30,600,5.0,synthetic
mccomas,2026-09-04T04:15:00+00:00,32,600,5.3333,synthetic
mccomas,2026-09-04T04:30:00+00:00,33,600,5.5,synthetic
mccomas,2026-09-04T04:45:00+00:00,27,600,4.5,synthetic
mccomas,2026-09-04T05:00:00+00:00,40,600,6.6667,synthetic
mccomas,2026-09-04T05:15:00+00:00,51,600,8.5,synthetic
mccomas,2026-09-04T05:30:00+00:00,58,600,9.6667,synthetic
mccomas,2026-09-04T05:45:00+00:00,49,600,8.1667,synthetic
mccomas,2026-09-04T06:00:00+00:00,53,600,8.8333,synthetic
mccomas,2026-09-04T06:15:00+00:00,42,600,7.0,synthetic
mccomas,2026-09-04T06:30:00+00:00,24,600,4.0,synthetic
mccomas,2026-09-04T06:45:00+00:00,11,600,1.8333,synthetic
mccomas,2026-09-04T07:00:00+00:00,23,600,3.8333,synthetic
mccomas,2026-09-04T07:15:00+00:00,13,600,2.1667,synthetic
mccomas,2026-09-04T07:30:00+00:00,30,600,5.0,synthetic
mccomas,2026-09-04T07:45:00+00:00,28,600,4.6667,synthetic
mccomas,2026-09-04T08:00:00+00:00,30,600,5.0,synthetic
mccomas,2026-09-04T08:15:00+00:00,25,600,4.1667,synthetic
mccomas,2026-09-04T08:30:00+00:00,18,600,3.0,synthetic
mccomas,2026-09-04T08:45:00+00:00,25,600,4.1667,synthetic
mccomas,2026-09-04T09:00:00+00:00,43,600,7.1667,synthetic
mccomas,2026-09-04T09:15:00+00:00,59,600,9.8333,synthetic
mccomas,2026-09-04T09:30:00+00:00,53,600,8.8333,synthetic
mccomas,2026-09-04T09:45:00+00:00,77,600,12.8333,synthetic
mccomas,2026-09-04T10:00:00+00:00,92,600,15.3333,synthetic
mccomas,2026-09-04T10:15:00+00:00,97,600,16.1667,synthetic
mccomas,2026-09-04T10:30:00+00:00,120,600,20.0,synthetic
mccomas,2026-09-04T10:45:00+00:00,135,600,22.5,synthetic
mccomas,2026-09-04T11:00:00+00:00,147,600,24.5,synthetic
mccomas,2026-09-04T11:15:00+00:00,134,600,22.3333,synthetic
mccomas,2026-09-04T11:30:00+00:00,157,600,26.1667,synthetic
mccomas,2026-09-04T11:45:00+00:00,146,600,24.3333,synthetic
mccomas,2026-09-04T12:00:00+00:00,137,600,22.8333,synthetic
mccomas,2026-09-04T12:15:00+00:00,130,600,21.6667,synthetic
mccomas,2026-09-04T12:30:00+00:00,133,600,22.1667,synthetic
mccomas,2026-09-04T12:45:00+00:00,107,600,17.8333,synthetic
mccomas,2026-09-04T13:00:00+00:00,106,600,17.6667,synthetic
mccomas,2026-09-04T13:15:00+00:00,84,600,14.0,synthetic
mccomas,2026-09-04T13:30:00+00:00,72,600,12.0,synthetic
mccomas,2026-09-04T13:45:00+00:00,79,600,13.1667,synthetic
mccomas,2026-09-04T14:00:00+00:00,89,600,14.8333,synthetic
mccomas,2026-09-04T14:15:00+00:00,83,600,13.8333,synthetic
mccomas,2026-09-04T14:30:00+00:00,100,600,16.6667,synthetic
mccomas,2026-09-04T14:45:00+00:00,110,600,18.3333,synthetic
mccomas,2026-09-04T15:00:00+00:00,134,600,22.3333,synthetic
mccomas,2026-09-04T15:15:00+00:00,141,600,23.5,synthetic
mccomas,2026-09-04T15:30:00+00:00,161,600,26.8333,synthetic
mccomas,2026-09-04T15:45:00+00:00,182,600,30.3333,synthetic
mccomas,2026-09-04T16:00:00+00:00,171,600,28.5,synthetic
mccomas,2026-09-04T16:15:00+00:00,184,600,30.6667,synthetic
mccomas,2026-09-04T16:30:00+00:00,167,600,27.8333,synthetic
mccomas,2026-09-04T16:45:00+00:00,190,600,31.6667,synthetic
mccomas,2026-09-04T17:00:00+00:00,180,600,30.0,synthetic
mccomas,2026-09-04T17:15:00+00:00,181,600,30.1667,synthetic
mccomas,2026-09-04T17:30:00+00:00,190,600,31.6667,synthetic
mccomas,2026-09-04T17:45:00+00:00,173,600,28.8333,synthetic
mccomas,2026-09-04T18:00:00+00:00,174,600,29.0,synthetic
mccomas,2026-09-04T18:15:00+00:00,177,600,29.5,synthetic
mccomas,2026-09-04T18:30:00+00:00,165,600,27.5,synthetic
mccomas,2026-09-04T18:45:00+00:00,192,600,32.0,synthetic
mccomas,2026-09-04T19:00:00+00:00,199,600,33.1667,synthetic
mccomas,2026-09-04T19:15:00+00:00,213,600,35.5,synthetic
mccomas,2026-09-04T19:30:00+00:00,246,600,41.0,synthetic
mccomas,2026-09-04T19:45:00+00:00,280,600,46.6667,synthetic
mccomas,2026-09-04T20:00:00+00:00,308,600,51.3333,synthetic
mccomas,2026-09-04T20:15:00+00:00,332,600,55.3333,synthetic
mccomas,2026-09-04T20:30:00+00:00,368,600,61.3333,synthetic
mccomas,2026-09-04T20:45:00+00:00,394,600,65.6667,synthetic
mccomas,2026-09-04T21:00:00+00:00,431,600,71.8333,synthetic
mccomas,2026-09-04T21:15:00+00:00,460,600,76.6667,synthetic
mccomas,2026-09-04T21:30:00+00:00,463,600,77.1667,synthetic
mccomas,2026-09-04T21:45:00+00:00,442,600,73.6667,synthetic
mccomas,2026-09-04T22:00:00+00:00,415,600,69.1667,synthetic
mccomas,2026-09-04T22:15:00+00:00,387,600,64.5,synthetic
mccomas,2026-09-04T22:30:00+00:00,353,600,58.8333,synthetic
mccomas,2026-09-04T22:45:00+00:00,344,600,57.3333,synthetic
mccomas,2026-09-04T23:00:00+00:00,291,600,48.5,synthetic
mccomas,2026-09-04T23:15:00+00:00,275,600,45.8333,synthetic
mccomas,2026-09-04T23:30:00+00:00,250,600,41.6667,synthetic
mccomas,2026-09-04T23:45:00+00:00,227,600,37.8333,synthetic
mccomas,2026-09-05T00:00:00+00:00,182,600,30.3333,synthetic
mccomas,2026-09-05T00:15:00+00:00,164,600,27.3333,synthetic
mccomas,2026-09-05T00:30:00+00:00,129,600,21.5,synthetic
mccomas,2026-09-05T00:45:00+00:00,99,600,16.5,synthetic
mccomas,2026-09-05T01:00:00+00:00,77,600,12.8333,synthetic
mccomas,2026-09-05T01:15:00+00:00,75,600,12.5,synthetic
mccomas,2026-09-05T01:30:00+00:00,61,600,10.1667,synthetic
mccomas,2026-09-05T01:45:00+00:00,48,600,8.0,synthetic
mccomas,2026-09-05T02:00:00+00:00,40,600,6.6667,synthetic
mccomas,2026-09-05T02:15:00+00:00,41,600,6.8333,synthetic
mccomas,2026-09-05T02:30:00+00:00,41,600,6.8333,synthetic
mccomas,2026-09-05T02:45:00+00:00,42,600,7.0,synthetic
mccomas,2026-09-05T03:00:00+00:00,30,600,5.0,synthetic
mccomas,2026-09-05T03:15:00+00:00,32,600,5.3333,synthetic
mccomas,2026-09-05T03:30:00+00:00,15,600,2.5,synthetic
mccomas,2026-09-05T03:45:00+00:00,9,600,1.5,synthetic
war_memorial,2026-09-04T04:00:00+00:00,0,1200,0.0,synthetic
war_memorial,2026-09-04T04:15:00+00:00,0,1200,0.0,synthetic
war_memorial,2026-09-04T04:30:00+00:00,1,1200,0.0833,synthetic
war_memorial,2026-09-04T04:45:00+00:00,0,1200,0.0,synthetic
war_memorial,2026-09-04T05:00:00+00:00,32,1200,2.6667,synthetic
war_memorial,2026-09-04T05:15:00+00:00,6,1200,0.5,synthetic
war_memorial,2026-09-04T05:30:00+00:00,20,1200,1.6667,synthetic
war_memorial,2026-09-04T05:45:00+00:00,21,1200,1.75,synthetic
war_memorial,2026-09-04T06:00:00+00:00,0,1200,0.0,synthetic
war_memorial,2026-09-04T06:15:00+00:00,0,1200,0.0,synthetic
war_memorial,2026-09-04T06:30:00+00:00,0,1200,0.0,synthetic
war_memorial,2026-09-04T06:45:00+00:00,0,1200,0.0,synthetic
war_memorial,2026-09-04T07:00:00+00:00,0,1200,0.0,synthetic
war_memorial,2026-09-04T07:15:00+00:00,21,1200,1.75,synthetic
war_memorial,2026-09-04T07:30:00+00:00,2,1200,0.1667,synthetic
war_memorial,2026-09-04T07:45:00+00:00,35,1200,2.9167,synthetic
war_memorial,2026-09-04T08:00:00+00:00,33,1200,2.75,synthetic
war_memorial,2026-09-04T08:15:00+00:00,3,1200,0.25,synthetic
war_memorial,2026-09-04T08:30:00+00:00,0,1200,0.0,synthetic
war_memorial,2026-09-04T08:45:00+00:00,0,1200,0.0,synthetic
war_memorial,2026-09-04T09:00:00+00:00,0,1200,0.0,synthetic
war_memorial,2026-09-04T09:15:00+00:00,75,1200,6.25,synthetic
war_memorial,2026-09-04T09:30:00+00:00,37,1200,3.0833,synthetic
war_memorial,2026-09-04T09:45:00+00:00,61,1200,5.0833,synthetic
war_memorial,2026-09-04T10:00:00+00:00,29,1200,2.4167,synthetic
war_memorial,2026-09-04T10:15:00+00:00,82,1200,6.8333,synthetic
war_memorial,2026-09-04T10:30:00+00:00,117,1200,9.75,synthetic
war_memorial,2026-09-04T10:45:00+00:00,147,1200,12.25,synthetic
war_memorial,2026-09-04T11:00:00+00:00,205,1200,17.0833,synthetic
war_memorial,2026-09-04T11:15:00+00:00,242,1200,20.1667,synthetic
war_memorial,2026-09-04T11:30:00+00:00,259,1200,21.5833,synthetic
war_memorial,2026-09-04T11:45:00+00:00,360,1200,30.0,synthetic
war_memorial,2026-09-04T12:00:00+00:00,362,1200,30.1667,synthetic
war_memorial,2026-09-04T12:15:00+00:00,339,1200,28.25,synthetic
war_memorial,2026-09-04T12:30:00+00:00,357,1200,29.75,synthetic
war_memorial,2026-09-04T12:45:00+00:00,316,1200,26.3333,synthetic
war_memorial,2026-09-04T13:00:00+00:00,289,1200,24.0833,synthetic
war_memorial,2026-09-04T13:15:00+00:00,219,1200,18.25,synthetic
war_memorial,2026-09-04T13:30:00+00:00,206,1200,17.1667,synthetic
war_memorial,2026-09-04T13:45:00+00:00,204,1200,17.0,synthetic
war_memorial,2026-09-04T14:00:00+00:00,201,1200,16.75,synthetic
war_memorial,2026-09-04T14:15:00+00:00,202,1200,16.8333,synthetic
war_memorial,2026-09-04T14:30:00+00:00,248,1200,20.6667,synthetic
war_memorial,2026-09-04T14:45:00+00:00,252,1200,21.0,synthetic
war_memorial,2026-09-04T15:00:00+00:00,266,1200,22.1667,synthetic
war_memorial,2026-09-04T15:15:00+00:00,293,1200,24.4167,synthetic
war_memorial,2026-09-04T15:30:00+00:00,327,1200,27.25,synthetic
war_memorial,2026-09-04T15:45:00+00:00,357,1200,29.75,synthetic
war_memorial,2026-09-04T16:00:00+00:00,371,1200,30.9167,synthetic
war_memorial,2026-09-04T16:15:00+00:00,407,1200,33.9167,synthetic
war_memorial,2026-09-04T16:30:00+00:00,394,1200,32.8333,synthetic
war_memorial,2026-09-04T16:45:00+00:00,390,1200,32.5,synthetic
war_memorial,2026-09-04T17:00:00+00:00,361,1200,30.0833,synthetic
war_memorial,2026-09-04T17:15:00+00:00,345,1200,28.75,synthetic
war_memorial,2026-09-04T17:30:00+00:00,310,1200,25.8333,synthetic
war_memorial,2026-09-04T17:45:00+00:00,272,1200,22.6667,synthetic
war_memorial,2026-09-04T18:00:00+00:00,231,1200,19.25,synthetic
war_memorial,2026-09-04T18:15:00+00:00,282,1200,23.5,synthetic
war_memorial,2026-09-04T18:30:00+00:00,250,1200,20.8333,synthetic
war_memorial,2026-09-04T18:45:00+00:00,204,1200,17.0,synthetic
war_memorial,2026-09-04T19:00:00+00:00,182,1200,15.1667,synthetic
war_memorial,2026-09-04T19:15:00+00:00,196,1200,16.3333,synthetic
war_memorial,2026-09-04T19:30:00+00:00,226,1200,18.8333,synthetic
war_memorial,2026-09-04T19:45:00+00:00,249,1200,20.75,synthetic
war_memorial,2026-09-04T20:00:00+00:00,285,1200,23.75,synthetic
war_memorial,2026-09-04T20:15:00+00:00,352,1200,29.3333,synthetic
war_memorial,2026-09-04T20:30:00+00:00,426,1200,35.5,synthetic
war_memorial,2026-09-04T20:45:00+00:00,469,1200,39.0833,synthetic
war_memorial,2026-09-04T21:00:00+00:00,545,1200,45.4167,synthetic
war_memorial,2026-09-04T21:15:00+00:00,610,1200,50.8333,synthetic
war_memorial,2026-09-04T21:30:00+00:00,652,1200,54.3333,synthetic
war_memorial,2026-09-04T21:45:00+00:00,733,1200,61.0833,synthetic
war_memorial,2026-09-04T22:00:00+00:00,720,1200,60.0,synthetic
war_memorial,2026-09-04T22:15:00+00:00,784,1200,65.3333,synthetic
war_memorial,2026-09-04T22:30:00+00:00,791,1200,65.9167,synthetic
war_memorial,2026-09-04T22:45:00+00:00,769,1200,64.0833,synthetic
war_memorial,2026-09-04T23:00:00+00:00,761,1200,63.4167,synthetic
war_memorial,2026-09-04T23:15:00+00:00,685,1200,57.0833,synthetic
war_memorial,2026-09-04T23:30:00+00:00,663,1200,55.25,synthetic
war_memorial,2026-09-04T23:45:00+00:00,623,1200,51.9167,synthetic
war_memorial,2026-09-05T00:00:00+00:00,538,1200,44.8333,synthetic
war_memorial,2026-09-05T00:15:00+00:00,488,1200,40.6667,synthetic
war_memorial,2026-09-05T00:30:00+00:00,420,1200,35.0,synthetic
war_memorial,2026-09-05T00:45:00+00:00,395,1200,32.9167,synthetic
war_memorial,2026-09-05T01:00:00+00:00,345,1200,28.75,synthetic
war_memorial,2026-09-05T01:15:00+00:00,298,1200,24.8333,synthetic
war_memorial,2026-09-05T01:30:00+00:00,239,1200,19.9167,synthetic
war_memorial,2026-09-05T01:45:00+00:00,192,1200,16.0,synthetic
war_memorial,2026-09-05T02:00:00+00:00,130,1200,10.8333,synthetic
war_memorial,2026-09-05T02:15:00+00:00,90,1200,7.5,synthetic
war_memorial,2026-09-05T02:30:00+00:00,41,1200,3.4167,synthetic
war_memorial,2026-09-05T02:45:00+00:00,51,1200,4.25,synthetic
war_memorial,2026-09-05T03:00:00+00:00,50,1200,4.1667,synthetic
war_memorial,2026-09-05T03:15:00+00:00,40,1200,3.3333,synthetic
war_memorial,2026-09-05T03:30:00+00:00,0,1200,0.0,synthetic
war_memorial,2026-09-05T03:45:00+00:00,34,1200,2.8333,synthetic
mccomas,2026-09-05T04:00:00+00:00,43,600,7.1667,synthetic
mccomas,2026-09-05T04:15:00+00:00,60,600,10.0,synthetic
mccomas,2026-09-05T04:30:00+00:00,60,600,10.0,synthetic
mccomas,2026-09-05T04:45:00+00:00,62,600,10.3333,synthetic
mccomas,2026-09-05T05:00:00+00:00,31,600,5.1667,synthetic
mccomas,2026-09-05T05:15:00+00:00,41,600,6.8333,synthetic
mccomas,2026-09-05T05:30:00+00:00,48,600,8.0,synthetic
mccomas,2026-09-05T05:45:00+00:00,47,600,7.8333,synthetic
mccomas,2026-09-05T06:00:00+00:00,46,600,7.6667,synthetic
mccomas,2026-09-05T06:15:00+00:00,51,600,8.5,synthetic
mccomas,2026-09-05T06:30:00+00:00,53,600,8.8333,synthetic
mccomas,2026-09-05T06:45:00+00:00,31,600,5.1667,synthetic
mccomas,2026-09-05T07:00:00+00:00,41,600,6.8333,synthetic
mccomas,2026-09-05T07:15:00+00:00,52,600,8.6667,synthetic
mccomas,2026-09-05T07:30:00+00:00,39,600,6.5,synthetic
mccomas,2026-09-05T07:45:00+00:00,50,600,8.3333,synthetic
mccomas,2026-09-05T08:00:00+00:00,38,600,6.3333,synthetic
mccomas,2026-09-05T08:15:00+00:00,38,600,6.3333,synthetic
mccomas,2026-09-05T08:30:00+00:00,44,600,7.3333,synthetic
mccomas,2026-09-05T08:45:00+00:00,34,600,5.6667,synthetic
mccomas,2026-09-05T09:00:00+00:00,42,600,7.0,synthetic
mccomas,2026-09-05T09:15:00+00:00,34,600,5.6667,synthetic
mccomas,2026-09-05T09:30:00+00:00,44,600,7.3333,synthetic
mccomas,2026-09-05T09:45:00+00:00,24,600,4.0,synthetic
mccomas,2026-09-05T10:00:00+00:00,34,600,5.6667,synthetic
mccomas,2026-09-05T10:15:00+00:00,27,600,4.5,synthetic
mccomas,2026-09-05T10:30:00+00:00,28,600,4.6667,synthetic
mccomas,2026-09-05T10:45:00+00:00,43,600,7.1667,synthetic
mccomas,2026-09-05T11:00:00+00:00,40,600,6.6667,synthetic
mccomas,2026-09-05T11:15:00+00:00,51,600,8.5,synthetic
mccomas,2026-09-05T11:30:00+00:00,64,600,10.6667,synthetic
mccomas,2026-09-05T11:45:00+00:00,80,600,13.3333,synthetic
mccomas,2026-09-05T12:00:00+00:00,79,600,13.1667,synthetic
mccomas,2026-09-05T12:15:00+00:00,104,600,17.3333,synthetic
mccomas,2026-09-05T12:30:00+00:00,126,600,21.0,synthetic
mccomas,2026-09-05T12:45:00+00:00,141,600,23.5,synthetic
mccomas,2026-09-05T13:00:00+00:00,163,600,27.1667,synthetic
mccomas,2026-09-05T13:15:00+00:00,168,600,28.0,synthetic
mccomas,2026-09-05T13:30:00+00:00,176,600,29.3333,synthetic
mccomas,2026-09-05T13:45:00+00:00,209,600,34.8333,synthetic
mccomas,2026-09-05T14:00:00+00:00,224,600,37.3333,synthetic
mccomas,2026-09-05T14:15:00+00:00,244,600,40.6667,synthetic
mccomas,2026-09-05T14:30:00+00:00,270,600,45.0,synthetic
mccomas,2026-09-05T14:45:00+00:00,284,600,47.3333,synthetic
mccomas,2026-09-05T15:00:00+00:00,295,600,49.1667,synthetic
mccomas,2026-09-05T15:15:00+00:00,309,600,51.5,synthetic
mccomas,2026-09-05T15:30:00+00:00,297,600,49.5,synthetic
mccomas,2026-09-05T15:45:00+00:00,286,600,47.6667,synthetic
mccomas,2026-09-05T16:00:00+00:00,294,600,49.0,synthetic
mccomas,2026-09-05T16:15:00+00:00,282,600,47.0,synthetic
mccomas,2026-09-05T16:30:00+00:00,268,600,44.6667,synthetic
mccomas,2026-09-05T16:45:00+00:00,265,600,44.1667,synthetic
mccomas,2026-09-05T17:00:00+00:00,239,600,39.8333,synthetic
mccomas,2026-09-05T17:15:00+00:00,235,600,39.1667,synthetic
mccomas,2026-09-05T17:30:00+00:00,243,600,40.5,synthetic
mccomas,2026-09-05T17:45:00+00:00,256,600,42.6667,synthetic
mccomas,2026-09-05T18:00:00+00:00,243,600,40.5,synthetic
mccomas,2026-09-05T18:15:00+00:00,249,600,41.5,synthetic
mccomas,2026-09-05T18:30:00+00:00,255,600,42.5,synthetic
mccomas,2026-09-05T18:45:00+00:00,270,600,45.0,synthetic
mccomas,2026-09-05T19:00:00+00:00,275,600,45.8333,synthetic
mccomas,2026-09-05T19:15:00+00:00,302,600,50.3333,synthetic
mccomas,2026-09-05T19:30:00+00:00,323,600,53.8333,synthetic
mccomas,2026-09-05T19:45:00+00:00,342,600,57.0,synthetic
mccomas,2026-09-05T20:00:00+00:00,352,600,58.6667,synthetic
mccomas,2026-09-05T20:15:00+00:00,350,600,58.3333,synthetic
mccomas,2026-09-05T20:30:00+00:00,347,600,57.8333,synthetic
mccomas,2026-09-05T20:45:00+00:00,363,600,60.5,synthetic
mccomas,2026-09-05T21:00:00+00:00,343,600,57.1667,synthetic
mccomas,2026-09-05T21:15:00+00:00,338,600,56.3333,synthetic
mccomas,2026-09-05T21:30:00+00:00,313,600,52.1667,synthetic
mccomas,2026-09-05T21:45:00+00:00,293,600,48.8333,synthetic
mccomas,2026-09-05T22:00:00+00:00,283,600,47.1667,synthetic
mccomas,2026-09-05T22:15:00+00:00,254,600,42.3333,synthetic
mccomas,2026-09-05T22:30:00+00:00,237,600,39.5,synthetic
mccomas,2026-09-05T22:45:00+00:00,186,600,31.0,synthetic
mccomas,2026-09-05T23:00:00+00:00,172,600,28.6667,synthetic
mccomas,2026-09-05T23:15:00+00:00,148,600,24.6667,synthetic
mccomas,2026-09-05T23:30:00+00:00,117,600,19.5,synthetic
mccomas,2026-09-05T23:45:00+00:00,119,600,19.8333,synthetic
mccomas,2026-09-06T00:00:00+00:00,110,600,18.3333,synthetic
mccomas,2026-09-06T00:15:00+00:00,84,600,14.0,synthetic
mccomas,2026-09-06T00:30:00+00:00,83,600,13.8333,synthetic
mccomas,2026-09-06T00:45:00+00:00,59,600,9.8333,synthetic
mccomas,2026-09-06T01:00:00+00:00,50,600,8.3333,synthetic
mccomas,2026-09-06T01:15:00+00:00,53,600,8.8333,synthetic
mccomas,2026-09-06T01:30:00+00:00,62,600,10.3333,synthetic
mccomas,2026-09-06T01:45:00+00:00,55,600,9.1667,synthetic
mccomas,2026-09-06T02:00:00+00:00,63,600,10.5,synthetic
mccomas,2026-09-06T02:15:00+00:00,65,600,10.8333,synthetic
mccomas,2026-09-06T02:30:00+00:00,59,600,9.8333,synthetic
mccomas,2026-09-06T02:45:00+00:00,59,600,9.8333,synthetic
mccomas,2026-09-06T03:00:00+00:00,71,600,11.8333,synthetic
mccomas,2026-09-06T03:15:00+00:00,70,600,11.6667,synthetic
mccomas,2026-09-06T03:30:00+00:00,67,600,11.1667,synthetic
mccomas,2026-09-06T03:45:00+00:00,72,600,12.0,synthetic
war_memorial,2026-09-05T04:00:00+00:00,29,1200,2.4167,synthetic
war_memorial,2026-09-05T04:15:00+00:00,53,1200,4.4167,synthetic
war_memorial,2026-09-05T04:30:00+00:00,68,1200,5.6667,synthetic
war_memorial,2026-09-05T04:45:00+00:00,63,1200,5.25,synthetic
war_memorial,2026-09-05T05:00:00+00:00,46,1200,3.8333,synthetic
war_memorial,2026-09-05T05:15:00+00:00,9,1200,0.75,synthetic
war_memorial,2026-09-05T05:30:00+00:00,25,1200,2.0833,synthetic
war_memorial,2026-09-05T05:45:00+00:00,14,1200,1.1667,synthetic
war_memorial,2026-09-05T06:00:00+00:00,42,1200,3.5,synthetic
war_memorial,2026-09-05T06:15:00+00:00,36,1200,3.0,synthetic
war_memorial,2026-09-05T06:30:00+00:00,17,1200,1.4167,synthetic
war_memorial,2026-09-05T06:45:00+00:00,12,1200,1.0,synthetic
war_memorial,2026-09-05T07:00:00+00:00,49,1200,4.0833,synthetic
war_memorial,2026-09-05T07:15:00+00:00,47,1200,3.9167,synthetic
war_memorial,2026-09-05T07:30:00+00:00,31,1200,2.5833,synthetic
war_memorial,2026-09-05T07:45:00+00:00,25,1200,2.0833,synthetic
war_memorial,2026-09-05T08:00:00+00:00,2,1200,0.1667,synthetic
war_memorial,2026-09-05T08:15:00+00:00,5,1200,0.4167,synthetic
war_memorial,2026-09-05T08:30:00+00:00,46,1200,3.8333,synthetic
war_memorial,2026-09-05T08:45:00+00:00,46,1200,3.8333,synthetic
war_memorial,2026-09-05T09:00:00+00:00,54,1200,4.5,synthetic
war_memorial,2026-09-05T09:15:00+00:00,32,1200,2.6667,synthetic
war_memorial,2026-09-05T09:30:00+00:00,5,1200,0.4167,synthetic
war_memorial,2026-09-05T09:45:00+00:00,22,1200,1.8333,synthetic
war_memorial,2026-09-05T10:00:00+00:00,43,1200,3.5833,synthetic
war_memorial,2026-09-05T10:15:00+00:00,62,1200,5.1667,synthetic
war_memorial,2026-09-05T10:30:00+00:00,39,1200,3.25,synthetic
war_memorial,2026-09-05T10:45:00+00:00,46,1200,3.8333,synthetic
war_memorial,2026-09-05T11:00:00+00:00,65,1200,5.4167,synthetic
war_memorial,2026-09-05T11:15:00+00:00,0,1200,0.0,synthetic
war_memorial,2026-09-05T11:30:00+00:00,49,1200,4.0833,synthetic
war_memorial,2026-09-05T11:45:00+00:00,53,1200,4.4167,synthetic
war_memorial,2026-09-05T12:00:00+00:00,14,1200,1.1667,synthetic
war_memorial,2026-09-05T12:15:00+00:00,48,1200,4.0,synthetic
war_memorial,2026-09-05T12:30:00+00:00,81,1200,6.75,synthetic
war_memorial,2026-09-05T12:45:00+00:00,70,1200,5.8333,synthetic
war_memorial,2026-09-05T13:00:00+00:00,100,1200,8.3333,synthetic
war_memorial,2026-09-05T13:15:00+00:00,67,1200,5.5833,synthetic
war_memorial,2026-09-05T13:30:00+00:00,163,1200,13.5833,synthetic
war_memorial,2026-09-05T13:45:00+00:00,173,1200,14.4167,synthetic
war_memorial,2026-09-05T14:00:00+00:00,211,1200,17.5833,synthetic
war_memorial,2026-09-05T14:15:00+00:00,234,1200,19.5,synthetic
war_memorial,2026-09-05T14:30:00+00:00,313,1200,26.0833,synthetic
war_memorial,2026-09-05T14:45:00+00:00,330,1200,27.5,synthetic
war_memorial,2026-09-05T15:00:00+00:00,422,1200,35.1667,synthetic
war_memorial,2026-09-05T15:15:00+00:00,482,1200,40.1667,synthetic
war_memorial,2026-09-05T15:30:00+00:00,568,1200,47.3333,synthetic
war_memorial,2026-09-05T15:45:00+00:00,592,1200,49.3333,synthetic
war_memorial,2026-09-05T16:00:00+00:00,621,1200,51.75,synthetic
war_memorial,2026-09-05T16:15:00+00:00,681,1200,56.75,synthetic
war_memorial,2026-09-05T16:30:00+00:00,714,1200,59.5,synthetic
war_memorial,2026-09-05T16:45:00+00:00,771,1200,64.25,synthetic
war_memorial,2026-09-05T17:00:00+00:00,780,1200,65.0,synthetic
war_memorial,2026-09-05T17:15:00+00:00,780,1200,65.0,synthetic
war_memorial,2026-09-05T17:30:00+00:00,802,1200,66.8333,synthetic
war_memorial,2026-09-05T17:45:00+00:00,802,1200,66.8333,synthetic
war_memorial,2026-09-05T18:00:00+00:00,824,1200,68.6667,synthetic
war_memorial,2026-09-05T18:15:00+00:00,818,1200,68.1667,synthetic
war_memorial,2026-09-05T18:30:00+00:00,841,1200,70.0833,synthetic
war_memorial,2026-09-05T18:45:00+00:00,848,1200,70.6667,synthetic
war_memorial,2026-09-05T19:00:00+00:00,807,1200,67.25,synthetic
war_memorial,2026-09-05T19:15:00+00:00,803,1200,66.9167,synthetic
war_memorial,2026-09-05T19:30:00+00:00,800,1200,66.6667,synthetic
war_memorial,2026-09-05T19:45:00+00:00,777,1200,64.75,synthetic
war_memorial,2026-09-05T20:00:00+00:00,700,1200,58.3333,synthetic
war_memorial,2026-09-05T20:15:00+00:00,663,1200,55.25,synthetic
war_memorial,2026-09-05T20:30:00+00:00,604,1200,50.3333,synthetic
war_memorial,2026-09-05T20:45:00+00:00,547,1200,45.5833,synthetic
war_memorial,2026-09-05T21:00:00+00:00,477,1200,39.75,synthetic
war_memorial,2026-09-05T21:15:00+00:00,456,1200,38.0,synthetic
war_memorial,2026-09-05T21:30:00+00:00,359,1200,29.9167,synthetic
war_memorial,2026-09-05T21:45:00+00:00,293,1200,24.4167,synthetic
war_memorial,2026-09-05T22:00:00+00:00,259,1200,21.5833,synthetic
war_memorial,2026-09-05T22:15:00+00:00,207,1200,17.25,synthetic
war_memorial,2026-09-05T22:30:00+00:00,162,1200,13.5,synthetic
war_memorial,2026-09-05T22:45:00+00:00,191,1200,15.9167,synthetic
war_memorial,2026-09-05T23:00:00+00:00,156,1200,13.0,synthetic
war_memorial,2026-09-05T23:15:00+00:00,116,1200,9.6667,synthetic
war_memorial,2026-09-05T23:30:00+00:00,123,1200,10.25,synthetic
war_memorial,2026-09-05T23:45:00+00:00,109,1200,9.0833,synthetic
war_memorial,2026-09-06T00:00:00+00:00,64,1200,5.3333,synthetic
war_memorial,2026-09-06T00:15:00+00:00,48,1200,4.0,synthetic
war_memorial,2026-09-06T00:30:00+00:00,49,1200,4.0833,synthetic
war_memorial,2026-09-06T00:45:00+00:00,55,1200,4.5833,synthetic
war_memorial,2026-09-06T01:00:00+00:00,110,1200,9.1667,synthetic
war_memorial,2026-09-06T01:15:00+00:00,81,1200,6.75,synthetic
war_memorial,2026-09-06T01:30:00+00:00,84,1200,7.0,synthetic
war_memorial,2026-09-06T01:45:00+00:00,130,1200,10.8333,synthetic
war_memorial,2026-09-06T02:00:00+00:00,107,1200,8.9167,synthetic
war_memorial,2026-09-06T02:15:00+00:00,95,1200,7.9167,synthetic
war_memorial,2026-09-06T02:30:00+00:00,105,1200,8.75,synthetic
war_memorial,2026-09-06T02:45:00+00:00,67,1200,5.5833,synthetic
war_memorial,2026-09-06T03:00:00+00:00,69,1200,5.75,synthetic
war_memorial,2026-09-06T03:15:00+00:00,77,1200,6.4167,synthetic
war_memorial,2026-09-06T03:30:00+00:00,69,1200,5.75,synthetic
war_memorial,2026-09-06T03:45:00+00:00,63,1200,5.25,synthetic
mccomas,2026-09-06T04:00:00+00:00,70,600,11.6667,synthetic
mccomas,2026-09-06T04:15:00+00:00,74,600,12.3333,synthetic
mccomas,2026-09-06T04:30:00+00:00,82,600,13.6667,synthetic
mccomas,2026-09-06T04:45:00+00:00,74,600,12.3333,synthetic
mccomas,2026-09-06T05:00:00+00:00,79,600,13.1667,synthetic
mccomas,2026-09-06T05:15:00+00:00,88,600,14.6667,synthetic
mccomas,2026-09-06T05:30:00+00:00,77,600,12.8333,synthetic
mccomas,2026-09-06T05:45:00+00:00,97,600,16.1667,synthetic
mccomas,2026-09-06T06:00:00+00:00,83,600,13.8333,synthetic
mccomas,2026-09-06T06:15:00+00:00,87,600,14.5,synthetic
mccomas,2026-09-06T06:30:00+00:00,85,600,14.1667,synthetic
mccomas,2026-09-06T06:45:00+00:00,80,600,13.3333,synthetic
mccomas,2026-09-06T07:00:00+00:00,88,600,14.6667,synthetic
mccomas,2026-09-06T07:15:00+00:00,71,600,11.8333,synthetic
mccomas,2026-09-06T07:30:00+00:00,61,600,10.1667,synthetic
mccomas,2026-09-06T07:45:00+00:00,85,600,14.1667,synthetic
mccomas,2026-09-06T08:00:00+00:00,83,600,13.8333,synthetic
mccomas,2026-09-06T08:15:00+00:00,74,600,12.3333,synthetic
mccomas,2026-09-06T08:30:00+00:00,78,600,13.0,synthetic
mccomas,2026-09-06T08:45:00+00:00,94,600,15.6667,synthetic
mccomas,2026-09-06T09:00:00+00:00,85,600,14.1667,synthetic
mccomas,2026-09-06T09:15:00+00:00,98,600,16.3333,synthetic
mccomas,2026-09-06T09:30:00+00:00,116,600,19.3333,synthetic
mccomas,2026-09-06T09:45:00+00:00,97,600,16.1667,synthetic
mccomas,2026-09-06T10:00:00+00:00,94,600,15.6667,synthetic
mccomas,2026-09-06T10:15:00+00:00,94,600,15.6667,synthetic
mccomas,2026-09-06T10:30:00+00:00,90,600,15.0,synthetic
mccomas,2026-09-06T10:45:00+00:00,96,600,16.0,synthetic
mccomas,2026-09-06T11:00:00+00:00,109,600,18.1667,synthetic
mccomas,2026-09-06T11:15:00+00:00,94,600,15.6667,synthetic
mccomas,2026-09-06T11:30:00+00:00,123,600,20.5,synthetic
mccomas,2026-09-06T11:45:00+00:00,120,600,20.0,synthetic
mccomas,2026-09-06T12:00:00+00:00,115,600,19.1667,synthetic
mccomas,2026-09-06T12:15:00+00:00,132,600,22.0,synthetic
mccomas,2026-09-06T12:30:00+00:00,127,600,21.1667,synthetic
mccomas,2026-09-06T12:45:00+00:00,156,600,26.0,synthetic
mccomas,2026-09-06T13:00:00+00:00,175,600,29.1667,synthetic
mccomas,2026-09-06T13:15:00+00:00,199,600,33.1667,synthetic
mccomas,2026-09-06T13:30:00+00:00,227,600,37.8333,synthetic
mccomas,2026-09-06T13:45:00+00:00,250,600,41.6667,synthetic
mccomas,2026-09-06T14:00:00+00:00,276,600,46.0,synthetic
mccomas,2026-09-06T14:15:00+00:00,287,600,47.8333,synthetic
mccomas,2026-09-06T14:30:00+00:00,304,600,50.6667,synthetic
mccomas,2026-09-06T14:45:00+00:00,327,600,54.5,synthetic
mccomas,2026-09-06T15:00:00+00:00,337,600,56.1667,synthetic
mccomas,2026-09-06T15:15:00+00:00,352,600,58.6667,synthetic
mccomas,2026-09-06T15:30:00+00:00,352,600,58.6667,synthetic
mccomas,2026-09-06T15:45:00+00:00,350,600,58.3333,synthetic
mccomas,2026-09-06T16:00:00+00:00,332,600,55.3333,synthetic
mccomas,2026-09-06T16:15:00+00:00,340,600,56.6667,synthetic
mccomas,2026-09-06T16:30:00+00:00,310,600,51.6667,synthetic
mccomas,2026-09-06T16:45:00+00:00,304,600,50.6667,synthetic
mccomas,2026-09-06T17:00:00+00:00,284,600,47.3333,synthetic
mccomas,2026-09-06T17:15:00+00:00,270,600,45.0,synthetic
mccomas,2026-09-06T17:30:00+00:00,283,600,47.1667,synthetic
mccomas,2026-09-06T17:45:00+00:00,260,600,43.3333,synthetic
mccomas,2026-09-06T18:00:00+00:00,273,600,45.5,synthetic
mccomas,2026-09-06T18:15:00+00:00,273,600,45.5,synthetic
mccomas,2026-09-06T18:30:00+00:00,281,600,46.8333,synthetic
mccomas,2026-09-06T18:45:00+00:00,305,600,50.8333,synthetic
mccomas,2026-09-06T19:00:00+00:00,324,600,54.0,synthetic
mccomas,2026-09-06T19:15:00+00:00,339,600,56.5,synthetic
mccomas,2026-09-06T19:30:00+00:00,360,600,60.0,synthetic
mccomas,2026-09-06T19:45:00+00:00,380,600,63.3333,synthetic
mccomas,2026-09-06T20:00:00+00:00,376,600,62.6667,synthetic
mccomas,2026-09-06T20:15:00+00:00,382,600,63.6667,synthetic
mccomas,2026-09-06T20:30:00+00:00,380,600,63.3333,synthetic
mccomas,2026-09-06T20:45:00+00:00,388,600,64.6667,synthetic
mccomas,2026-09-06T21:00:00+00:00,373,600,62.1667,synthetic
mccomas,2026-09-06T21:15:00+00:00,358,600,59.6667,synthetic
mccomas,2026-09-06T21:30:00+00:00,346,600,57.6667,synthetic
mccomas,2026-09-06T21:45:00+00:00,332,600,55.3333,synthetic
mccomas,2026-09-06T22:00:00+00:00,294,600,49.0,synthetic
mccomas,2026-09-06T22:15:00+00:00,276,600,46.0,synthetic
mccomas,2026-09-06T22:30:00+00:00,246,600,41.0,synthetic
mccomas,2026-09-06T22:45:00+00:00,212,600,35.3333,synthetic
mccomas,2026-09-06T23:00:00+00:00,183,600,30.5,synthetic
mccomas,2026-09-06T23:15:00+00:00,157,600,26.1667,synthetic
mccomas,2026-09-06T23:30:00+00:00,154,600,25.6667,synthetic
mccomas,2026-09-06T23:45:00+00:00,128,600,21.3333,synthetic
mccomas,2026-09-07T00:00:00+00:00,110,600,18.3333,synthetic
mccomas,2026-09-07T00:15:00+00:00,115,600,19.1667,synthetic
mccomas,2026-09-07T00:30:00+00:00,95,600,15.8333,synthetic
mccomas,2026-09-07T00:45:00+00:00,115,600,19.1667,synthetic
mccomas,2026-09-07T01:00:00+00:00,94,600,15.6667,synthetic
mccomas,2026-09-07T01:15:00+00:00,65,600,10.8333,synthetic
mccomas,2026-09-07T01:30:00+00:00,76,600,12.6667,synthetic
mccomas,2026-09-07T01:45:00+00:00,64,600,10.6667,synthetic
mccomas,2026-09-07T02:00:00+00:00,87,600,14.5,synthetic
mccomas,2026-09-07T02:15:00+00:00,65,600,10.8333,synthetic
mccomas,2026-09-07T02:30:00+00:00,82,600,13.6667,synthetic
mccomas,2026-09-07T02:45:00+00:00,77,600,12.8333,synthetic
mccomas,2026-09-07T03:00:00+00:00,78,600,13.0,synthetic
mccomas,2026-09-07T03:15:00+00:00,99,600,16.5,synthetic
mccomas,2026-09-07T03:30:00+00:00,91,600,15.1667,synthetic
mccomas,2026-09-07T03:45:00+00:00,80,600,13.3333,synthetic
war_memorial,2026-09-06T04:00:00+00:00,23,1200,1.9167,synthetic
war_memorial,2026-09-06T04:15:00+00:00,11,1200,0.9167,synthetic
war_memorial,2026-09-06T04:30:00+00:00,8,1200,0.6667,synthetic
war_memorial,2026-09-06T04:45:00+00:00,9,1200,0.75,synthetic
war_memorial,2026-09-06T05:00:00+00:00,27,1200,2.25,synthetic
war_memorial,2026-09-06T05:15:00+00:00,10,1200,0.8333,synthetic
war_memorial,2026-09-06T05:30:00+00:00,35,1200,2.9167,synthetic
war_memorial,2026-09-06T05:45:00+00:00,23,1200,1.9167,synthetic
war_memorial,2026-09-06T06:00:00+00:00,38,1200,3.1667,synthetic
war_memorial,2026-09-06T06:15:00+00:00,57,1200,4.75,synthetic
war_memorial,2026-09-06T06:30:00+00:00,41,1200,3.4167,synthetic
war_memorial,2026-09-06T06:45:00+00:00,54,1200,4.5,synthetic
war_memorial,2026-09-06T07:00:00+00:00,42,1200,3.5,synthetic
war_memorial,2026-09-06T07:15:00+00:00,29,1200,2.4167,synthetic
war_memorial,2026-09-06T07:30:00+00:00,32,1200,2.6667,synthetic
war_memorial,2026-09-06T07:45:00+00:00,47,1200,3.9167,synthetic
war_memorial,2026-09-06T08:00:00+00:00,14,1200,1.1667,synthetic
war_memorial,2026-09-06T08:15:00+00:00,3,1200,0.25,synthetic
war_memorial,2026-09-06T08:30:00+00:00,30,1200,2.5,synthetic
war_memorial,2026-09-06T08:45:00+00:00,38,1200,3.1667,synthetic
war_memorial,2026-09-06T09:00:00+00:00,79,1200,6.5833,synthetic
war_memorial,2026-09-06T09:15:00+00:00,72,1200,6.0,synthetic
war_memorial,2026-09-06T09:30:00+00:00,14,1200,1.1667,synthetic
war_memorial,2026-09-06T09:45:00+00:00,68,1200,5.6667,synthetic
war_memorial,2026-09-06T10:00:00+00:00,36,1200,3.0,synthetic
war_memorial,2026-09-06T10:15:00+00:00,20,1200,1.6667,synthetic
war_memorial,2026-09-06T10:30:00+00:00,34,1200,2.8333,synthetic
war_memorial,2026-09-06T10:45:00+00:00,22,1200,1.8333,synthetic
war_memorial,2026-09-06T11:00:00+00:00,22,1200,1.8333,synthetic
war_memorial,2026-09-06T11:15:00+00:00,24,1200,2.0,synthetic
war_memorial,2026-09-06T11:30:00+00:00,49,1200,4.0833,synthetic
war_memorial,2026-09-06T11:45:00+00:00,88,1200,7.3333,synthetic
war_memorial,2026-09-06T12:00:00+00:00,24,1200,2.0,synthetic
war_memorial,2026-09-06T12:15:00+00:00,27,1200,2.25,synthetic
war_memorial,2026-09-06T12:30:00+00:00,38,1200,3.1667,synthetic
war_memorial,2026-09-06T12:45:00+00:00,66,1200,5.5,synthetic
war_memorial,2026-09-06T13:00:00+00:00,53,1200,4.4167,synthetic
war_memorial,2026-09-06T13:15:00+00:00,89,1200,7.4167,synthetic
war_memorial,2026-09-06T13:30:00+00:00,117,1200,9.75,synthetic
war_memorial,2026-09-06T13:45:00+00:00,146,1200,12.1667,synthetic
war_memorial,2026-09-06T14:00:00+00:00,199,1200,16.5833,synthetic
war_memorial,2026-09-06T14:15:00+00:00,222,1200,18.5,synthetic
war_memorial,2026-09-06T14:30:00+00:00,285,1200,23.75,synthetic
war_memorial,2026-09-06T14:45:00+00:00,287,1200,23.9167,synthetic
war_memorial,2026-09-06T15:00:00+00:00,341,1200,28.4167,synthetic
war_memorial,2026-09-06T15:15:00+00:00,414,1200,34.5,synthetic
war_memorial,2026-09-06T15:30:00+00:00,492,1200,41.0,synthetic
war_memorial,2026-09-06T15:45:00+00:00,553,1200,46.0833,synthetic
war_memorial,2026-09-06T16:00:00+00:00,614,1200,51.1667,synthetic
war_memorial,2026-09-06T16:15:00+00:00,682,1200,56.8333,synthetic
war_memorial,2026-09-06T16:30:00+00:00,702,1200,58.5,synthetic
war_memorial,2026-09-06T16:45:00+00:00,725,1200,60.4167,synthetic
war_memorial,2026-09-06T17:00:00+00:00,756,1200,63.0,synthetic
war_memorial,2026-09-06T17:15:00+00:00,801,1200,66.75,synthetic
war_memorial,2026-09-06T17:30:00+00:00,807,1200,67.25,synthetic
war_memorial,2026-09-06T17:45:00+00:00,791,1200,65.9167,synthetic
war_memorial,2026-09-06T18:00:00+00:00,809,1200,67.4167,synthetic
war_memorial,2026-09-06T18:15:00+00:00,794,1200,66.1667,synthetic
war_memorial,2026-09-06T18:30:00+00:00,799,1200,66.5833,synthetic
war_memorial,2026-09-06T18:45:00+00:00,763,1200,63.5833,synthetic
war_memorial,2026-09-06T19:00:00+00:00,760,1200,63.3333,synthetic
war_memorial,2026-09-06T19:15:00+00:00,724,1200,60.3333,synthetic
war_memorial,2026-09-06T19:30:00+00:00,733,1200,61.0833,synthetic
war_memorial,2026-09-06T19:45:00+00:00,705,1200,58.75,synthetic
war_memorial,2026-09-06T20:00:00+00:00,660,1200,55.0,synthetic
war_memorial,2026-09-06T20:15:00+00:00,612,1200,51.0,synthetic
war_memorial,2026-09-06T20:30:00+00:00,546,1200,45.5,synthetic
war_memorial,2026-09-06T20:45:00+00:00,496,1200,41.3333,synthetic
war_memorial,2026-09-06T21:00:00+00:00,396,1200,33.0,synthetic
war_memorial,2026-09-06T21:15:00+00:00,354,1200,29.5,synthetic
war_memorial,2026-09-06T21:30:00+00:00,289,1200,24.0833,synthetic
war_memorial,2026-09-06T21:45:00+00:00,252,1200,21.0,synthetic
war_memorial,2026-09-06T22:00:00+00:00,205,1200,17.0833,synthetic
war_memorial,2026-09-06T22:15:00+00:00,176,1200,14.6667,synthetic
war_memorial,2026-09-06T22:30:00+00:00,116,1200,9.6667,synthetic
war_memorial,2026-09-06T22:45:00+00:00,93,1200,7.75,synthetic
war_memorial,2026-09-06T23:00:00+00:00,85,1200,7.0833,synthetic
war_memorial,2026-09-06T23:15:00+00:00,43,1200,3.5833,synthetic
war_memorial,2026-09-06T23:30:00+00:00,13,1200,1.0833,synthetic
war_memorial,2026-09-06T23:45:00+00:00,37,1200,3.0833,synthetic
war_memorial,2026-09-07T00:00:00+00:00,66,1200,5.5,synthetic
war_memorial,2026-09-07T00:15:00+00:00,20,1200,1.6667,synthetic
war_memorial,2026-09-07T00:30:00+00:00,48,1200,4.0,synthetic
war_memorial,2026-09-07T00:45:00+00:00,48,1200,4.0,synthetic
war_memorial,2026-09-07T01:00:00+00:00,33,1200,2.75,synthetic
war_memorial,2026-09-07T01:15:00+00:00,12,1200,1.0,synthetic
war_memorial,2026-09-07T01:30:00+00:00,25,1200,2.0833,synthetic
war_memorial,2026-09-07T01:45:00+00:00,12,1200,1.0,synthetic
war_memorial,2026-09-07T02:00:00+00:00,23,1200,1.9167,synthetic
war_memorial,2026-09-07T02:15:00+00:00,0,1200,0.0,synthetic
war_memorial,2026-09-07T02:30:00+00:00,14,1200,1.1667,synthetic
war_memorial,2026-09-07T02:45:00+00:00,31,1200,2.5833,synthetic
war_memorial,2026-09-07T03:00:00+00:00,10,1200,0.8333,synthetic
war_memorial,2026-09-07T03:15:00+00:00,11,1200,0.9167,synthetic
war_memorial,2026-09-07T03:30:00+00:00,0,1200,0.0,synthetic
war_memorial,2026-09-07T03:45:00+00:00,8,1200,0.6667,synthetic
mccomas,2026-09-07T04:00:00+00:00,67,600,11.1667,synthetic
mccomas,2026-09-07T04:15:00+00:00,71,600,11.8333,synthetic
mccomas,2026-09-07T04:30:00+00:00,68,600,11.3333,synthetic
mccomas,2026-09-07T04:45:00+00:00,76,600,12.6667,synthetic
mccomas,2026-09-07T05:00:00+00:00,77,600,12.8333,synthetic
mccomas,2026-09-07T05:15:00+00:00,61,600,10.1667,synthetic
mccomas,2026-09-07T05:30:00+00:00,65,600,10.8333,synthetic
mccomas,2026-09-07T05:45:00+00:00,60,600,10.0,synthetic
mccomas,2026-09-07T06:00:00+00:00,77,600,12.8333,synthetic
mccomas,2026-09-07T06:15:00+00:00,57,600,9.5,synthetic
mccomas,2026-09-07T06:30:00+00:00,47,600,7.8333,synthetic
mccomas,2026-09-07T06:45:00+00:00,36,600,6.0,synthetic
mccomas,2026-09-07T07:00:00+00:00,51,600,8.5,synthetic
mccomas,2026-09-07T07:15:00+00:00,34,600,5.6667,synthetic
mccomas,2026-09-07T07:30:00+00:00,55,600,9.1667,synthetic
mccomas,2026-09-07T07:45:00+00:00,57,600,9.5,synthetic
mccomas,2026-09-07T08:00:00+00:00,52,600,8.6667,synthetic
mccomas,2026-09-07T08:15:00+00:00,41,600,6.8333,synthetic
mccomas,2026-09-07T08:30:00+00:00,45,600,7.5,synthetic
mccomas,2026-09-07T08:45:00+00:00,52,600,8.6667,synthetic
mccomas,2026-09-07T09:00:00+00:00,61,600,10.1667,synthetic
mccomas,2026-09-07T09:15:00+00:00,74,600,12.3333,synthetic
mccomas,2026-09-07T09:30:00+00:00,81,600,13.5,synthetic
mccomas,2026-09-07T09:45:00+00:00,98,600,16.3333,synthetic
mccomas,2026-09-07T10:00:00+00:00,97,600,16.1667,synthetic
mccomas,2026-09-07T10:15:00+00:00,139,600,23.1667,synthetic
mccomas,2026-09-07T10:30:00+00:00,162,600,27.0,synthetic
mccomas,2026-09-07T10:45:00+00:00,185,600,30.8333,synthetic
mccomas,2026-09-07T11:00:00+00:00,193,600,32.1667,synthetic
mccomas,2026-09-07T11:15:00+00:00,210,600,35.0,synthetic
mccomas,2026-09-07T11:30:00+00:00,190,600,31.6667,synthetic
mccomas,2026-09-07T11:45:00+00:00,205,600,34.1667,synthetic
mccomas,2026-09-07T12:00:00+00:00,175,600,29.1667,synthetic
mccomas,2026-09-07T12:15:00+00:00,167,600,27.8333,synthetic
mccomas,2026-09-07T12:30:00+00:00,144,600,24.0,synthetic
mccomas,2026-09-07T12:45:00+00:00,126,600,21.0,synthetic
mccomas,2026-09-07T13:00:00+00:00,109,600,18.1667,synthetic
mccomas,2026-09-07T13:15:00+00:00,120,600,20.0,synthetic
mccomas,2026-09-07T13:30:00+00:00,106,600,17.6667,synthetic
mccomas,2026-09-07T13:45:00+00:00,109,600,18.1667,synthetic
mccomas,2026-09-07T14:00:00+00:00,94,600,15.6667,synthetic
mccomas,2026-09-07T14:15:00+00:00,123,600,20.5,synthetic
mccomas,2026-09-07T14:30:00+00:00,137,600,22.8333,synthetic
mccomas,2026-09-07T14:45:00+00:00,157,600,26.1667,synthetic
mccomas,2026-09-07T15:00:00+00:00,174,600,29.0,synthetic
mccomas,2026-09-07T15:15:00+00:00,180,600,30.0,synthetic
mccomas,2026-09-07T15:30:00+00:00,180,600,30.0,synthetic
mccomas,2026-09-07T15:45:00+00:00,175,600,29.1667,synthetic
mccomas,2026-09-07T16:00:00+00:00,185,600,30.8333,synthetic
mccomas,2026-09-07T16:15:00+00:00,213,600,35.5,synthetic
mccomas,2026-09-07T16:30:00+00:00,212,600,35.3333,synthetic
mccomas,2026-09-07T16:45:00+00:00,218,600,36.3333,synthetic
mccomas,2026-09-07T17:00:00+00:00,236,600,39.3333,synthetic
mccomas,2026-09-07T17:15:00+00:00,223,600,37.1667,synthetic
mccomas,2026-09-07T17:30:00+00:00,228,600,38.0,synthetic
mccomas,2026-09-07T17:45:00+00:00,206,600,34.3333,synthetic
mccomas,2026-09-07T18:00:00+00:00,203,600,33.8333,synthetic
mccomas,2026-09-07T18:15:00+00:00,206,600,34.3333,synthetic
mccomas,2026-09-07T18:30:00+00:00,197,600,32.8333,synthetic
mccomas,2026-09-07T18:45:00+00:00,228,600,38.0,synthetic
mccomas,2026-09-07T19:00:00+00:00,244,600,40.6667,synthetic
mccomas,2026-09-07T19:15:00+00:00,255,600,42.5,synthetic
mccomas,2026-09-07T19:30:00+00:00,290,600,48.3333,synthetic
mccomas,2026-09-07T19:45:00+00:00,321,600,53.5,synthetic
mccomas,2026-09-07T20:00:00+00:00,357,600,59.5,synthetic
mccomas,2026-09-07T20:15:00+00:00,382,600,63.6667,synthetic
mccomas,2026-09-07T20:30:00+00:00,412,600,68.6667,synthetic
mccomas,2026-09-07T20:45:00+00:00,434,600,72.3333,synthetic
mccomas,2026-09-07T21:00:00+00:00,474,600,79.0,synthetic
mccomas,2026-09-07T21:15:00+00:00,493,600,82.1667,synthetic
mccomas,2026-09-07T21:30:00+00:00,502,600,83.6667,synthetic
mccomas,2026-09-07T21:45:00+00:00,503,600,83.8333,synthetic
mccomas,2026-09-07T22:00:00+00:00,496,600,82.6667,synthetic
mccomas,2026-09-07T22:15:00+00:00,471,600,78.5,synthetic
mccomas,2026-09-07T22:30:00+00:00,443,600,73.8333,synthetic
mccomas,2026-09-07T22:45:00+00:00,417,600,69.5,synthetic
mccomas,2026-09-07T23:00:00+00:00,367,600,61.1667,synthetic
mccomas,2026-09-07T23:15:00+00:00,335,600,55.8333,synthetic
mccomas,2026-09-07T23:30:00+00:00,289,600,48.1667,synthetic
mccomas,2026-09-07T23:45:00+00:00,250,600,41.6667,synthetic
mccomas,2026-09-08T00:00:00+00:00,205,600,34.1667,synthetic
mccomas,2026-09-08T00:15:00+00:00,202,600,33.6667,synthetic
mccomas,2026-09-08T00:30:00+00:00,155,600,25.8333,synthetic
mccomas,2026-09-08T00:45:00+00:00,134,600,22.3333,synthetic
mccomas,2026-09-08T01:00:00+00:00,104,600,17.3333,synthetic
mccomas,2026-09-08T01:15:00+00:00,70,600,11.6667,synthetic
mccomas,2026-09-08T01:30:00+00:00,70,600,11.6667,synthetic
mccomas,2026-09-08T01:45:00+00:00,76,600,12.6667,synthetic
mccomas,2026-09-08T02:00:00+00:00,70,600,11.6667,synthetic
mccomas,2026-09-08T02:15:00+00:00,52,600,8.6667,synthetic
mccomas,2026-09-08T02:30:00+00:00,43,600,7.1667,synthetic
mccomas,2026-09-08T02:45:00+00:00,41,600,6.8333,synthetic
mccomas,2026-09-08T03:00:00+00:00,16,600,2.6667,synthetic
mccomas,2026-09-08T03:15:00+00:00,39,600,6.5,synthetic
mccomas,2026-09-08T03:30:00+00:00,41,600,6.8333,synthetic
mccomas,2026-09-08T03:45:00+00:00,52,600,8.6667,synthetic
war_memorial,2026-09-07T04:00:00+00:00,13,1200,1.0833,synthetic
war_memorial,2026-09-07T04:15:00+00:00,39,1200,3.25,synthetic
war_memorial,2026-09-07T04:30:00+00:00,36,1200,3.0,synthetic
war_memorial,2026-09-07T04:45:00+00:00,75,1200,6.25,synthetic
war_memorial,2026-09-07T05:00:00+00:00,75,1200,6.25,synthetic
war_memorial,2026-09-07T05:15:00+00:00,53,1200,4.4167,synthetic
war_memorial,2026-09-07T05:30:00+00:00,73,1200,6.0833,synthetic
war_memorial,2026-09-07T05:45:00+00:00,84,1200,7.0,synthetic
war_memorial,2026-09-07T06:00:00+00:00,67,1200,5.5833,synthetic
war_memorial,2026-09-07T06:15:00+00:00,67,1200,5.5833,synthetic
war_memorial,2026-09-07T06:30:00+00:00,63,1200,5.25,synthetic
war_memorial,2026-09-07T06:45:00+00:00,40,1200,3.3333,synthetic
war_memorial,2026-09-07T07:00:00+00:00,33,1200,2.75,synthetic
war_memorial,2026-09-07T07:15:00+00:00,37,1200,3.0833,synthetic
war_memorial,2026-09-07T07:30:00+00:00,21,1200,1.75,synthetic
war_memorial,2026-09-07T07:45:00+00:00,33,1200,2.75,synthetic
war_memorial,2026-09-07T08:00:00+00:00,45,1200,3.75,synthetic
war_memorial,2026-09-07T08:15:00+00:00,45,1200,3.75,synthetic
war_memorial,2026-09-07T08:30:00+00:00,62,1200,5.1667,synthetic
war_memorial,2026-09-07T08:45:00+00:00,51,1200,4.25,synthetic
war_memorial,2026-09-07T09:00:00+00:00,58,1200,4.8333,synthetic
war_memorial,2026-09-07T09:15:00+00:00,73,1200,6.0833,synthetic
war_memorial,2026-09-07T09:30:00+00:00,80,1200,6.6667,synthetic
war_memorial,2026-09-07T09:45:00+00:00,113,1200,9.4167,synthetic
war_memorial,2026-09-07T10:00:00+00:00,133,1200,11.0833,synthetic
war_memorial,2026-09-07T10:15:00+00:00,130,1200,10.8333,synthetic
war_memorial,2026-09-07T10:30:00+00:00,185,1200,15.4167,synthetic
war_memorial,2026-09-07T10:45:00+00:00,218,1200,18.1667,synthetic
war_memorial,2026-09-07T11:00:00+00:00,249,1200,20.75,synthetic
war_memorial,2026-09-07T11:15:00+00:00,268,1200,22.3333,synthetic
war_memorial,2026-09-07T11:30:00+00:00,325,1200,27.0833,synthetic
war_memorial,2026-09-07T11:45:00+00:00,299,1200,24.9167,synthetic
war_memorial,2026-09-07T12:00:00+00:00,349,1200,29.0833,synthetic
war_memorial,2026-09-07T12:15:00+00:00,337,1200,28.0833,synthetic
war_memorial,2026-09-07T12:30:00+00:00,314,1200,26.1667,synthetic
war_memorial,2026-09-07T12:45:00+00:00,266,1200,22.1667,synthetic
war_memorial,2026-09-07T13:00:00+00:00,246,1200,20.5,synthetic
war_memorial,2026-09-07T13:15:00+00:00,214,1200,17.8333,synthetic
war_memorial,2026-09-07T13:30:00+00:00,194,1200,16.1667,synthetic
war_memorial,2026-09-07T13:45:00+00:00,172,1200,14.3333,synthetic
war_memorial,2026-09-07T14:00:00+00:00,188,1200,15.6667,synthetic
war_memorial,2026-09-07T14:15:00+00:00,160,1200,13.3333,synthetic
war_memorial,2026-09-07T14:30:00+00:00,215,1200,17.9167,synthetic
war_memorial,2026-09-07T14:45:00+00:00,236,1200,19.6667,synthetic
war_memorial,2026-09-07T15:00:00+00:00,278,1200,23.1667,synthetic
war_memorial,2026-09-07T15:15:00+00:00,270,1200,22.5,synthetic
war_memorial,2026-09-07T15:30:00+00:00,287,1200,23.9167,synthetic
war_memorial,2026-09-07T15:45:00+00:00,357,1200,29.75,synthetic
war_memorial,2026-09-07T16:00:00+00:00,392,1200,32.6667,synthetic
war_memorial,2026-09-07T16:15:00+00:00,411,1200,34.25,synthetic
war_memorial,2026-09-07T16:30:00+00:00,427,1200,35.5833,synthetic
war_memorial,2026-09-07T16:45:00+00:00,397,1200,33.0833,synthetic
war_memorial,2026-09-07T17:00:00+00:00,391,1200,32.5833,synthetic
war_memorial,2026-09-07T17:15:00+00:00,348,1200,29.0,synthetic
war_memorial,2026-09-07T17:30:00+00:00,325,1200,27.0833,synthetic
war_memorial,2026-09-07T17:45:00+00:00,298,1200,24.8333,synthetic
war_memorial,2026-09-07T18:00:00+00:00,264,1200,22.0,synthetic
war_memorial,2026-09-07T18:15:00+00:00,235,1200,19.5833,synthetic
war_memorial,2026-09-07T18:30:00+00:00,251,1200,20.9167,synthetic
war_memorial,2026-09-07T18:45:00+00:00,255,1200,21.25,synthetic
war_memorial,2026-09-07T19:00:00+00:00,230,1200,19.1667,synthetic
war_memorial,2026-09-07T19:15:00+00:00,255,1200,21.25,synthetic
war_memorial,2026-09-07T19:30:00+00:00,265,1200,22.0833,synthetic
war_memorial,2026-09-07T19:45:00+00:00,276,1200,23.0,synthetic
war_memorial,2026-09-07T20:00:00+00:00,337,1200,28.0833,synthetic
war_memorial,2026-09-07T20:15:00+00:00,389,1200,32.4167,synthetic
war_memorial,2026-09-07T20:30:00+00:00,455,1200,37.9167,synthetic
war_memorial,2026-09-07T20:45:00+00:00,537,1200,44.75,synthetic
war_memorial,2026-09-07T21:00:00+00:00,555,1200,46.25,synthetic
war_memorial,2026-09-07T21:15:00+00:00,614,1200,51.1667,synthetic
war_memorial,2026-09-07T21:30:00+00:00,742,1200,61.8333,synthetic
war_memorial,2026-09-07T21:45:00+00:00,771,1200,64.25,synthetic
war_memorial,2026-09-07T22:00:00+00:00,812,1200,67.6667,synthetic
war_memorial,2026-09-07T22:15:00+00:00,816,1200,68.0,synthetic
war_memorial,2026-09-07T22:30:00+00:00,804,1200,67.0,synthetic
war_memorial,2026-09-07T22:45:00+00:00,804,1200,67.0,synthetic
war_memorial,2026-09-07T23:00:00+00:00,779,1200,64.9167,synthetic
war_memorial,2026-09-07T23:15:00+00:00,747,1200,62.25,synthetic
war_memorial,2026-09-07T23:30:00+00:00,696,1200,58.0,synthetic
war_memorial,2026-09-07T23:45:00+00:00,626,1200,52.1667,synthetic
war_memorial,2026-09-08T00:00:00+00:00,537,1200,44.75,synthetic
war_memorial,2026-09-08T00:15:00+00:00,479,1200,39.9167,synthetic
war_memorial,2026-09-08T00:30:00+00:00,356,1200,29.6667,synthetic
war_memorial,2026-09-08T00:45:00+00:00,306,1200,25.5,synthetic
war_memorial,2026-09-08T01:00:00+00:00,234,1200,19.5,synthetic
war_memorial,2026-09-08T01:15:00+00:00,216,1200,18.0,synthetic
war_memorial,2026-09-08T01:30:00+00:00,154,1200,12.8333,synthetic
war_memorial,2026-09-08T01:45:00+00:00,104,1200,8.6667,synthetic
war_memorial,2026-09-08T02:00:00+00:00,80,1200,6.6667,synthetic
war_memorial,2026-09-08T02:15:00+00:00,79,1200,6.5833,synthetic
war_memorial,2026-09-08T02:30:00+00:00,91,1200,7.5833,synthetic
war_memorial,2026-09-08T02:45:00+00:00,52,1200,4.3333,synthetic
war_memorial,2026-09-08T03:00:00+00:00,66,1200,5.5,synthetic
war_memorial,2026-09-08T03:15:00+00:00,64,1200,5.3333,synthetic
war_memorial,2026-09-08T03:30:00+00:00,57,1200,4.75,synthetic
war_memorial,2026-09-08T03:45:00+00:00,44,1200,3.6667,synthetic
mccomas,2026-09-08T04:00:00+00:00,24,600,4.0,synthetic
mccomas,2026-09-08T04:15:00+00:00,46,600,7.6667,synthetic
mccomas,2026-09-08T04:30:00+00:00,38,600,6.3333,synthetic
mccomas,2026-09-08T04:45:00+00:00,31,600,5.1667,synthetic
mccomas,2026-09-08T05:00:00+00:00,40,600,6.6667,synthetic
mccomas,2026-09-08T05:15:00+00:00,36,600,6.0,synthetic
mccomas,2026-09-08T05:30:00+00:00,29,600,4.8333,synthetic
mccomas,2026-09-08T05:45:00+00:00,35,600,5.8333,synthetic
mccomas,2026-09-08T06:00:00+00:00,37,600,6.1667,synthetic
mccomas,2026-09-08T06:15:00+00:00,36,600,6.0,synthetic
mccomas,2026-09-08T06:30:00+00:00,43,600,7.1667,synthetic
mccomas,2026-09-08T06:45:00+00:00,44,600,7.3333,synthetic
mccomas,2026-09-08T07:00:00+00:00,43,600,7.1667,synthetic
mccomas,2026-09-08T07:15:00+00:00,48,600,8.0,synthetic
mccomas,2026-09-08T07:30:00+00:00,40,600,6.6667,synthetic
mccomas,2026-09-08T07:45:00+00:00,33,600,5.5,synthetic
mccomas,2026-09-08T08:00:00+00:00,33,600,5.5,synthetic
mccomas,2026-09-08T08:15:00+00:00,47,600,7.8333,synthetic
mccomas,2026-09-08T08:30:00+00:00,57,600,9.5,synthetic
mccomas,2026-09-08T08:45:00+00:00,52,600,8.6667,synthetic
mccomas,2026-09-08T09:00:00+00:00,62,600,10.3333,synthetic
mccomas,2026-09-08T09:15:00+00:00,65,600,10.8333,synthetic
mccomas,2026-09-08T09:30:00+00:00,79,600,13.1667,synthetic
mccomas,2026-09-08T09:45:00+00:00,88,600,14.6667,synthetic
mccomas,2026-09-08T10:00:00+00:00,99,600,16.5,synthetic
mccomas,2026-09-08T10:15:00+00:00,134,600,22.3333,synthetic
mccomas,2026-09-08T10:30:00+00:00,160,600,26.6667,synthetic
mccomas,2026-09-08T10:45:00+00:00,172,600,28.6667,synthetic
mccomas,2026-09-08T11:00:00+00:00,167,600,27.8333,synthetic
mccomas,2026-09-08T11:15:00+00:00,172,600,28.6667,synthetic
mccomas,2026-09-08T11:30:00+00:00,182,600,30.3333,synthetic
mccomas,2026-09-08T11:45:00+00:00,184,600,30.6667,synthetic
mccomas,2026-09-08T12:00:00+00:00,180,600,30.0,synthetic
mccomas,2026-09-08T12:15:00+00:00,167,600,27.8333,synthetic
mccomas,2026-09-08T12:30:00+00:00,157,600,26.1667,synthetic
mccomas,2026-09-08T12:45:00+00:00,143,600,23.8333,synthetic
mccomas,2026-09-08T13:00:00+00:00,136,600,22.6667,synthetic
mccomas,2026-09-08T13:15:00+00:00,109,600,18.1667,synthetic
mccomas,2026-09-08T13:30:00+00:00,112,600,18.6667,synthetic
mccomas,2026-09-08T13:45:00+00:00,111,600,18.5,synthetic
mccomas,2026-09-08T14:00:00+00:00,118,600,19.6667,synthetic
mccomas,2026-09-08T14:15:00+00:00,114,600,19.0,synthetic
mccomas,2026-09-08T14:30:00+00:00,133,600,22.1667,synthetic
mccomas,2026-09-08T14:45:00+00:00,138,600,23.0,synthetic
mccomas,2026-09-08T15:00:00+00:00,159,600,26.5,synthetic
mccomas,2026-09-08T15:15:00+00:00,175,600,29.1667,synthetic
mccomas,2026-09-08T15:30:00+00:00,183,600,30.5,synthetic
mccomas,2026-09-08T15:45:00+00:00,202,600,33.6667,synthetic
mccomas,2026-09-08T16:00:00+00:00,219,600,36.5,synthetic
mccomas,2026-09-08T16:15:00+00:00,244,600,40.6667,synthetic
mccomas,2026-09-08T16:30:00+00:00,238,600,39.6667,synthetic
mccomas,2026-09-08T16:45:00+00:00,236,600,39.3333,synthetic
mccomas,2026-09-08T17:00:00+00:00,228,600,38.0,synthetic
mccomas,2026-09-08T17:15:00+00:00,216,600,36.0,synthetic
mccomas,2026-09-08T17:30:00+00:00,210,600,35.0,synthetic
mccomas,2026-09-08T17:45:00+00:00,230,600,38.3333,synthetic
mccomas,2026-09-08T18:00:00+00:00,222,600,37.0,synthetic
mccomas,2026-09-08T18:15:00+00:00,217,600,36.1667,synthetic
mccomas,2026-09-08T18:30:00+00:00,218,600,36.3333,synthetic
mccomas,2026-09-08T18:45:00+00:00,221,600,36.8333,synthetic
mccomas,2026-09-08T19:00:00+00:00,235,600,39.1667,synthetic
mccomas,2026-09-08T19:15:00+00:00,242,600,40.3333,synthetic
mccomas,2026-09-08T19:30:00+00:00,277,600,46.1667,synthetic
mccomas,2026-09-08T19:45:00+00:00,311,600,51.8333,synthetic
mccomas,2026-09-08T20:00:00+00:00,351,600,58.5,synthetic
mccomas,2026-09-08T20:15:00+00:00,384,600,64.0,synthetic
mccomas,2026-09-08T20:30:00+00:00,423,600,70.5,synthetic
mccomas,2026-09-08T20:45:00+00:00,437,600,72.8333,synthetic
mccomas,2026-09-08T21:00:00+00:00,468,600,78.0,synthetic
mccomas,2026-09-08T21:15:00+00:00,459,600,76.5,synthetic
mccomas,2026-09-08T21:30:00+00:00,480,600,80.0,synthetic
mccomas,2026-09-08T21:45:00+00:00,471,600,78.5,synthetic
mccomas,2026-09-08T22:00:00+00:00,439,600,73.1667,synthetic
mccomas,2026-09-08T22:15:00+00:00,431,600,71.8333,synthetic
mccomas,2026-09-08T22:30:00+00:00,404,600,67.3333,synthetic
mccomas,2026-09-08T22:45:00+00:00,381,600,63.5,synthetic
mccomas,2026-09-08T23:00:00+00:00,362,600,60.3333,synthetic
mccomas,2026-09-08T23:15:00+00:00,336,600,56.0,synthetic
mccomas,2026-09-08T23:30:00+00:00,291,600,48.5,synthetic
mccomas,2026-09-08T23:45:00+00:00,229,600,38.1667,synthetic
mccomas,2026-09-09T00:00:00+00:00,197,600,32.8333,synthetic
mccomas,2026-09-09T00:15:00+00:00,163,600,27.1667,synthetic
mccomas,2026-09-09T00:30:00+00:00,143,600,23.8333,synthetic
mccomas,2026-09-09T00:45:00+00:00,103,600,17.1667,synthetic
mccomas,2026-09-09T01:00:00+00:00,80,600,13.3333,synthetic
mccomas,2026-09-09T01:15:00+00:00,84,600,14.0,synthetic
mccomas,2026-09-09T01:30:00+00:00,62,600,10.3333,synthetic
mccomas,2026-09-09T01:45:00+00:00,59,600,9.8333,synthetic
mccomas,2026-09-09T02:00:00+00:00,74,600,12.3333,synthetic
mccomas,2026-09-09T02:15:00+00:00,56,600,9.3333,synthetic
mccomas,2026-09-09T02:30:00+00:00,47,600,7.8333,synthetic
mccomas,2026-09-09T02:45:00+00:00,58,600,9.6667,synthetic
mccomas,2026-09-09T03:00:00+00:00,60,600,10.0,synthetic
mccomas,2026-09-09T03:15:00+00:00,70,600,11.6667,synthetic
mccomas,2026-09-09T03:30:00+00:00,73,600,12.1667,synthetic
mccomas,2026-09-09T03:45:00+00:00,59,600,9.8333,synthetic
war_memorial,2026-09-08T04:00:00+00:00,87,1200,7.25,synthetic
war_memorial,2026-09-08T04:15:00+00:00,74,1200,6.1667,synthetic
war_memorial,2026-09-08T04:30:00+00:00,91,1200,7.5833,synthetic
war_memorial,2026-09-08T04:45:00+00:00,71,1200,5.9167,synthetic
war_memorial,2026-09-08T05:00:00+00:00,64,1200,5.3333,synthetic
war_memorial,2026-09-08T05:15:00+00:00,80,1200,6.6667,synthetic
war_memorial,2026-09-08T05:30:00+00:00,67,1200,5.5833,synthetic
war_memorial,2026-09-08T05:45:00+00:00,51,1200,4.25,synthetic
war_memorial,2026-09-08T06:00:00+00:00,74,1200,6.1667,synthetic
war_memorial,2026-09-08T06:15:00+00:00,126,1200,10.5,synthetic
war_memorial,2026-09-08T06:30:00+00:00,83,1200,6.9167,synthetic
war_memorial,2026-09-08T06:45:00+00:00,81,1200,6.75,synthetic
war_memorial,2026-09-08T07:00:00+00:00,42,1200,3.5,synthetic
war_memorial,2026-09-08T07:15:00+00:00,104,1200,8.6667,synthetic
war_memorial,2026-09-08T07:30:00+00:00,101,1200,8.4167,synthetic
war_memorial,2026-09-08T07:45:00+00:00,111,1200,9.25,synthetic
war_memorial,2026-09-08T08:00:00+00:00,121,1200,10.0833,synthetic
war_memorial,2026-09-08T08:15:00+00:00,120,1200,10.0,synthetic
war_memorial,2026-09-08T08:30:00+00:00,60,1200,5.0,synthetic
war_memorial,2026-09-08T08:45:00+00:00,82,1200,6.8333,synthetic
war_memorial,2026-09-08T09:00:00+00:00,72,1200,6.0,synthetic
war_memorial,2026-09-08T09:15:00+00:00,60,1200,5.0,synthetic
war_memorial,2026-09-08T09:30:00+00:00,87,1200,7.25,synthetic
war_memorial,2026-09-08T09:45:00+00:00,143,1200,11.9167,synthetic
war_memorial,2026-09-08T10:00:00+00:00,146,1200,12.1667,synthetic
war_memorial,2026-09-08T10:15:00+00:00,128,1200,10.6667,synthetic
war_memorial,2026-09-08T10:30:00+00:00,171,1200,14.25,synthetic
war_memorial,2026-09-08T10:45:00+00:00,245,1200,20.4167,synthetic
war_memorial,2026-09-08T11:00:00+00:00,273,1200,22.75,synthetic
war_memorial,2026-09-08T11:15:00+00:00,304,1200,25.3333,synthetic
war_memorial,2026-09-08T11:30:00+00:00,335,1200,27.9167,synthetic
war_memorial,2026-09-08T11:45:00+00:00,344,1200,28.6667,synthetic
war_memorial,2026-09-08T12:00:00+00:00,341,1200,28.4167,synthetic
war_memorial,2026-09-08T12:15:00+00:00,328,1200,27.3333,synthetic
war_memorial,2026-09-08T12:30:00+00:00,325,1200,27.0833,synthetic
war_memorial,2026-09-08T12:45:00+00:00,331,1200,27.5833,synthetic
war_memorial,2026-09-08T13:00:00+00:00,290,1200,24.1667,synthetic
war_memorial,2026-09-08T13:15:00+00:00,275,1200,22.9167,synthetic
war_memorial,2026-09-08T13:30:00+00:00,265,1200,22.0833,synthetic
war_memorial,2026-09-08T13:45:00+00:00,222,1200,18.5,synthetic
war_memorial,2026-09-08T14:00:00+00:00,185,1200,15.4167,synthetic
war_memorial,2026-09-08T14:15:00+00:00,172,1200,14.3333,synthetic
war_memorial,2026-09-08T14:30:00+00:00,189,1200,15.75,synthetic
war_memorial,2026-09-08T14:45:00+00:00,231,1200,19.25,synthetic
war_memorial,2026-09-08T15:00:00+00:00,303,1200,25.25,synthetic
war_memorial,2026-09-08T15:15:00+00:00,318,1200,26.5,synthetic
war_memorial,2026-09-08T15:30:00+00:00,379,1200,31.5833,synthetic
war_memorial,2026-09-08T15:45:00+00:00,434,1200,36.1667,synthetic
war_memorial,2026-09-08T16:00:00+00:00,441,1200,36.75,synthetic
war_memorial,2026-09-08T16:15:00+00:00,458,1200,38.1667,synthetic
war_memorial,2026-09-08T16:30:00+00:00,483,1200,40.25,synthetic
war_memorial,2026-09-08T16:45:00+00:00,491,1200,40.9167,synthetic
war_memorial,2026-09-08T17:00:00+00:00,471,1200,39.25,synthetic
war_memorial,2026-09-08T17:15:00+00:00,420,1200,35.0,synthetic
war_memorial,2026-09-08T17:30:00+00:00,412,1200,34.3333,synthetic
war_memorial,2026-09-08T17:45:00+00:00,340,1200,28.3333,synthetic
war_memorial,2026-09-08T18:00:00+00:00,318,1200,26.5,synthetic
war_memorial,2026-09-08T18:15:00+00:00,276,1200,23.0,synthetic
war_memorial,2026-09-08T18:30:00+00:00,264,1200,22.0,synthetic
war_memorial,2026-09-08T18:45:00+00:00,259,1200,21.5833,synthetic
war_memorial,2026-09-08T19:00:00+00:00,232,1200,19.3333,synthetic
war_memorial,2026-09-08T19:15:00+00:00,256,1200,21.3333,synthetic
war_memorial,2026-09-08T19:30:00+00:00,279,1200,23.25,synthetic
war_memorial,2026-09-08T19:45:00+00:00,286,1200,23.8333,synthetic
war_memorial,2026-09-08T20:00:00+00:00,364,1200,30.3333,synthetic
war_memorial,2026-09-08T20:15:00+00:00,400,1200,33.3333,synthetic
war_memorial,2026-09-08T20:30:00+00:00,470,1200,39.1667,synthetic
war_memorial,2026-09-08T20:45:00+00:00,548,1200,45.6667,synthetic
war_memorial,2026-09-08T21:00:00+00:00,573,1200,47.75,synthetic
war_memorial,2026-09-08T21:15:00+00:00,619,1200,51.5833,synthetic
war_memorial,2026-09-08T21:30:00+00:00,670,1200,55.8333,synthetic
war_memorial,2026-09-08T21:45:00+00:00,708,1200,59.0,synthetic
war_memorial,2026-09-08T22:00:00+00:00,762,1200,63.5,synthetic
war_memorial,2026-09-08T22:15:00+00:00,771,1200,64.25,synthetic
war_memorial,2026-09-08T22:30:00+00:00,810,1200,67.5,synthetic
war_memorial,2026-09-08T22:45:00+00:00,771,1200,64.25,synthetic
war_memorial,2026-09-08T23:00:00+00:00,814,1200,67.8333,synthetic
war_memorial,2026-09-08T23:15:00+00:00,728,1200,60.6667,synthetic
war_memorial,2026-09-08T23:30:00+00:00,715,1200,59.5833,synthetic
war_memorial,2026-09-08T23:45:00+00:00,639,1200,53.25,synthetic
war_memorial,2026-09-09T00:00:00+00:00,550,1200,45.8333,synthetic
war_memorial,2026-09-09T00:15:00+00:00,510,1200,42.5,synthetic
war_memorial,2026-09-09T00:30:00+00:00,431,1200,35.9167,synthetic
war_memorial,2026-09-09T00:45:00+00:00,383,1200,31.9167,synthetic
war_memorial,2026-09-09T01:00:00+00:00,328,1200,27.3333,synthetic
war_memorial,2026-09-09T01:15:00+00:00,273,1200,22.75,synthetic
war_memorial,2026-09-09T01:30:00+00:00,237,1200,19.75,synthetic
war_memorial,2026-09-09T01:45:00+00:00,144,1200,12.0,synthetic
war_memorial,2026-09-09T02:00:00+00:00,137,1200,11.4167,synthetic
war_memorial,2026-09-09T02:15:00+00:00,175,1200,14.5833,synthetic
war_memorial,2026-09-09T02:30:00+00:00,113,1200,9.4167,synthetic
war_memorial,2026-09-09T02:45:00+00:00,81,1200,6.75,synthetic
war_memorial,2026-09-09T03:00:00+00:00,77,1200,6.4167,synthetic
war_memorial,2026-09-09T03:15:00+00:00,67,1200,5.5833,synthetic
war_memorial,2026-09-09T03:30:00+00:00,50,1200,4.1667,synthetic
war_memorial,2026-09-09T03:45:00+00:00,53,1200,4.4167,synthetic
mccomas,2026-09-09T04:00:00+00:00,39,600,6.5,synthetic
mccomas,2026-09-09T04:15:00+00:00,55,600,9.1667,synthetic
mccomas,2026-09-09T04:30:00+00:00,33,600,5.5,synthetic
mccomas,2026-09-09T04:45:00+00:00,40,600,6.6667,synthetic
mccomas,2026-09-09T05:00:00+00:00,46,600,7.6667,synthetic
mccomas,2026-09-09T05:15:00+00:00,62,600,10.3333,synthetic
mccomas,2026-09-09T05:30:00+00:00,71,600,11.8333,synthetic
mccomas,2026-09-09T05:45:00+00:00,69,600,11.5,synthetic
mccomas,2026-09-09T06:00:00+00:00,59,600,9.8333,synthetic
mccomas,2026-09-09T06:15:00+00:00,54,600,9.0,synthetic
mccomas,2026-09-09T06:30:00+00:00,55,600,9.1667,synthetic
mccomas,2026-09-09T06:45:00+00:00,52,600,8.6667,synthetic
mccomas,2026-09-09T07:00:00+00:00,49,600,8.1667,synthetic
mccomas,2026-09-09T07:15:00+00:00,29,600,4.8333,synthetic
mccomas,2026-09-09T07:30:00+00:00,51,600,8.5,synthetic
mccomas,2026-09-09T07:45:00+00:00,47,600,7.8333,synthetic
mccomas,2026-09-09T08:00:00+00:00,36,600,6.0,synthetic
mccomas,2026-09-09T08:15:00+00:00,39,600,6.5,synthetic
mccomas,2026-09-09T08:30:00+00:00,33,600,5.5,synthetic
mccomas,2026-09-09T08:45:00+00:00,44,600,7.3333,synthetic
mccomas,2026-09-09T09:00:00+00:00,40,600,6.6667,synthetic
mccomas,2026-09-09T09:15:00+00:00,65,600,10.8333,synthetic
mccomas,2026-09-09T09:30:00+00:00,58,600,9.6667,synthetic
mccomas,2026-09-09T09:45:00+00:00,62,600,10.3333,synthetic
mccomas,2026-09-09T10:00:00+00:00,81,600,13.5,synthetic
mccomas,2026-09-09T10:15:00+00:00,101,600,16.8333,synthetic
mccomas,2026-09-09T10:30:00+00:00,117,600,19.5,synthetic
mccomas,2026-09-09T10:45:00+00:00,156,600,26.0,synthetic
mccomas,2026-09-09T11:00:00+00:00,162,600,27.0,synthetic
mccomas,2026-09-09T11:15:00+00:00,184,600,30.6667,synthetic
mccomas,2026-09-09T11:30:00+00:00,191,600,31.8333,synthetic
mccomas,2026-09-09T11:45:00+00:00,186,600,31.0,synthetic
mccomas,2026-09-09T12:00:00+00:00,188,600,31.3333,synthetic
mccomas,2026-09-09T12:15:00+00:00,186,600,31.0,synthetic
mccomas,2026-09-09T12:30:00+00:00,159,600,26.5,synthetic
mccomas,2026-09-09T12:45:00+00:00,133,600,22.1667,synthetic
mccomas,2026-09-09T13:00:00+00:00,124,600,20.6667,synthetic
mccomas,2026-09-09T13:15:00+00:00,103,600,17.1667,synthetic
mccomas,2026-09-09T13:30:00+00:00,93,600,15.5,synthetic
mccomas,2026-09-09T13:45:00+00:00,94,600,15.6667,synthetic
mccomas,2026-09-09T14:00:00+00:00,102,600,17.0,synthetic
mccomas,2026-09-09T14:15:00+00:00,109,600,18.1667,synthetic
mccomas,2026-09-09T14:30:00+00:00,120,600,20.0,synthetic
mccomas,2026-09-09T14:45:00+00:00,123,600,20.5,synthetic
mccomas,2026-09-09T15:00:00+00:00,149,600,24.8333,synthetic
mccomas,2026-09-09T15:15:00+00:00,160,600,26.6667,synthetic
mccomas,2026-09-09T15:30:00+00:00,161,600,26.8333,synthetic
mccomas,2026-09-09T15:45:00+00:00,180,600,30.0,synthetic
mccomas,2026-09-09T16:00:00+00:00,191,600,31.8333,synthetic
mccomas,2026-09-09T16:15:00+00:00,219,600,36.5,synthetic
mccomas,2026-09-09T16:30:00+00:00,235,600,39.1667,synthetic
mccomas,2026-09-09T16:45:00+00:00,219,600,36.5,synthetic
mccomas,2026-09-09T17:00:00+00:00,201,600,33.5,synthetic
mccomas,2026-09-09T17:15:00+00:00,197,600,32.8333,synthetic
mccomas,2026-09-09T17:30:00+00:00,190,600,31.6667,synthetic
mccomas,2026-09-09T17:45:00+00:00,217,600,36.1667,synthetic
mccomas,2026-09-09T18:00:00+00:00,206,600,34.3333,synthetic
mccomas,2026-09-09T18:15:00+00:00,197,600,32.8333,synthetic
mccomas,2026-09-09T18:30:00+00:00,198,600,33.0,synthetic
mccomas,2026-09-09T18:45:00+00:00,198,600,33.0,synthetic
mccomas,2026-09-09T19:00:00+00:00,216,600,36.0,synthetic
mccomas,2026-09-09T19:15:00+00:00,242,600,40.3333,synthetic
mccomas,2026-09-09T19:30:00+00:00,267,600,44.5,synthetic
mccomas,2026-09-09T19:45:00+00:00,292,600,48.6667,synthetic
mccomas,2026-09-09T20:00:00+00:00,326,600,54.3333,synthetic
mccomas,2026-09-09T20:15:00+00:00,364,600,60.6667,synthetic
mccomas,2026-09-09T20:30:00+00:00,387,600,64.5,synthetic
mccomas,2026-09-09T20:45:00+00:00,388,600,64.6667,synthetic
mccomas,2026-09-09T21:00:00+00:00,437,600,72.8333,synthetic
mccomas,2026-09-09T21:15:00+00:00,458,600,76.3333,synthetic
mccomas,2026-09-09T21:30:00+00:00,468,600,78.0,synthetic
mccomas,2026-09-09T21:45:00+00:00,456,600,76.0,synthetic
mccomas,2026-09-09T22:00:00+00:00,436,600,72.6667,synthetic
mccomas,2026-09-09T22:15:00+00:00,407,600,67.8333,synthetic
mccomas,2026-09-09T22:30:00+00:00,408,600,68.0,synthetic
mccomas,2026-09-09T22:45:00+00:00,359,600,59.8333,synthetic
mccomas,2026-09-09T23:00:00+00:00,318,600,53.0,synthetic
mccomas,2026-09-09T23:15:00+00:00,288,600,48.0,synthetic
mccomas,2026-09-09T23:30:00+00:00,230,600,38.3333,synthetic
mccomas,2026-09-09T23:45:00+00:00,199,600,33.1667,synthetic
mccomas,2026-09-10T00:00:00+00:00,169,600,28.1667,synthetic
mccomas,2026-09-10T00:15:00+00:00,153,600,25.5,synthetic
mccomas,2026-09-10T00:30:00+00:00,127,600,21.1667,synthetic
mccomas,2026-09-10T00:45:00+00:00,112,600,18.6667,synthetic
mccomas,2026-09-10T01:00:00+00:00,101,600,16.8333,synthetic
mccomas,2026-09-10T01:15:00+00:00,75,600,12.5,synthetic
mccomas,2026-09-10T01:30:00+00:00,72,600,12.0,synthetic
mccomas,2026-09-10T01:45:00+00:00,67,600,11.1667,synthetic
mccomas,2026-09-10T02:00:00+00:00,61,600,10.1667,synthetic
mccomas,2026-09-10T02:15:00+00:00,80,600,13.3333,synthetic
mccomas,2026-09-10T02:30:00+00:00,60,600,10.0,synthetic
mccomas,2026-09-10T02:45:00+00:00,65,600,10.8333,synthetic
mccomas,2026-09-10T03:00:00+00:00,64,600,10.6667,synthetic
mccomas,2026-09-10T03:15:00+00:00,55,600,9.1667,synthetic
mccomas,2026-09-10T03:30:00+00:00,93,600,15.5,synthetic
mccomas,2026-09-10T03:45:00+00:00,78,600,13.0,synthetic
war_memorial,2026-09-09T04:00:00+00:00,39,1200,3.25,synthetic
war_memorial,2026-09-09T04:15:00+00:00,17,1200,1.4167,synthetic
war_memorial,2026-09-09T04:30:00+00:00,30,1200,2.5,synthetic
war_memorial,2026-09-09T04:45:00+00:00,35,1200,2.9167,synthetic
war_memorial,2026-09-09T05:00:00+00:00,31,1200,2.5833,synthetic
war_memorial,2026-09-09T05:15:00+00:00,63,1200,5.25,synthetic
war_memorial,2026-09-09T05:30:00+00:00,88,1200,7.3333,synthetic
war_memorial,2026-09-09T05:45:00+00:00,63,1200,5.25,synthetic
war_memorial,2026-09-09T06:00:00+00:00,30,1200,2.5,synthetic
war_memorial,2026-09-09T06:15:00+00:00,40,1200,3.3333,synthetic
war_memorial,2026-09-09T06:30:00+00:00,43,1200,3.5833,synthetic
war_memorial,2026-09-09T06:45:00+00:00,18,1200,1.5,synthetic
war_memorial,2026-09-09T07:00:00+00:00,19,1200,1.5833,synthetic
war_memorial,2026-09-09T07:15:00+00:00,0,1200,0.0,synthetic
war_memorial,2026-09-09T07:30:00+00:00,45,1200,3.75,synthetic
war_memorial,2026-09-09T07:45:00+00:00,35,1200,2.9167,synthetic
war_memorial,2026-09-09T08:00:00+00:00,37,1200,3.0833,synthetic
war_memorial,2026-09-09T08:15:00+00:00,20,1200,1.6667,synthetic
war_memorial,2026-09-09T08:30:00+00:00,29,1200,2.4167,synthetic
war_memorial,2026-09-09T08:45:00+00:00,11,1200,0.9167,synthetic
war_memorial,2026-09-09T09:00:00+00:00,24,1200,2.0,synthetic
war_memorial,2026-09-09T09:15:00+00:00,10,1200,0.8333,synthetic
war_memorial,2026-09-09T09:30:00+00:00,18,1200,1.5,synthetic
war_memorial,2026-09-09T09:45:00+00:00,34,1200,2.8333,synthetic
war_memorial,2026-09-09T10:00:00+00:00,85,1200,7.0833,synthetic
war_memorial,2026-09-09T10:15:00+00:00,103,1200,8.5833,synthetic
war_memorial,2026-09-09T10:30:00+00:00,137,1200,11.4167,synthetic
war_memorial,2026-09-09T10:45:00+00:00,203,1200,16.9167,synthetic
war_memorial,2026-09-09T11:00:00+00:00,236,1200,19.6667,synthetic
war_memorial,2026-09-09T11:15:00+00:00,257,1200,21.4167,synthetic
war_memorial,2026-09-09T11:30:00+00:00,322,1200,26.8333,synthetic
war_memorial,2026-09-09T11:45:00+00:00,343,1200,28.5833,synthetic
war_memorial,2026-09-09T12:00:00+00:00,366,1200,30.5,synthetic
war_memorial,2026-09-09T12:15:00+00:00,333,1200,27.75,synthetic
war_memorial,2026-09-09T12:30:00+00:00,358,1200,29.8333,synthetic
war_memorial,2026-09-09T12:45:00+00:00,324,1200,27.0,synthetic
war_memorial,2026-09-09T13:00:00+00:00,270,1200,22.5,synthetic
war_memorial,2026-09-09T13:15:00+00:00,189,1200,15.75,synthetic
war_memorial,2026-09-09T13:30:00+00:00,147,1200,12.25,synthetic
war_memorial,2026-09-09T13:45:00+00:00,159,1200,13.25,synthetic
war_memorial,2026-09-09T14:00:00+00:00,160,1200,13.3333,synthetic
war_memorial,2026-09-09T14:15:00+00:00,200,1200,16.6667,synthetic
war_memorial,2026-09-09T14:30:00+00:00,189,1200,15.75,synthetic
war_memorial,2026-09-09T14:45:00+00:00,271,1200,22.5833,synthetic
war_memorial,2026-09-09T15:00:00+00:00,276,1200,23.0,synthetic
war_memorial,2026-09-09T15:15:00+00:00,287,1200,23.9167,synthetic
war_memorial,2026-09-09T15:30:00+00:00,301,1200,25.0833,synthetic
war_memorial,2026-09-09T15:45:00+00:00,304,1200,25.3333,synthetic
war_memorial,2026-09-09T16:00:00+00:00,333,1200,27.75,synthetic
war_memorial,2026-09-09T16:15:00+00:00,353,1200,29.4167,synthetic
war_memorial,2026-09-09T16:30:00+00:00,368,1200,30.6667,synthetic
war_memorial,2026-09-09T16:45:00+00:00,346,1200,28.8333,synthetic
war_memorial,2026-09-09T17:00:00+00:00,316,1200,26.3333,synthetic
war_memorial,2026-09-09T17:15:00+00:00,306,1200,25.5,synthetic
war_memorial,2026-09-09T17:30:00+00:00,308,1200,25.6667,synthetic
war_memorial,2026-09-09T17:45:00+00:00,308,1200,25.6667,synthetic
war_memorial,2026-09-09T18:00:00+00:00,291,1200,24.25,synthetic
war_memorial,2026-09-09T18:15:00+00:00,278,1200,23.1667,synthetic
war_memorial,2026-09-09T18:30:00+00:00,266,1200,22.1667,synthetic
war_memorial,2026-09-09T18:45:00+00:00,263,1200,21.9167,synthetic
war_memorial,2026-09-09T19:00:00+00:00,224,1200,18.6667,synthetic
war_memorial,2026-09-09T19:15:00+00:00,227,1200,18.9167,synthetic
war_memorial,2026-09-09T19:30:00+00:00,244,1200,20.3333,synthetic
war_memorial,2026-09-09T19:45:00+00:00,283,1200,23.5833,synthetic
war_memorial,2026-09-09T20:00:00+00:00,352,1200,29.3333,synthetic
war_memorial,2026-09-09T20:15:00+00:00,390,1200,32.5,synthetic
war_memorial,2026-09-09T20:30:00+00:00,408,1200,34.0,synthetic
war_memorial,2026-09-09T20:45:00+00:00,495,1200,41.25,synthetic
war_memorial,2026-09-09T21:00:00+00:00,572,1200,47.6667,synthetic
war_memorial,2026-09-09T21:15:00+00:00,631,1200,52.5833,synthetic
war_memorial,2026-09-09T21:30:00+00:00,704,1200,58.6667,synthetic
war_memorial,2026-09-09T21:45:00+00:00,724,1200,60.3333,synthetic
war_memorial,2026-09-09T22:00:00+00:00,777,1200,64.75,synthetic
war_memorial,2026-09-09T22:15:00+00:00,820,1200,68.3333,synthetic
war_memorial,2026-09-09T22:30:00+00:00,799,1200,66.5833,synthetic
war_memorial,2026-09-09T22:45:00+00:00,805,1200,67.0833,synthetic
war_memorial,2026-09-09T23:00:00+00:00,779,1200,64.9167,synthetic
war_memorial,2026-09-09T23:15:00+00:00,740,1200,61.6667,synthetic
war_memorial,2026-09-09T23:30:00+00:00,696,1200,58.0,synthetic
war_memorial,2026-09-09T23:45:00+00:00,623,1200,51.9167,synthetic
war_memorial,2026-09-10T00:00:00+00:00,518,1200,43.1667,synthetic
war_memorial,2026-09-10T00:15:00+00:00,442,1200,36.8333,synthetic
war_memorial,2026-09-10T00:30:00+00:00,360,1200,30.0,synthetic
war_memorial,2026-09-10T00:45:00+00:00,314,1200,26.1667,synthetic
war_memorial,2026-09-10T01:00:00+00:00,267,1200,22.25,synthetic
war_memorial,2026-09-10T01:15:00+00:00,231,1200,19.25,synthetic
war_memorial,2026-09-10T01:30:00+00:00,189,1200,15.75,synthetic
war_memorial,2026-09-10T01:45:00+00:00,131,1200,10.9167,synthetic
war_memorial,2026-09-10T02:00:00+00:00,104,1200,8.6667,synthetic
war_memorial,2026-09-10T02:15:00+00:00,77,1200,6.4167,synthetic
war_memorial,2026-09-10T02:30:00+00:00,78,1200,6.5,synthetic
war_memorial,2026-09-10T02:45:00+00:00,70,1200,5.8333,synthetic
war_memorial,2026-09-10T03:00:00+00:00,59,1200,4.9167,synthetic
war_memorial,2026-09-10T03:15:00+00:00,72,1200,6.0,synthetic
war_memorial,2026-09-10T03:30:00+00:00,63,1200,5.25,synthetic
war_memorial,2026-09-10T03:45:00+00:00,76,1200,6.3333,synthetic
mccomas,2026-09-10T04:00:00+00:00,37,600,6.1667,synthetic
mccomas,2026-09-10T04:15:00+00:00,36,600,6.0,synthetic
mccomas,2026-09-10T04:30:00+00:00,49,600,8.1667,synthetic
mccomas,2026-09-10T04:45:00+00:00,44,600,7.3333,synthetic
mccomas,2026-09-10T05:00:00+00:00,47,600,7.8333,synthetic
mccomas,2026-09-10T05:15:00+00:00,36,600,6.0,synthetic
mccomas,2026-09-10T05:30:00+00:00,52,600,8.6667,synthetic
mccomas,2026-09-10T05:45:00+00:00,31,600,5.1667,synthetic
mccomas,2026-09-10T06:00:00+00:00,46,600,7.6667,synthetic
mccomas,2026-09-10T06:15:00+00:00,36,600,6.0,synthetic
mccomas,2026-09-10T06:30:00+00:00,37,600,6.1667,synthetic
mccomas,2026-09-10T06:45:00+00:00,46,600,7.6667,synthetic
mccomas,2026-09-10T07:00:00+00:00,21,600,3.5,synthetic
mccomas,2026-09-10T07:15:00+00:00,18,600,3.0,synthetic
mccomas,2026-09-10T07:30:00+00:00,43,600,7.1667,synthetic
mccomas,2026-09-10T07:45:00+00:00,39,600,6.5,synthetic
mccomas,2026-09-10T08:00:00+00:00,35,600,5.8333,synthetic
mccomas,2026-09-10T08:15:00+00:00,18,600,3.0,synthetic
mccomas,2026-09-10T08:30:00+00:00,18,600,3.0,synthetic
mccomas,2026-09-10T08:45:00+00:00,39,600,6.5,synthetic
mccomas,2026-09-10T09:00:00+00:00,25,600,4.1667,synthetic
mccomas,2026-09-10T09:15:00+00:00,39,600,6.5,synthetic
mccomas,2026-09-10T09:30:00+00:00,53,600,8.8333,synthetic
mccomas,2026-09-10T09:45:00+00:00,70,600,11.6667,synthetic
mccomas,2026-09-10T10:00:00+00:00,63,600,10.5,synthetic
mccomas,2026-09-10T10:15:00+00:00,97,600,16.1667,synthetic
mccomas,2026-09-10T10:30:00+00:00,118,600,19.6667,synthetic
mccomas,2026-09-10T10:45:00+00:00,149,600,24.8333,synthetic
mccomas,2026-09-10T11:00:00+00:00,160,600,26.6667,synthetic
mccomas,2026-09-10T11:15:00+00:00,181,600,30.1667,synthetic
mccomas,2026-09-10T11:30:00+00:00,190,600,31.6667,synthetic
mccomas,2026-09-10T11:45:00+00:00,180,600,30.0,synthetic
mccomas,2026-09-10T12:00:00+00:00,171,600,28.5,synthetic
mccomas,2026-09-10T12:15:00+00:00,141,600,23.5,synthetic
mccomas,2026-09-10T12:30:00+00:00,138,600,23.0,synthetic
mccomas,2026-09-10T12:45:00+00:00,126,600,21.0,synthetic
mccomas,2026-09-10T13:00:00+00:00,115,600,19.1667,synthetic
mccomas,2026-09-10T13:15:00+00:00,105,600,17.5,synthetic
mccomas,2026-09-10T13:30:00+00:00,81,600,13.5,synthetic
mccomas,2026-09-10T13:45:00+00:00,84,600,14.0,synthetic
mccomas,2026-09-10T14:00:00+00:00,99,600,16.5,synthetic
mccomas,2026-09-10T14:15:00+00:00,111,600,18.5,synthetic
mccomas,2026-09-10T14:30:00+00:00,128,600,21.3333,synthetic
mccomas,2026-09-10T14:45:00+00:00,152,600,25.3333,synthetic
mccomas,2026-09-10T15:00:00+00:00,158,600,26.3333,synthetic
mccomas,2026-09-10T15:15:00+00:00,166,600,27.6667,synthetic
mccomas,2026-09-10T15:30:00+00:00,177,600,29.5,synthetic
mccomas,2026-09-10T15:45:00+00:00,185,600,30.8333,synthetic
mccomas,2026-09-10T16:00:00+00:00,201,600,33.5,synthetic
mccomas,2026-09-10T16:15:00+00:00,215,600,35.8333,synthetic
mccomas,2026-09-10T16:30:00+00:00,216,600,36.0,synthetic
mccomas,2026-09-10T16:45:00+00:00,209,600,34.8333,synthetic
mccomas,2026-09-10T17:00:00+00:00,212,600,35.3333,synthetic
mccomas,2026-09-10T17:15:00+00:00,195,600,32.5,synthetic
mccomas,2026-09-10T17:30:00+00:00,173,600,28.8333,synthetic
mccomas,2026-09-10T17:45:00+00:00,186,600,31.0,synthetic
mccomas,2026-09-10T18:00:00+00:00,193,600,32.1667,synthetic
mccomas,2026-09-10T18:15:00+00:00,185,600,30.8333,synthetic
mccomas,2026-09-10T18:30:00+00:00,179,600,29.8333,synthetic
mccomas,2026-09-10T18:45:00+00:00,189,600,31.5,synthetic
mccomas,2026-09-10T19:00:00+00:00,207,600,34.5,synthetic
mccomas,2026-09-10T19:15:00+00:00,207,600,34.5,synthetic
mccomas,2026-09-10T19:30:00+00:00,255,600,42.5,synthetic
mccomas,2026-09-10T19:45:00+00:00,300,600,50.0,synthetic
mccomas,2026-09-10T20:00:00+00:00,329,600,54.8333,synthetic
mccomas,2026-09-10T20:15:00+00:00,351,600,58.5,synthetic
mccomas,2026-09-10T20:30:00+00:00,383,600,63.8333,synthetic
mccomas,2026-09-10T20:45:00+00:00,420,600,70.0,synthetic
mccomas,2026-09-10T21:00:00+00:00,437,600,72.8333,synthetic
mccomas,2026-09-10T21:15:00+00:00,465,600,77.5,synthetic
mccomas,2026-09-10T21:30:00+00:00,477,600,79.5,synthetic
mccomas,2026-09-10T21:45:00+00:00,465,600,77.5,synthetic
mccomas,2026-09-10T22:00:00+00:00,450,600,75.0,synthetic
mccomas,2026-09-10T22:15:00+00:00,428,600,71.3333,synthetic
mccomas,2026-09-10T22:30:00+00:00,391,600,65.1667,synthetic
mccomas,2026-09-10T22:45:00+00:00,356,600,59.3333,synthetic
mccomas,2026-09-10T23:00:00+00:00,316,600,52.6667,synthetic
mccomas,2026-09-10T23:15:00+00:00,291,600,48.5,synthetic
mccomas,2026-09-10T23:30:00+00:00,239,600,39.8333,synthetic
mccomas,2026-09-10T23:45:00+00:00,213,600,35.5,synthetic
mccomas,2026-09-11T00:00:00+00:00,173,600,28.8333,synthetic
mccomas,2026-09-11T00:15:00+00:00,125,600,20.8333,synthetic
mccomas,2026-09-11T00:30:00+00:00,106,600,17.6667,synthetic
mccomas,2026-09-11T00:45:00+00:00,98,600,16.3333,synthetic
mccomas,2026-09-11T01:00:00+00:00,76,600,12.6667,synthetic
mccomas,2026-09-11T01:15:00+00:00,76,600,12.6667,synthetic
mccomas,2026-09-11T01:30:00+00:00,75,600,12.5,synthetic
mccomas,2026-09-11T01:45:00+00:00,85,600,14.1667,synthetic
mccomas,2026-09-11T02:00:00+00:00,39,600,6.5,synthetic
mccomas,2026-09-11T02:15:00+00:00,59,600,9.8333,synthetic
mccomas,2026-09-11T02:30:00+00:00,45,600,7.5,synthetic
mccomas,2026-09-11T02:45:00+00:00,40,600,6.6667,synthetic
mccomas,2026-09-11T03:00:00+00:00,44,600,7.3333,synthetic
mccomas,2026-09-11T03:15:00+00:00,38,600,6.3333,synthetic
mccomas,2026-09-11T03:30:00+00:00,41,600,6.8333,synthetic
mccomas,2026-09-11T03:45:00+00:00,43,600,7.1667,synthetic
war_memorial,2026-09-10T04:00:00+00:00,30,1200,2.5,synthetic
war_memorial,2026-09-10T04:15:00+00:00,9,1200,0.75,synthetic
war_memorial,2026-09-10T04:30:00+00:00,0,1200,0.0,synthetic
war_memorial,2026-09-10T04:45:00+00:00,0,1200,0.0,synthetic
war_memorial,2026-09-10T05:00:00+00:00,0,1200,0.0,synthetic
war_memorial,2026-09-10T05:15:00+00:00,0,1200,0.0,synthetic
war_memorial,2026-09-10T05:30:00+00:00,0,1200,0.0,synthetic
war_memorial,2026-09-10T05:45:00+00:00,0,1200,0.0,synthetic
war_memorial,2026-09-10T06:00:00+00:00,0,1200,0.0,synthetic
war_memorial,2026-09-10T06:15:00+00:00,17,1200,1.4167,synthetic
war_memorial,2026-09-10T06:30:00+00:00,0,1200,0.0,synthetic
war_memorial,2026-09-10T06:45:00+00:00,0,1200,0.0,synthetic
war_memorial,2026-09-10T07:00:00+00:00,0,1200,0.0,synthetic
war_memorial,2026-09-10T07:15:00+00:00,0,1200,0.0,synthetic
war_memorial,2026-09-10T07:30:00+00:00,0,1200,0.0,synthetic
war_memorial,2026-09-10T07:45:00+00:00,0,1200,0.0,synthetic
war_memorial,2026-09-10T08:00:00+00:00,0,1200,0.0,synthetic
war_memorial,2026-09-10T08:15:00+00:00,0,1200,0.0,synthetic
war_memorial,2026-09-10T08:30:00+00:00,0,1200,0.0,synthetic
war_memorial,2026-09-10T08:45:00+00:00,0,1200,0.0,synthetic
war_memorial,2026-09-10T09:00:00+00:00,0,1200,0.0,synthetic
war_memorial,2026-09-10T09:15:00+00:00,20,1200,1.6667,synthetic
war_memorial,2026-09-10T09:30:00+00:00,0,1200,0.0,synthetic
war_memorial,2026-09-10T09:45:00+00:00,15,1200,1.25,synthetic
war_memorial,2026-09-10T10:00:00+00:00,9,1200,0.75,synthetic
war_memorial,2026-09-10T10:15:00+00:00,75,1200,6.25,synthetic
war_memorial,2026-09-10T10:30:00+00:00,122,1200,10.1667,synthetic
war_memorial,2026-09-10T10:45:00+00:00,191,1200,15.9167,synthetic
war_memorial,2026-09-10T11:00:00+00:00,223,1200,18.5833,synthetic
war_memorial,2026-09-10T11:15:00+00:00,240,1200,20.0,synthetic
war_memorial,2026-09-10T11:30:00+00:00,257,1200,21.4167,synthetic
war_memorial,2026-09-10T11:45:00+00:00,272,1200,22.6667,synthetic
war_memorial,2026-09-10T12:00:00+00:00,266,1200,22.1667,synthetic
war_memorial,2026-09-10T12:15:00+00:00,241,1200,20.0833,synthetic
war_memorial,2026-09-10T12:30:00+00:00,282,1200,23.5,synthetic
war_memorial,2026-09-10T12:45:00+00:00,244,1200,20.3333,synthetic
war_memorial,2026-09-10T13:00:00+00:00,223,1200,18.5833,synthetic
war_memorial,2026-09-10T13:15:00+00:00,174,1200,14.5,synthetic
war_memorial,2026-09-10T13:30:00+00:00,168,1200,14.0,synthetic
war_memorial,2026-09-10T13:45:00+00:00,153,1200,12.75,synthetic
war_memorial,2026-09-10T14:00:00+00:00,167,1200,13.9167,synthetic
war_memorial,2026-09-10T14:15:00+00:00,132,1200,11.0,synthetic
war_memorial,2026-09-10T14:30:00+00:00,137,1200,11.4167,synthetic
war_memorial,2026-09-10T14:45:00+00:00,166,1200,13.8333,synthetic
war_memorial,2026-09-10T15:00:00+00:00,157,1200,13.0833,synthetic
war_memorial,2026-09-10T15:15:00+00:00,216,1200,18.0,synthetic
war_memorial,2026-09-10T15:30:00+00:00,275,1200,22.9167,synthetic
war_memorial,2026-09-10T15:45:00+00:00,311,1200,25.9167,synthetic
war_memorial,2026-09-10T16:00:00+00:00,335,1200,27.9167,synthetic
war_memorial,2026-09-10T16:15:00+00:00,364,1200,30.3333,synthetic
war_memorial,2026-09-10T16:30:00+00:00,362,1200,30.1667,synthetic
war_memorial,2026-09-10T16:45:00+00:00,355,1200,29.5833,synthetic
war_memorial,2026-09-10T17:00:00+00:00,351,1200,29.25,synthetic
war_memorial,2026-09-10T17:15:00+00:00,330,1200,27.5,synthetic
war_memorial,2026-09-10T17:30:00+00:00,310,1200,25.8333,synthetic
war_memorial,2026-09-10T17:45:00+00:00,279,1200,23.25,synthetic
war_memorial,2026-09-10T18:00:00+00:00,264,1200,22.0,synthetic
war_memorial,2026-09-10T18:15:00+00:00,232,1200,19.3333,synthetic
war_memorial,2026-09-10T18:30:00+00:00,211,1200,17.5833,synthetic
war_memorial,2026-09-10T18:45:00+00:00,223,1200,18.5833,synthetic
war_memorial,2026-09-10T19:00:00+00:00,209,1200,17.4167,synthetic
war_memorial,2026-09-10T19:15:00+00:00,241,1200,20.0833,synthetic
war_memorial,2026-09-10T19:30:00+00:00,240,1200,20.0,synthetic
war_memorial,2026-09-10T19:45:00+00:00,230,1200,19.1667,synthetic
war_memorial,2026-09-10T20:00:00+00:00,306,1200,25.5,synthetic
war_memorial,2026-09-10T20:15:00+00:00,322,1200,26.8333,synthetic
war_memorial,2026-09-10T20:30:00+00:00,394,1200,32.8333,synthetic
war_memorial,2026-09-10T20:45:00+00:00,456,1200,38.0,synthetic
war_memorial,2026-09-10T21:00:00+00:00,513,1200,42.75,synthetic
war_memorial,2026-09-10T21:15:00+00:00,556,1200,46.3333,synthetic
war_memorial,2026-09-10T21:30:00+00:00,629,1200,52.4167,synthetic
war_memorial,2026-09-10T21:45:00+00:00,699,1200,58.25,synthetic
war_memorial,2026-09-10T22:00:00+00:00,731,1200,60.9167,synthetic
war_memorial,2026-09-10T22:15:00+00:00,752,1200,62.6667,synthetic
war_memorial,2026-09-10T22:30:00+00:00,774,1200,64.5,synthetic
war_memorial,2026-09-10T22:45:00+00:00,724,1200,60.3333,synthetic
war_memorial,2026-09-10T23:00:00+00:00,698,1200,58.1667,synthetic
war_memorial,2026-09-10T23:15:00+00:00,625,1200,52.0833,synthetic
war_memorial,2026-09-10T23:30:00+00:00,569,1200,47.4167,synthetic
war_memorial,2026-09-10T23:45:00+00:00,546,1200,45.5,synthetic
war_memorial,2026-09-11T00:00:00+00:00,484,1200,40.3333,synthetic
war_memorial,2026-09-11T00:15:00+00:00,443,1200,36.9167,synthetic
war_memorial,2026-09-11T00:30:00+00:00,369,1200,30.75,synthetic
war_memorial,2026-09-11T00:45:00+00:00,273,1200,22.75,synthetic
war_memorial,2026-09-11T01:00:00+00:00,261,1200,21.75,synthetic
war_memorial,2026-09-11T01:15:00+00:00,227,1200,18.9167,synthetic
war_memorial,2026-09-11T01:30:00+00:00,118,1200,9.8333,synthetic
war_memorial,2026-09-11T01:45:00+00:00,118,1200,9.8333,synthetic
war_memorial,2026-09-11T02:00:00+00:00,92,1200,7.6667,synthetic
war_memorial,2026-09-11T02:15:00+00:00,61,1200,5.0833,synthetic
war_memorial,2026-09-11T02:30:00+00:00,23,1200,1.9167,synthetic
war_memorial,2026-09-11T02:45:00+00:00,40,1200,3.3333,synthetic
war_memorial,2026-09-11T03:00:00+00:00,20,1200,1.6667,synthetic
war_memorial,2026-09-11T03:15:00+00:00,24,1200,2.0,synthetic
war_memorial,2026-09-11T03:30:00+00:00,29,1200,2.4167,synthetic
war_memorial,2026-09-11T03:45:00+00:00,4,1200,0.3333,synthetic
mccomas,2026-09-11T04:00:00+00:00,37,600,6.1667,synthetic
mccomas,2026-09-11T04:15:00+00:00,24,600,4.0,synthetic
mccomas,2026-09-11T04:30:00+00:00,14,600,2.3333,synthetic
mccomas,2026-09-11T04:45:00+00:00,29,600,4.8333,synthetic
mccomas,2026-09-11T05:00:00+00:00,12,600,2.0,synthetic
mccomas,2026-09-11T05:15:00+00:00,14,600,2.3333,synthetic
mccomas,2026-09-11T05:30:00+00:00,15,600,2.5,synthetic
mccomas,2026-09-11T05:45:00+00:00,33,600,5.5,synthetic
mccomas,2026-09-11T06:00:00+00:00,37,600,6.1667,synthetic
mccomas,2026-09-11T06:15:00+00:00,29,600,4.8333,synthetic
mccomas,2026-09-11T06:30:00+00:00,30,600,5.0,synthetic
mccomas,2026-09-11T06:45:00+00:00,20,600,3.3333,synthetic
mccomas,2026-09-11T07:00:00+00:00,29,600,4.8333,synthetic
mccomas,2026-09-11T07:15:00+00:00,20,600,3.3333,synthetic
mccomas,2026-09-11T07:30:00+00:00,0,600,0.0,synthetic
mccomas,2026-09-11T07:45:00+00:00,6,600,1.0,synthetic
mccomas,2026-09-11T08:00:00+00:00,16,600,2.6667,synthetic
mccomas,2026-09-11T08:15:00+00:00,34,600,5.6667,synthetic
mccomas,2026-09-11T08:30:00+00:00,57,600,9.5,synthetic
mccomas,2026-09-11T08:45:00+00:00,40,600,6.6667,synthetic
mccomas,2026-09-11T09:00:00+00:00,55,600,9.1667,synthetic
mccomas,2026-09-11T09:15:00+00:00,40,600,6.6667,synthetic
mccomas,2026-09-11T09:30:00+00:00,35,600,5.8333,synthetic
mccomas,2026-09-11T09:45:00+00:00,36,600,6.0,synthetic
mccomas,2026-09-11T10:00:00+00:00,68,600,11.3333,synthetic
mccomas,2026-09-11T10:15:00+00:00,103,600,17.1667,synthetic
mccomas,2026-09-11T10:30:00+00:00,119,600,19.8333,synthetic
mccomas,2026-09-11T10:45:00+00:00,133,600,22.1667,synthetic
mccomas,2026-09-11T11:00:00+00:00,148,600,24.6667,synthetic
mccomas,2026-09-11T11:15:00+00:00,163,600,27.1667,synthetic
mccomas,2026-09-11T11:30:00+00:00,170,600,28.3333,synthetic
mccomas,2026-09-11T11:45:00+00:00,196,600,32.6667,synthetic
mccomas,2026-09-11T12:00:00+00:00,173,600,28.8333,synthetic
mccomas,2026-09-11T12:15:00+00:00,175,600,29.1667,synthetic
mccomas,2026-09-11T12:30:00+00:00,157,600,26.1667,synthetic
mccomas,2026-09-11T12:45:00+00:00,139,600,23.1667,synthetic
mccomas,2026-09-11T13:00:00+00:00,136,600,22.6667,synthetic
mccomas,2026-09-11T13:15:00+00:00,138,600,23.0,synthetic
mccomas,2026-09-11T13:30:00+00:00,124,600,20.6667,synthetic
mccomas,2026-09-11T13:45:00+00:00,109,600,18.1667,synthetic
mccomas,2026-09-11T14:00:00+00:00,103,600,17.1667,synthetic
mccomas,2026-09-11T14:15:00+00:00,107,600,17.8333,synthetic
mccomas,2026-09-11T14:30:00+00:00,113,600,18.8333,synthetic
mccomas,2026-09-11T14:45:00+00:00,132,600,22.0,synthetic
mccomas,2026-09-11T15:00:00+00:00,145,600,24.1667,synthetic
mccomas,2026-09-11T15:15:00+00:00,169,600,28.1667,synthetic
mccomas,2026-09-11T15:30:00+00:00,190,600,31.6667,synthetic
mccomas,2026-09-11T15:45:00+00:00,205,600,34.1667,synthetic
mccomas,2026-09-11T16:00:00+00:00,222,600,37.0,synthetic
mccomas,2026-09-11T16:15:00+00:00,224,600,37.3333,synthetic
mccomas,2026-09-11T16:30:00+00:00,211,600,35.1667,synthetic
mccomas,2026-09-11T16:45:00+00:00,211,600,35.1667,synthetic
mccomas,2026-09-11T17:00:00+00:00,185,600,30.8333,synthetic
mccomas,2026-09-11T17:15:00+00:00,180,600,30.0,synthetic
mccomas,2026-09-11T17:30:00+00:00,189,600,31.5,synthetic
mccomas,2026-09-11T17:45:00+00:00,173,600,28.8333,synthetic
mccomas,2026-09-11T18:00:00+00:00,167,600,27.8333,synthetic
mccomas,2026-09-11T18:15:00+00:00,174,600,29.0,synthetic
mccomas,2026-09-11T18:30:00+00:00,176,600,29.3333,synthetic
mccomas,2026-09-11T18:45:00+00:00,185,600,30.8333,synthetic
mccomas,2026-09-11T19:00:00+00:00,203,600,33.8333,synthetic
mccomas,2026-09-11T19:15:00+00:00,225,600,37.5,synthetic
mccomas,2026-09-11T19:30:00+00:00,250,600,41.6667,synthetic
mccomas,2026-09-11T19:45:00+00:00,277,600,46.1667,synthetic
mccomas,2026-09-11T20:00:00+00:00,326,600,54.3333,synthetic
mccomas,2026-09-11T20:15:00+00:00,365,600,60.8333,synthetic
mccomas,2026-09-11T20:30:00+00:00,399,600,66.5,synthetic
mccomas,2026-09-11T20:45:00+00:00,412,600,68.6667,synthetic
mccomas,2026-09-11T21:00:00+00:00,459,600,76.5,synthetic
mccomas,2026-09-11T21:15:00+00:00,461,600,76.8333,synthetic
mccomas,2026-09-11T21:30:00+00:00,460,600,76.6667,synthetic
mccomas,2026-09-11T21:45:00+00:00,450,600,75.0,synthetic
mccomas,2026-09-11T22:00:00+00:00,461,600,76.8333,synthetic
mccomas,2026-09-11T22:15:00+00:00,406,600,67.6667,synthetic
mccomas,2026-09-11T22:30:00+00:00,388,600,64.6667,synthetic
mccomas,2026-09-11T22:45:00+00:00,345,600,57.5,synthetic
mccomas,2026-09-11T23:00:00+00:00,332,600,55.3333,synthetic
mccomas,2026-09-11T23:15:00+00:00,293,600,48.8333,synthetic
mccomas,2026-09-11T23:30:00+00:00,248,600,41.3333,synthetic
mccomas,2026-09-11T23:45:00+00:00,219,600,36.5,synthetic
mccomas,2026-09-12T00:00:00+00:00,190,600,31.6667,synthetic
mccomas,2026-09-12T00:15:00+00:00,135,600,22.5,synthetic
mccomas,2026-09-12T00:30:00+00:00,122,600,20.3333,synthetic
mccomas,2026-09-12T00:45:00+00:00,112,600,18.6667,synthetic
mccomas,2026-09-12T01:00:00+00:00,95,600,15.8333,synthetic
mccomas,2026-09-12T01:15:00+00:00,73,600,12.1667,synthetic
mccomas,2026-09-12T01:30:00+00:00,77,600,12.8333,synthetic
mccomas,2026-09-12T01:45:00+00:00,62,600,10.3333,synthetic
mccomas,2026-09-12T02:00:00+00:00,74,600,12.3333,synthetic
mccomas,2026-09-12T02:15:00+00:00,60,600,10.0,synthetic
mccomas,2026-09-12T02:30:00+00:00,64,600,10.6667,synthetic
mccomas,2026-09-12T02:45:00+00:00,49,600,8.1667,synthetic
mccomas,2026-09-12T03:00:00+00:00,41,600,6.8333,synthetic
mccomas,2026-09-12T03:15:00+00:00,29,600,4.8333,synthetic
mccomas,2026-09-12T03:30:00+00:00,28,600,4.6667,synthetic
mccomas,2026-09-12T03:45:00+00:00,0,600,0.0,synthetic
war_memorial,2026-09-11T04:00:00+00:00,73,1200,6.0833,synthetic
war_memorial,2026-09-11T04:15:00+00:00,79,1200,6.5833,synthetic
war_memorial,2026-09-11T04:30:00+00:00,123,1200,10.25,synthetic
war_memorial,2026-09-11T04:45:00+00:00,142,1200,11.8333,synthetic
war_memorial,2026-09-11T05:00:00+00:00,110,1200,9.1667,synthetic
war_memorial,2026-09-11T05:15:00+00:00,115,1200,9.5833,synthetic
war_memorial,2026-09-11T05:30:00+00:00,129,1200,10.75,synthetic
war_memorial,2026-09-11T05:45:00+00:00,138,1200,11.5,synthetic
war_memorial,2026-09-11T06:00:00+00:00,147,1200,12.25,synthetic
war_memorial,2026-09-11T06:15:00+00:00,152,1200,12.6667,synthetic
war_memorial,2026-09-11T06:30:00+00:00,122,1200,10.1667,synthetic
war_memorial,2026-09-11T06:45:00+00:00,121,1200,10.0833,synthetic
war_memorial,2026-09-11T07:00:00+00:00,93,1200,7.75,synthetic
war_memorial,2026-09-11T07:15:00+00:00,61,1200,5.0833,synthetic
war_memorial,2026-09-11T07:30:00+00:00,85,1200,7.0833,synthetic
war_memorial,2026-09-11T07:45:00+00:00,86,1200,7.1667,synthetic
war_memorial,2026-09-11T08:00:00+00:00,54,1200,4.5,synthetic
war_memorial,2026-09-11T08:15:00+00:00,63,1200,5.25,synthetic
war_memorial,2026-09-11T08:30:00+00:00,69,1200,5.75,synthetic
war_memorial,2026-09-11T08:45:00+00:00,90,1200,7.5,synthetic
war_memorial,2026-09-11T09:00:00+00:00,112,1200,9.3333,synthetic
war_memorial,2026-09-11T09:15:00+00:00,126,1200,10.5,synthetic
war_memorial,2026-09-11T09:30:00+00:00,99,1200,8.25,synthetic
war_memorial,2026-09-11T09:45:00+00:00,107,1200,8.9167,synthetic
war_memorial,2026-09-11T10:00:00+00:00,114,1200,9.5,synthetic
war_memorial,2026-09-11T10:15:00+00:00,171,1200,14.25,synthetic
war_memorial,2026-09-11T10:30:00+00:00,234,1200,19.5,synthetic
war_memorial,2026-09-11T10:45:00+00:00,231,1200,19.25,synthetic
war_memorial,2026-09-11T11:00:00+00:00,289,1200,24.0833,synthetic
war_memorial,2026-09-11T11:15:00+00:00,341,1200,28.4167,synthetic
war_memorial,2026-09-11T11:30:00+00:00,371,1200,30.9167,synthetic
war_memorial,2026-09-11T11:45:00+00:00,421,1200,35.0833,synthetic
war_memorial,2026-09-11T12:00:00+00:00,457,1200,38.0833,synthetic
war_memorial,2026-09-11T12:15:00+00:00,395,1200,32.9167,synthetic
war_memorial,2026-09-11T12:30:00+00:00,441,1200,36.75,synthetic
war_memorial,2026-09-11T12:45:00+00:00,368,1200,30.6667,synthetic
war_memorial,2026-09-11T13:00:00+00:00,348,1200,29.0,synthetic
war_memorial,2026-09-11T13:15:00+00:00,346,1200,28.8333,synthetic
war_memorial,2026-09-11T13:30:00+00:00,305,1200,25.4167,synthetic
war_memorial,2026-09-11T13:45:00+00:00,283,1200,23.5833,synthetic
war_memorial,2026-09-11T14:00:00+00:00,292,1200,24.3333,synthetic
war_memorial,2026-09-11T14:15:00+00:00,272,1200,22.6667,synthetic
war_memorial,2026-09-11T14:30:00+00:00,261,1200,21.75,synthetic
war_memorial,2026-09-11T14:45:00+00:00,306,1200,25.5,synthetic
war_memorial,2026-09-11T15:00:00+00:00,292,1200,24.3333,synthetic
war_memorial,2026-09-11T15:15:00+00:00,307,1200,25.5833,synthetic
war_memorial,2026-09-11T15:30:00+00:00,365,1200,30.4167,synthetic
war_memorial,2026-09-11T15:45:00+00:00,426,1200,35.5,synthetic
war_memorial,2026-09-11T16:00:00+00:00,455,1200,37.9167,synthetic
war_memorial,2026-09-11T16:15:00+00:00,434,1200,36.1667,synthetic
war_memorial,2026-09-11T16:30:00+00:00,458,1200,38.1667,synthetic
war_memorial,2026-09-11T16:45:00+00:00,483,1200,40.25,synthetic
war_memorial,2026-09-11T17:00:00+00:00,444,1200,37.0,synthetic
war_memorial,2026-09-11T17:15:00+00:00,447,1200,37.25,synthetic
war_memorial,2026-09-11T17:30:00+00:00,432,1200,36.0,synthetic
war_memorial,2026-09-11T17:45:00+00:00,394,1200,32.8333,synthetic
war_memorial,2026-09-11T18:00:00+00:00,392,1200,32.6667,synthetic
war_memorial,2026-09-11T18:15:00+00:00,359,1200,29.9167,synthetic
war_memorial,2026-09-11T18:30:00+00:00,358,1200,29.8333,synthetic
war_memorial,2026-09-11T18:45:00+00:00,309,1200,25.75,synthetic
war_memorial,2026-09-11T19:00:00+00:00,272,1200,22.6667,synthetic
war_memorial,2026-09-11T19:15:00+00:00,268,1200,22.3333,synthetic
war_memorial,2026-09-11T19:30:00+00:00,312,1200,26.0,synthetic
war_memorial,2026-09-11T19:45:00+00:00,330,1200,27.5,synthetic
war_memorial,2026-09-11T20:00:00+00:00,373,1200,31.0833,synthetic
war_memorial,2026-09-11T20:15:00+00:00,463,1200,38.5833,synthetic
war_memorial,2026-09-11T20:30:00+00:00,524,1200,43.6667,synthetic
war_memorial,2026-09-11T20:45:00+00:00,576,1200,48.0,synthetic
war_memorial,2026-09-11T21:00:00+00:00,648,1200,54.0,synthetic
war_memorial,2026-09-11T21:15:00+00:00,692,1200,57.6667,synthetic
war_memorial,2026-09-11T21:30:00+00:00,722,1200,60.1667,synthetic
war_memorial,2026-09-11T21:45:00+00:00,808,1200,67.3333,synthetic
war_memorial,2026-09-11T22:00:00+00:00,877,1200,73.0833,synthetic
war_memorial,2026-09-11T22:15:00+00:00,895,1200,74.5833,synthetic
war_memorial,2026-09-11T22:30:00+00:00,895,1200,74.5833,synthetic
war_memorial,2026-09-11T22:45:00+00:00,878,1200,73.1667,synthetic
war_memorial,2026-09-11T23:00:00+00:00,854,1200,71.1667,synthetic
war_memorial,2026-09-11T23:15:00+00:00,791,1200,65.9167,synthetic
war_memorial,2026-09-11T23:30:00+00:00,729,1200,60.75,synthetic
war_memorial,2026-09-11T23:45:00+00:00,689,1200,57.4167,synthetic
war_memorial,2026-09-12T00:00:00+00:00,588,1200,49.0,synthetic
war_memorial,2026-09-12T00:15:00+00:00,524,1200,43.6667,synthetic
war_memorial,2026-09-12T00:30:00+00:00,466,1200,38.8333,synthetic
war_memorial,2026-09-12T00:45:00+00:00,447,1200,37.25,synthetic
war_memorial,2026-09-12T01:00:00+00:00,361,1200,30.0833,synthetic
war_memorial,2026-09-12T01:15:00+00:00,312,1200,26.0,synthetic
war_memorial,2026-09-12T01:30:00+00:00,283,1200,23.5833,synthetic
war_memorial,2026-09-12T01:45:00+00:00,246,1200,20.5,synthetic
war_memorial,2026-09-12T02:00:00+00:00,211,1200,17.5833,synthetic
war_memorial,2026-09-12T02:15:00+00:00,197,1200,16.4167,synthetic
war_memorial,2026-09-12T02:30:00+00:00,159,1200,13.25,synthetic
war_memorial,2026-09-12T02:45:00+00:00,158,1200,13.1667,synthetic
war_memorial,2026-09-12T03:00:00+00:00,169,1200,14.0833,synthetic
war_memorial,2026-09-12T03:15:00+00:00,145,1200,12.0833,synthetic
war_memorial,2026-09-12T03:30:00+00:00,148,1200,12.3333,synthetic
war_memorial,2026-09-12T03:45:00+00:00,115,1200,9.5833,synthetic
mccomas,2026-09-12T04:00:00+00:00,25,600,4.1667,synthetic
mccomas,2026-09-12T04:15:00+00:00,34,600,5.6667,synthetic
mccomas,2026-09-12T04:30:00+00:00,30,600,5.0,synthetic
mccomas,2026-09-12T04:45:00+00:00,29,600,4.8333,synthetic
mccomas,2026-09-12T05:00:00+00:00,24,600,4.0,synthetic
mccomas,2026-09-12T05:15:00+00:00,27,600,4.5,synthetic
mccomas,2026-09-12T05:30:00+00:00,34,600,5.6667,synthetic
mccomas,2026-09-12T05:45:00+00:00,27,600,4.5,synthetic
mccomas,2026-09-12T06:00:00+00:00,17,600,2.8333,synthetic
mccomas,2026-09-12T06:15:00+00:00,29,600,4.8333,synthetic
mccomas,2026-09-12T06:30:00+00:00,40,600,6.6667,synthetic
mccomas,2026-09-12T06:45:00+00:00,15,600,2.5,synthetic
mccomas,2026-09-12T07:00:00+00:00,22,600,3.6667,synthetic
mccomas,2026-09-12T07:15:00+00:00,29,600,4.8333,synthetic
mccomas,2026-09-12T07:30:00+00:00,33,600,5.5,synthetic
mccomas,2026-09-12T07:45:00+00:00,40,600,6.6667,synthetic
mccomas,2026-09-12T08:00:00+00:00,31,600,5.1667,synthetic
mccomas,2026-09-12T08:15:00+00:00,25,600,4.1667,synthetic
mccomas,2026-09-12T08:30:00+00:00,41,600,6.8333,synthetic
mccomas,2026-09-12T08:45:00+00:00,24,600,4.0,synthetic
mccomas,2026-09-12T09:00:00+00:00,38,600,6.3333,synthetic
mccomas,2026-09-12T09:15:00+00:00,45,600,7.5,synthetic
mccomas,2026-09-12T09:30:00+00:00,34,600,5.6667,synthetic
mccomas,2026-09-12T09:45:00+00:00,38,600,6.3333,synthetic
mccomas,2026-09-12T10:00:00+00:00,36,600,6.0,synthetic
mccomas,2026-09-12T10:15:00+00:00,33,600,5.5,synthetic
mccomas,2026-09-12T10:30:00+00:00,25,600,4.1667,synthetic
mccomas,2026-09-12T10:45:00+00:00,26,600,4.3333,synthetic
mccomas,2026-09-12T11:00:00+00:00,29,600,4.8333,synthetic
mccomas,2026-09-12T11:15:00+00:00,38,600,6.3333,synthetic
mccomas,2026-09-12T11:30:00+00:00,49,600,8.1667,synthetic
mccomas,2026-09-12T11:45:00+00:00,79,600,13.1667,synthetic
mccomas,2026-09-12T12:00:00+00:00,60,600,10.0,synthetic
mccomas,2026-09-12T12:15:00+00:00,75,600,12.5,synthetic
mccomas,2026-09-12T12:30:00+00:00,99,600,16.5,synthetic
mccomas,2026-09-12T12:45:00+00:00,103,600,17.1667,synthetic
mccomas,2026-09-12T13:00:00+00:00,121,600,20.1667,synthetic
mccomas,2026-09-12T13:15:00+00:00,151,600,25.1667,synthetic
mccomas,2026-09-12T13:30:00+00:00,166,600,27.6667,synthetic
mccomas,2026-09-12T13:45:00+00:00,188,600,31.3333,synthetic
mccomas,2026-09-12T14:00:00+00:00,210,600,35.0,synthetic
mccomas,2026-09-12T14:15:00+00:00,241,600,40.1667,synthetic
mccomas,2026-09-12T14:30:00+00:00,258,600,43.0,synthetic
mccomas,2026-09-12T14:45:00+00:00,292,600,48.6667,synthetic
mccomas,2026-09-12T15:00:00+00:00,300,600,50.0,synthetic
mccomas,2026-09-12T15:15:00+00:00,316,600,52.6667,synthetic
mccomas,2026-09-12T15:30:00+00:00,314,600,52.3333,synthetic
mccomas,2026-09-12T15:45:00+00:00,305,600,50.8333,synthetic
mccomas,2026-09-12T16:00:00+00:00,307,600,51.1667,synthetic
mccomas,2026-09-12T16:15:00+00:00,298,600,49.6667,synthetic
mccomas,2026-09-12T16:30:00+00:00,291,600,48.5,synthetic
mccomas,2026-09-12T16:45:00+00:00,284,600,47.3333,synthetic
mccomas,2026-09-12T17:00:00+00:00,262,600,43.6667,synthetic
mccomas,2026-09-12T17:15:00+00:00,246,600,41.0,synthetic
mccomas,2026-09-12T17:30:00+00:00,226,600,37.6667,synthetic
mccomas,2026-09-12T17:45:00+00:00,234,600,39.0,synthetic
mccomas,2026-09-12T18:00:00+00:00,216,600,36.0,synthetic
mccomas,2026-09-12T18:15:00+00:00,209,600,34.8333,synthetic
mccomas,2026-09-12T18:30:00+00:00,251,600,41.8333,synthetic
mccomas,2026-09-12T18:45:00+00:00,243,600,40.5,synthetic
mccomas,2026-09-12T19:00:00+00:00,254,600,42.3333,synthetic
mccomas,2026-09-12T19:15:00+00:00,291,600,48.5,synthetic
mccomas,2026-09-12T19:30:00+00:00,297,600,49.5,synthetic
mccomas,2026-09-12T19:45:00+00:00,326,600,54.3333,synthetic
mccomas,2026-09-12T20:00:00+00:00,339,600,56.5,synthetic
mccomas,2026-09-12T20:15:00+00:00,339,600,56.5,synthetic
mccomas,2026-09-12T20:30:00+00:00,340,600,56.6667,synthetic
mccomas,2026-09-12T20:45:00+00:00,347,600,57.8333,synthetic
mccomas,2026-09-12T21:00:00+00:00,344,600,57.3333,synthetic
mccomas,2026-09-12T21:15:00+00:00,323,600,53.8333,synthetic
mccomas,2026-09-12T21:30:00+00:00,321,600,53.5,synthetic
mccomas,2026-09-12T21:45:00+00:00,290,600,48.3333,synthetic
mccomas,2026-09-12T22:00:00+00:00,245,600,40.8333,synthetic
mccomas,2026-09-12T22:15:00+00:00,227,600,37.8333,synthetic
mccomas,2026-09-12T22:30:00+00:00,180,600,30.0,synthetic
mccomas,2026-09-12T22:45:00+00:00,158,600,26.3333,synthetic
mccomas,2026-09-12T23:00:00+00:00,140,600,23.3333,synthetic
mccomas,2026-09-12T23:15:00+00:00,116,600,19.3333,synthetic
mccomas,2026-09-12T23:30:00+00:00,93,600,15.5,synthetic
mccomas,2026-09-12T23:45:00+00:00,77,600,12.8333,synthetic
mccomas,2026-09-13T00:00:00+00:00,61,600,10.1667,synthetic
mccomas,2026-09-13T00:15:00+00:00,39,600,6.5,synthetic
mccomas,2026-09-13T00:30:00+00:00,24,600,4.0,synthetic
mccomas,2026-09-13T00:45:00+00:00,31,600,5.1667,synthetic
mccomas,2026-09-13T01:00:00+00:00,36,600,6.0,synthetic
mccomas,2026-09-13T01:15:00+00:00,30,600,5.0,synthetic
mccomas,2026-09-13T01:30:00+00:00,27,600,4.5,synthetic
mccomas,2026-09-13T01:45:00+00:00,32,600,5.3333,synthetic
mccomas,2026-09-13T02:00:00+00:00,39,600,6.5,synthetic
mccomas,2026-09-13T02:15:00+00:00,39,600,6.5,synthetic
mccomas,2026-09-13T02:30:00+00:00,22,600,3.6667,synthetic
mccomas,2026-09-13T02:45:00+00:00,39,600,6.5,synthetic
mccomas,2026-09-13T03:00:00+00:00,37,600,6.1667,synthetic
mccomas,2026-09-13T03:15:00+00:00,52,600,8.6667,synthetic
mccomas,2026-09-13T03:30:00+00:00,61,600,10.1667,synthetic
mccomas,2026-09-13T03:45:00+00:00,50,600,8.3333,synthetic
war_memorial,2026-09-12T04:00:00+00:00,101,1200,8.4167,synthetic
war_memorial,2026-09-12T04:15:00+00:00,60,1200,5.0,synthetic
war_memorial,2026-09-12T04:30:00+00:00,69,1200,5.75,synthetic
war_memorial,2026-09-12T04:45:00+00:00,59,1200,4.9167,synthetic
war_memorial,2026-09-12T05:00:00+00:00,53,1200,4.4167,synthetic
war_memorial,2026-09-12T05:15:00+00:00,55,1200,4.5833,synthetic
war_memorial,2026-09-12T05:30:00+00:00,70,1200,5.8333,synthetic
war_memorial,2026-09-12T05:45:00+00:00,83,1200,6.9167,synthetic
war_memorial,2026-09-12T06:00:00+00:00,110,1200,9.1667,synthetic
war_memorial,2026-09-12T06:15:00+00:00,111,1200,9.25,synthetic
war_memorial,2026-09-12T06:30:00+00:00,59,1200,4.9167,synthetic
war_memorial,2026-09-12T06:45:00+00:00,80,1200,6.6667,synthetic
war_memorial,2026-09-12T07:00:00+00:00,95,1200,7.9167,synthetic
war_memorial,2026-09-12T07:15:00+00:00,81,1200,6.75,synthetic
war_memorial,2026-09-12T07:30:00+00:00,107,1200,8.9167,synthetic
war_memorial,2026-09-12T07:45:00+00:00,87,1200,7.25,synthetic
war_memorial,2026-09-12T08:00:00+00:00,46,1200,3.8333,synthetic
war_memorial,2026-09-12T08:15:00+00:00,88,1200,7.3333,synthetic
war_memorial,2026-09-12T08:30:00+00:00,102,1200,8.5,synthetic
war_memorial,2026-09-12T08:45:00+00:00,114,1200,9.5,synthetic
war_memorial,2026-09-12T09:00:00+00:00,88,1200,7.3333,synthetic
war_memorial,2026-09-12T09:15:00+00:00,68,1200,5.6667,synthetic
war_memorial,2026-09-12T09:30:00+00:00,89,1200,7.4167,synthetic
war_memorial,2026-09-12T09:45:00+00:00,61,1200,5.0833,synthetic
war_memorial,2026-09-12T10:00:00+00:00,30,1200,2.5,synthetic
war_memorial,2026-09-12T10:15:00+00:00,95,1200,7.9167,synthetic
war_memorial,2026-09-12T10:30:00+00:00,113,1200,9.4167,synthetic
war_memorial,2026-09-12T10:45:00+00:00,111,1200,9.25,synthetic
war_memorial,2026-09-12T11:00:00+00:00,104,1200,8.6667,synthetic
war_memorial,2026-09-12T11:15:00+00:00,113,1200,9.4167,synthetic
war_memorial,2026-09-12T11:30:00+00:00,84,1200,7.0,synthetic
war_memorial,2026-09-12T11:45:00+00:00,130,1200,10.8333,synthetic
war_memorial,2026-09-12T12:00:00+00:00,81,1200,6.75,synthetic
war_memorial,2026-09-12T12:15:00+00:00,106,1200,8.8333,synthetic
war_memorial,2026-09-12T12:30:00+00:00,140,1200,11.6667,synthetic
war_memorial,2026-09-12T12:45:00+00:00,135,1200,11.25,synthetic
war_memorial,2026-09-12T13:00:00+00:00,130,1200,10.8333,synthetic
war_memorial,2026-09-12T13:15:00+00:00,165,1200,13.75,synthetic
war_memorial,2026-09-12T13:30:00+00:00,198,1200,16.5,synthetic
war_memorial,2026-09-12T13:45:00+00:00,258,1200,21.5,synthetic
war_memorial,2026-09-12T14:00:00+00:00,320,1200,26.6667,synthetic
war_memorial,2026-09-12T14:15:00+00:00,288,1200,24.0,synthetic
war_memorial,2026-09-12T14:30:00+00:00,331,1200,27.5833,synthetic
war_memorial,2026-09-12T14:45:00+00:00,412,1200,34.3333,synthetic
war_memorial,2026-09-12T15:00:00+00:00,453,1200,37.75,synthetic
war_memorial,2026-09-12T15:15:00+00:00,509,1200,42.4167,synthetic
war_memorial,2026-09-12T15:30:00+00:00,581,1200,48.4167,synthetic
war_memorial,2026-09-12T15:45:00+00:00,635,1200,52.9167,synthetic
war_memorial,2026-09-12T16:00:00+00:00,709,1200,59.0833,synthetic
war_memorial,2026-09-12T16:15:00+00:00,731,1200,60.9167,synthetic
war_memorial,2026-09-12T16:30:00+00:00,786,1200,65.5,synthetic
war_memorial,2026-09-12T16:45:00+00:00,818,1200,68.1667,synthetic
war_memorial,2026-09-12T17:00:00+00:00,809,1200,67.4167,synthetic
war_memorial,2026-09-12T17:15:00+00:00,856,1200,71.3333,synthetic
war_memorial,2026-09-12T17:30:00+00:00,841,1200,70.0833,synthetic
war_memorial,2026-09-12T17:45:00+00:00,900,1200,75.0,synthetic
war_memorial,2026-09-12T18:00:00+00:00,891,1200,74.25,synthetic
war_memorial,2026-09-12T18:15:00+00:00,876,1200,73.0,synthetic
war_memorial,2026-09-12T18:30:00+00:00,879,1200,73.25,synthetic
war_memorial,2026-09-12T18:45:00+00:00,915,1200,76.25,synthetic
war_memorial,2026-09-12T19:00:00+00:00,886,1200,73.8333,synthetic
war_memorial,2026-09-12T19:15:00+00:00,889,1200,74.0833,synthetic
war_memorial,2026-09-12T19:30:00+00:00,868,1200,72.3333,synthetic
war_memorial,2026-09-12T19:45:00+00:00,823,1200,68.5833,synthetic
war_memorial,2026-09-12T20:00:00+00:00,800,1200,66.6667,synthetic
war_memorial,2026-09-12T20:15:00+00:00,730,1200,60.8333,synthetic
war_memorial,2026-09-12T20:30:00+00:00,685,1200,57.0833,synthetic
war_memorial,2026-09-12T20:45:00+00:00,649,1200,54.0833,synthetic
war_memorial,2026-09-12T21:00:00+00:00,573,1200,47.75,synthetic
war_memorial,2026-09-12T21:15:00+00:00,519,1200,43.25,synthetic
war_memorial,2026-09-12T21:30:00+00:00,466,1200,38.8333,synthetic
war_memorial,2026-09-12T21:45:00+00:00,379,1200,31.5833,synthetic
war_memorial,2026-09-12T22:00:00+00:00,354,1200,29.5,synthetic
war_memorial,2026-09-12T22:15:00+00:00,292,1200,24.3333,synthetic
war_memorial,2026-09-12T22:30:00+00:00,288,1200,24.0,synthetic
war_memorial,2026-09-12T22:45:00+00:00,228,1200,19.0,synthetic
war_memorial,2026-09-12T23:00:00+00:00,226,1200,18.8333,synthetic
war_memorial,2026-09-12T23:15:00+00:00,195,1200,16.25,synthetic
war_memorial,2026-09-12T23:30:00+00:00,188,1200,15.6667,synthetic
war_memorial,2026-09-12T23:45:00+00:00,134,1200,11.1667,synthetic
war_memorial,2026-09-13T00:00:00+00:00,141,1200,11.75,synthetic
war_memorial,2026-09-13T00:15:00+00:00,99,1200,8.25,synthetic
war_memorial,2026-09-13T00:30:00+00:00,97,1200,8.0833,synthetic
war_memorial,2026-09-13T00:45:00+00:00,101,1200,8.4167,synthetic
war_memorial,2026-09-13T01:00:00+00:00,92,1200,7.6667,synthetic
war_memorial,2026-09-13T01:15:00+00:00,61,1200,5.0833,synthetic
war_memorial,2026-09-13T01:30:00+00:00,78,1200,6.5,synthetic
war_memorial,2026-09-13T01:45:00+00:00,95,1200,7.9167,synthetic
war_memorial,2026-09-13T02:00:00+00:00,86,1200,7.1667,synthetic
war_memorial,2026-09-13T02:15:00+00:00,92,1200,7.6667,synthetic
war_memorial,2026-09-13T02:30:00+00:00,136,1200,11.3333,synthetic
war_memorial,2026-09-13T02:45:00+00:00,157,1200,13.0833,synthetic
war_memorial,2026-09-13T03:00:00+00:00,102,1200,8.5,synthetic
war_memorial,2026-09-13T03:15:00+00:00,87,1200,7.25,synthetic
war_memorial,2026-09-13T03:30:00+00:00,85,1200,7.0833,synthetic
war_memorial,2026-09-13T03:45:00+00:00,124,1200,10.3333,synthetic
mccomas,2026-09-13T04:00:00+00:00,48,600,8.0,synthetic
mccomas,2026-09-13T04:15:00+00:00,57,600,9.5,synthetic
mccomas,2026-09-13T04:30:00+00:00,46,600,7.6667,synthetic
mccomas,2026-09-13T04:45:00+00:00,62,600,10.3333,synthetic
mccomas,2026-09-13T05:00:00+00:00,55,600,9.1667,synthetic
mccomas,2026-09-13T05:15:00+00:00,50,600,8.3333,synthetic
mccomas,2026-09-13T05:30:00+00:00,67,600,11.1667,synthetic
mccomas,2026-09-13T05:45:00+00:00,61,600,10.1667,synthetic
mccomas,2026-09-13T06:00:00+00:00,79,600,13.1667,synthetic
mccomas,2026-09-13T06:15:00+00:00,71,600,11.8333,synthetic
mccomas,2026-09-13T06:30:00+00:00,74,600,12.3333,synthetic
mccomas,2026-09-13T06:45:00+00:00,67,600,11.1667,synthetic
mccomas,2026-09-13T07:00:00+00:00,58,600,9.6667,synthetic
mccomas,2026-09-13T07:15:00+00:00,73,600,12.1667,synthetic
mccomas,2026-09-13T07:30:00+00:00,71,600,11.8333,synthetic
mccomas,2026-09-13T07:45:00+00:00,70,600,11.6667,synthetic
mccomas,2026-09-13T08:00:00+00:00,72,600,12.0,synthetic
mccomas,2026-09-13T08:15:00+00:00,96,600,16.0,synthetic
mccomas,2026-09-13T08:30:00+00:00,91,600,15.1667,synthetic
mccomas,2026-09-13T08:45:00+00:00,66,600,11.0,synthetic
mccomas,2026-09-13T09:00:00+00:00,61,600,10.1667,synthetic
mccomas,2026-09-13T09:15:00+00:00,67,600,11.1667,synthetic
mccomas,2026-09-13T09:30:00+00:00,60,600,10.0,synthetic
mccomas,2026-09-13T09:45:00+00:00,65,600,10.8333,synthetic
mccomas,2026-09-13T10:00:00+00:00,68,600,11.3333,synthetic
mccomas,2026-09-13T10:15:00+00:00,63,600,10.5,synthetic
mccomas,2026-09-13T10:30:00+00:00,72,600,12.0,synthetic
mccomas,2026-09-13T10:45:00+00:00,67,600,11.1667,synthetic
mccomas,2026-09-13T11:00:00+00:00,81,600,13.5,synthetic
mccomas,2026-09-13T11:15:00+00:00,82,600,13.6667,synthetic
mccomas,2026-09-13T11:30:00+00:00,72,600,12.0,synthetic
mccomas,2026-09-13T11:45:00+00:00,78,600,13.0,synthetic
mccomas,2026-09-13T12:00:00+00:00,87,600,14.5,synthetic
mccomas,2026-09-13T12:15:00+00:00,102,600,17.0,synthetic
mccomas,2026-09-13T12:30:00+00:00,88,600,14.6667,synthetic
mccomas,2026-09-13T12:45:00+00:00,98,600,16.3333,synthetic
mccomas,2026-09-13T13:00:00+00:00,127,600,21.1667,synthetic
mccomas,2026-09-13T13:15:00+00:00,155,600,25.8333,synthetic
mccomas,2026-09-13T13:30:00+00:00,178,600,29.6667,synthetic
mccomas,2026-09-13T13:45:00+00:00,202,600,33.6667,synthetic
mccomas,2026-09-13T14:00:00+00:00,226,600,37.6667,synthetic
mccomas,2026-09-13T14:15:00+00:00,242,600,40.3333,synthetic
mccomas,2026-09-13T14:30:00+00:00,245,600,40.8333,synthetic
mccomas,2026-09-13T14:45:00+00:00,263,600,43.8333,synthetic
mccomas,2026-09-13T15:00:00+00:00,297,600,49.5,synthetic
mccomas,2026-09-13T15:15:00+00:00,308,600,51.3333,synthetic
mccomas,2026-09-13T15:30:00+00:00,303,600,50.5,synthetic
mccomas,2026-09-13T15:45:00+00:00,303,600,50.5,synthetic
mccomas,2026-09-13T16:00:00+00:00,291,600,48.5,synthetic
mccomas,2026-09-13T16:15:00+00:00,269,600,44.8333,synthetic
mccomas,2026-09-13T16:30:00+00:00,264,600,44.0,synthetic
mccomas,2026-09-13T16:45:00+00:00,249,600,41.5,synthetic
mccomas,2026-09-13T17:00:00+00:00,240,600,40.0,synthetic
mccomas,2026-09-13T17:15:00+00:00,223,600,37.1667,synthetic
mccomas,2026-09-13T17:30:00+00:00,226,600,37.6667,synthetic
mccomas,2026-09-13T17:45:00+00:00,229,600,38.1667,synthetic
mccomas,2026-09-13T18:00:00+00:00,235,600,39.1667,synthetic
mccomas,2026-09-13T18:15:00+00:00,240,600,40.0,synthetic
mccomas,2026-09-13T18:30:00+00:00,241,600,40.1667,synthetic
mccomas,2026-09-13T18:45:00+00:00,276,600,46.0,synthetic
mccomas,2026-09-13T19:00:00+00:00,290,600,48.3333,synthetic
mccomas,2026-09-13T19:15:00+00:00,316,600,52.6667,synthetic
mccomas,2026-09-13T19:30:00+00:00,330,600,55.0,synthetic
mccomas,2026-09-13T19:45:00+00:00,348,600,58.0,synthetic
mccomas,2026-09-13T20:00:00+00:00,364,600,60.6667,synthetic
mccomas,2026-09-13T20:15:00+00:00,381,600,63.5,synthetic
mccomas,2026-09-13T20:30:00+00:00,380,600,63.3333,synthetic
mccomas,2026-09-13T20:45:00+00:00,371,600,61.8333,synthetic
mccomas,2026-09-13T21:00:00+00:00,371,600,61.8333,synthetic
mccomas,2026-09-13T21:15:00+00:00,345,600,57.5,synthetic
mccomas,2026-09-13T21:30:00+00:00,314,600,52.3333,synthetic
mccomas,2026-09-13T21:45:00+00:00,301,600,50.1667,synthetic
mccomas,2026-09-13T22:00:00+00:00,269,600,44.8333,synthetic
mccomas,2026-09-13T22:15:00+00:00,243,600,40.5,synthetic
mccomas,2026-09-13T22:30:00+00:00,215,600,35.8333,synthetic
mccomas,2026-09-13T22:45:00+00:00,179,600,29.8333,synthetic
mccomas,2026-09-13T23:00:00+00:00,153,600,25.5,synthetic
mccomas,2026-09-13T23:15:00+00:00,115,600,19.1667,synthetic
mccomas,2026-09-13T23:30:00+00:00,112,600,18.6667,synthetic
mccomas,2026-09-13T23:45:00+00:00,102,600,17.0,synthetic
mccomas,2026-09-14T00:00:00+00:00,83,600,13.8333,synthetic
mccomas,2026-09-14T00:15:00+00:00,77,600,12.8333,synthetic
mccomas,2026-09-14T00:30:00+00:00,84,600,14.0,synthetic
mccomas,2026-09-14T00:45:00+00:00,87,600,14.5,synthetic
mccomas,2026-09-14T01:00:00+00:00,79,600,13.1667,synthetic
mccomas,2026-09-14T01:15:00+00:00,56,600,9.3333,synthetic
mccomas,2026-09-14T01:30:00+00:00,65,600,10.8333,synthetic
mccomas,2026-09-14T01:45:00+00:00,39,600,6.5,synthetic
mccomas,2026-09-14T02:00:00+00:00,70,600,11.6667,synthetic
mccomas,2026-09-14T02:15:00+00:00,73,600,12.1667,synthetic
mccomas,2026-09-14T02:30:00+00:00,59,600,9.8333,synthetic
mccomas,2026-09-14T02:45:00+00:00,47,600,7.8333,synthetic
mccomas,2026-09-14T03:00:00+00:00,59,600,9.8333,synthetic
mccomas,2026-09-14T03:15:00+00:00,62,600,10.3333,synthetic
mccomas,2026-09-14T03:30:00+00:00,70,600,11.6667,synthetic
mccomas,2026-09-14T03:45:00+00:00,73,600,12.1667,synthetic
war_memorial,2026-09-13T04:00:00+00:00,156,1200,13.0,synthetic
war_memorial,2026-09-13T04:15:00+00:00,135,1200,11.25,synthetic
war_memorial,2026-09-13T04:30:00+00:00,172,1200,14.3333,synthetic
war_memorial,2026-09-13T04:45:00+00:00,125,1200,10.4167,synthetic
war_memorial,2026-09-13T05:00:00+00:00,137,1200,11.4167,synthetic
war_memorial,2026-09-13T05:15:00+00:00,147,1200,12.25,synthetic
war_memorial,2026-09-13T05:30:00+00:00,138,1200,11.5,synthetic
war_memorial,2026-09-13T05:45:00+00:00,192,1200,16.0,synthetic
war_memorial,2026-09-13T06:00:00+00:00,169,1200,14.0833,synthetic
war_memorial,2026-09-13T06:15:00+00:00,201,1200,16.75,synthetic
war_memorial,2026-09-13T06:30:00+00:00,150,1200,12.5,synthetic
war_memorial,2026-09-13T06:45:00+00:00,187,1200,15.5833,synthetic
war_memorial,2026-09-13T07:00:00+00:00,170,1200,14.1667,synthetic
war_memorial,2026-09-13T07:15:00+00:00,186,1200,15.5,synthetic
war_memorial,2026-09-13T07:30:00+00:00,141,1200,11.75,synthetic
war_memorial,2026-09-13T07:45:00+00:00,141,1200,11.75,synthetic
war_memorial,2026-09-13T08:00:00+00:00,153,1200,12.75,synthetic
war_memorial,2026-09-13T08:15:00+00:00,173,1200,14.4167,synthetic
war_memorial,2026-09-13T08:30:00+00:00,201,1200,16.75,synthetic
war_memorial,2026-09-13T08:45:00+00:00,189,1200,15.75,synthetic
war_memorial,2026-09-13T09:00:00+00:00,203,1200,16.9167,synthetic
war_memorial,2026-09-13T09:15:00+00:00,176,1200,14.6667,synthetic
war_memorial,2026-09-13T09:30:00+00:00,199,1200,16.5833,synthetic
war_memorial,2026-09-13T09:45:00+00:00,167,1200,13.9167,synthetic
war_memorial,2026-09-13T10:00:00+00:00,136,1200,11.3333,synthetic
war_memorial,2026-09-13T10:15:00+00:00,173,1200,14.4167,synthetic
war_memorial,2026-09-13T10:30:00+00:00,196,1200,16.3333,synthetic
war_memorial,2026-09-13T10:45:00+00:00,154,1200,12.8333,synthetic
war_memorial,2026-09-13T11:00:00+00:00,135,1200,11.25,synthetic
war_memorial,2026-09-13T11:15:00+00:00,157,1200,13.0833,synthetic
war_memorial,2026-09-13T11:30:00+00:00,137,1200,11.4167,synthetic
war_memorial,2026-09-13T11:45:00+00:00,99,1200,8.25,synthetic
war_memorial,2026-09-13T12:00:00+00:00,98,1200,8.1667,synthetic
war_memorial,2026-09-13T12:15:00+00:00,101,1200,8.4167,synthetic
war_memorial,2026-09-13T12:30:00+00:00,107,1200,8.9167,synthetic
war_memorial,2026-09-13T12:45:00+00:00,137,1200,11.4167,synthetic
war_memorial,2026-09-13T13:00:00+00:00,181,1200,15.0833,synthetic
war_memorial,2026-09-13T13:15:00+00:00,173,1200,14.4167,synthetic
war_memorial,2026-09-13T13:30:00+00:00,233,1200,19.4167,synthetic
war_memorial,2026-09-13T13:45:00+00:00,228,1200,19.0,synthetic
war_memorial,2026-09-13T14:00:00+00:00,288,1200,24.0,synthetic
war_memorial,2026-09-13T14:15:00+00:00,340,1200,28.3333,synthetic
war_memorial,2026-09-13T14:30:00+00:00,394,1200,32.8333,synthetic
war_memorial,2026-09-13T14:45:00+00:00,448,1200,37.3333,synthetic
war_memorial,2026-09-13T15:00:00+00:00,483,1200,40.25,synthetic
war_memorial,2026-09-13T15:15:00+00:00,569,1200,47.4167,synthetic
war_memorial,2026-09-13T15:30:00+00:00,630,1200,52.5,synthetic
war_memorial,2026-09-13T15:45:00+00:00,653,1200,54.4167,synthetic
war_memorial,2026-09-13T16:00:00+00:00,735,1200,61.25,synthetic
war_memorial,2026-09-13T16:15:00+00:00,763,1200,63.5833,synthetic
war_memorial,2026-09-13T16:30:00+00:00,793,1200,66.0833,synthetic
war_memorial,2026-09-13T16:45:00+00:00,863,1200,71.9167,synthetic
war_memorial,2026-09-13T17:00:00+00:00,849,1200,70.75,synthetic
war_memorial,2026-09-13T17:15:00+00:00,890,1200,74.1667,synthetic
war_memorial,2026-09-13T17:30:00+00:00,884,1200,73.6667,synthetic
war_memorial,2026-09-13T17:45:00+00:00,917,1200,76.4167,synthetic
war_memorial,2026-09-13T18:00:00+00:00,899,1200,74.9167,synthetic
war_memorial,2026-09-13T18:15:00+00:00,882,1200,73.5,synthetic
war_memorial,2026-09-13T18:30:00+00:00,951,1200,79.25,synthetic
war_memorial,2026-09-13T18:45:00+00:00,887,1200,73.9167,synthetic
war_memorial,2026-09-13T19:00:00+00:00,865,1200,72.0833,synthetic
war_memorial,2026-09-13T19:15:00+00:00,877,1200,73.0833,synthetic
war_memorial,2026-09-13T19:30:00+00:00,849,1200,70.75,synthetic
war_memorial,2026-09-13T19:45:00+00:00,812,1200,67.6667,synthetic
war_memorial,2026-09-13T20:00:00+00:00,801,1200,66.75,synthetic
war_memorial,2026-09-13T20:15:00+00:00,759,1200,63.25,synthetic
war_memorial,2026-09-13T20:30:00+00:00,744,1200,62.0,synthetic
war_memorial,2026-09-13T20:45:00+00:00,664,1200,55.3333,synthetic
war_memorial,2026-09-13T21:00:00+00:00,629,1200,52.4167,synthetic
war_memorial,2026-09-13T21:15:00+00:00,539,1200,44.9167,synthetic
war_memorial,2026-09-13T21:30:00+00:00,479,1200,39.9167,synthetic
war_memorial,2026-09-13T21:45:00+00:00,412,1200,34.3333,synthetic
war_memorial,2026-09-13T22:00:00+00:00,377,1200,31.4167,synthetic
war_memorial,2026-09-13T22:15:00+00:00,323,1200,26.9167,synthetic
war_memorial,2026-09-13T22:30:00+00:00,301,1200,25.0833,synthetic
war_memorial,2026-09-13T22:45:00+00:00,279,1200,23.25,synthetic
war_memorial,2026-09-13T23:00:00+00:00,278,1200,23.1667,synthetic
war_memorial,2026-09-13T23:15:00+00:00,249,1200,20.75,synthetic
war_memorial,2026-09-13T23:30:00+00:00,209,1200,17.4167,synthetic
war_memorial,2026-09-13T23:45:00+00:00,187,1200,15.5833,synthetic
war_memorial,2026-09-14T00:00:00+00:00,173,1200,14.4167,synthetic
war_memorial,2026-09-14T00:15:00+00:00,126,1200,10.5,synthetic
war_memorial,2026-09-14T00:30:00+00:00,108,1200,9.0,synthetic
war_memorial,2026-09-14T00:45:00+00:00,147,1200,12.25,synthetic
war_memorial,2026-09-14T01:00:00+00:00,137,1200,11.4167,synthetic
war_memorial,2026-09-14T01:15:00+00:00,134,1200,11.1667,synthetic
war_memorial,2026-09-14T01:30:00+00:00,127,1200,10.5833,synthetic
war_memorial,2026-09-14T01:45:00+00:00,122,1200,10.1667,synthetic
war_memorial,2026-09-14T02:00:00+00:00,178,1200,14.8333,synthetic
war_memorial,2026-09-14T02:15:00+00:00,175,1200,14.5833,synthetic
war_memorial,2026-09-14T02:30:00+00:00,154,1200,12.8333,synthetic
war_memorial,2026-09-14T02:45:00+00:00,192,1200,16.0,synthetic
war_memorial,2026-09-14T03:00:00+00:00,177,1200,14.75,synthetic
war_memorial,2026-09-14T03:15:00+00:00,199,1200,16.5833,synthetic
war_memorial,2026-09-14T03:30:00+00:00,162,1200,13.5,synthetic
war_memorial,2026-09-14T03:45:00+00:00,169,1200,14.0833,synthetic
